[asm] 1828 rows, model=bihalofit, cutoff=3840, windows=[(60, 120), (120, 240), (240, 480), (480, 960), (960, 1920), (1920, 3840)]
[asm] -> /Users/zzhang/Documents/MyDrafts/STF_lensing/driver_field_emulators/products/table_bihalofit_cut3840_r4.npz (1.5 MB)
[run_FF_single] kappa2 = kappa2_grid_lcut0_low_empty.npz
[run_FF_single] sigma2 = disabled
[run_FF_single] sweep.n_gauss = 24
[run_FF_single] expand.orders = (0, 2)
[run_FF_single] -> /Users/zzhang/Documents/MyDrafts/STF_lensing/driver_field_emulators/products/table_bihalofit_cut3840_r4_xi.npz
[etl-callable] loaded 6/6 nonzero channels ('zeta_TTT', 'zeta_TTP', 'zeta_TPP', 'zeta_PPP', 'zeta_Bmod', 'zeta_Dmod') (U=498, N_lam=16) from table_bihalofit_cut3840_r4.npz
[etl-callable] loaded 6/6 nonzero channels ('zeta_TTT', 'zeta_TTP', 'zeta_TPP', 'zeta_PPP', 'zeta_Bmod', 'zeta_Dmod') (U=498, N_lam=16) from table_bihalofit_cut3840_r4.npz
/opt/homebrew/Caskroom/miniconda/base/envs/sft-wick/lib/python3.14/site-packages/joblib/externals/loky/process_executor.py:782: UserWarning: A worker stopped while some jobs were given to the executor. This can be caused by a too short worker timeout or by a memory leak.
  warnings.warn(
[etl-callable] loaded 6/6 nonzero channels ('zeta_TTT', 'zeta_TTP', 'zeta_TPP', 'zeta_PPP', 'zeta_Bmod', 'zeta_Dmod') (U=498, N_lam=16) from table_bihalofit_cut3840_r4.npz
[etl-callable] loaded 6/6 nonzero channels ('zeta_TTT', 'zeta_TTP', 'zeta_TPP', 'zeta_PPP', 'zeta_Bmod', 'zeta_Dmod') (U=498, N_lam=16) from table_bihalofit_cut3840_r4.npz
[etl-callable] loaded 6/6 nonzero channels ('zeta_TTT', 'zeta_TTP', 'zeta_TPP', 'zeta_PPP', 'zeta_Bmod', 'zeta_Dmod') (U=498, N_lam=16) from table_bihalofit_cut3840_r4.npz
[etl-callable] loaded 6/6 nonzero channels ('zeta_TTT', 'zeta_TTP', 'zeta_TPP', 'zeta_PPP', 'zeta_Bmod', 'zeta_Dmod') (U=498, N_lam=16) from table_bihalofit_cut3840_r4.npz
[etl-callable] loaded 6/6 nonzero channels ('zeta_TTT', 'zeta_TTP', 'zeta_TPP', 'zeta_PPP', 'zeta_Bmod', 'zeta_Dmod') (U=498, N_lam=16) from table_bihalofit_cut3840_r4.npz
[etl-callable] loaded 6/6 nonzero channels ('zeta_TTT', 'zeta_TTP', 'zeta_TPP', 'zeta_PPP', 'zeta_Bmod', 'zeta_Dmod') (U=498, N_lam=16) from table_bihalofit_cut3840_r4.npz
[etl-callable] loaded 6/6 nonzero channels ('zeta_TTT', 'zeta_TTP', 'zeta_TPP', 'zeta_PPP', 'zeta_Bmod', 'zeta_Dmod') (U=498, N_lam=16) from table_bihalofit_cut3840_r4.npz
[etl-callable] loaded 6/6 nonzero channels ('zeta_TTT', 'zeta_TTP', 'zeta_TPP', 'zeta_PPP', 'zeta_Bmod', 'zeta_Dmod') (U=498, N_lam=16) from table_bihalofit_cut3840_r4.npz
[etl-callable] loaded 6/6 nonzero channels ('zeta_TTT', 'zeta_TTP', 'zeta_TPP', 'zeta_PPP', 'zeta_Bmod', 'zeta_Dmod') (U=498, N_lam=16) from table_bihalofit_cut3840_r4.npz
[etl-callable] loaded 6/6 nonzero channels ('zeta_TTT', 'zeta_TTP', 'zeta_TPP', 'zeta_PPP', 'zeta_Bmod', 'zeta_Dmod') (U=498, N_lam=16) from table_bihalofit_cut3840_r4.npz
[etl-callable] loaded 6/6 nonzero channels ('zeta_TTT', 'zeta_TTP', 'zeta_TPP', 'zeta_PPP', 'zeta_Bmod', 'zeta_Dmod') (U=498, N_lam=16) from table_bihalofit_cut3840_r4.npz
[etl-callable] loaded 6/6 nonzero channels ('zeta_TTT', 'zeta_TTP', 'zeta_TPP', 'zeta_PPP', 'zeta_Bmod', 'zeta_Dmod') (U=498, N_lam=16) from table_bihalofit_cut3840_r4.npz
[etl-callable] loaded 6/6 nonzero channels ('zeta_TTT', 'zeta_TTP', 'zeta_TPP', 'zeta_PPP', 'zeta_Bmod', 'zeta_Dmod') (U=498, N_lam=16) from table_bihalofit_cut3840_r4.npz
[etl-callable] loaded 6/6 nonzero channels ('zeta_TTT', 'zeta_TTP', 'zeta_TPP', 'zeta_PPP', 'zeta_Bmod', 'zeta_Dmod') (U=498, N_lam=16) from table_bihalofit_cut3840_r4.npz
[etl-callable] loaded 6/6 nonzero channels ('zeta_TTT', 'zeta_TTP', 'zeta_TPP', 'zeta_PPP', 'zeta_Bmod', 'zeta_Dmod') (U=498, N_lam=16) from table_bihalofit_cut3840_r4.npz
[etl-callable] loaded 6/6 nonzero channels ('zeta_TTT', 'zeta_TTP', 'zeta_TPP', 'zeta_PPP', 'zeta_Bmod', 'zeta_Dmod') (U=498, N_lam=16) from table_bihalofit_cut3840_r4.npz
[etl-callable] loaded 6/6 nonzero channels ('zeta_TTT', 'zeta_TTP', 'zeta_TPP', 'zeta_PPP', 'zeta_Bmod', 'zeta_Dmod') (U=498, N_lam=16) from table_bihalofit_cut3840_r4.npz
[etl-callable] loaded 6/6 nonzero channels ('zeta_TTT', 'zeta_TTP', 'zeta_TPP', 'zeta_PPP', 'zeta_Bmod', 'zeta_Dmod') (U=498, N_lam=16) from table_bihalofit_cut3840_r4.npz
[etl-callable] loaded 6/6 nonzero channels ('zeta_TTT', 'zeta_TTP', 'zeta_TPP', 'zeta_PPP', 'zeta_Bmod', 'zeta_Dmod') (U=498, N_lam=16) from table_bihalofit_cut3840_r4.npz
[etl-callable] loaded 6/6 nonzero channels ('zeta_TTT', 'zeta_TTP', 'zeta_TPP', 'zeta_PPP', 'zeta_Bmod', 'zeta_Dmod') (U=498, N_lam=16) from table_bihalofit_cut3840_r4.npz
[etl-callable] loaded 6/6 nonzero channels ('zeta_TTT', 'zeta_TTP', 'zeta_TPP', 'zeta_PPP', 'zeta_Bmod', 'zeta_Dmod') (U=498, N_lam=16) from table_bihalofit_cut3840_r4.npz
[etl-callable] loaded 6/6 nonzero channels ('zeta_TTT', 'zeta_TTP', 'zeta_TPP', 'zeta_PPP', 'zeta_Bmod', 'zeta_Dmod') (U=498, N_lam=16) from table_bihalofit_cut3840_r4.npz
[etl-callable] loaded 6/6 nonzero channels ('zeta_TTT', 'zeta_TTP', 'zeta_TPP', 'zeta_PPP', 'zeta_Bmod', 'zeta_Dmod') (U=498, N_lam=16) from table_bihalofit_cut3840_r4.npz
[etl-callable] loaded 6/6 nonzero channels ('zeta_TTT', 'zeta_TTP', 'zeta_TPP', 'zeta_PPP', 'zeta_Bmod', 'zeta_Dmod') (U=498, N_lam=16) from table_bihalofit_cut3840_r4.npz
[etl-callable] loaded 6/6 nonzero channels ('zeta_TTT', 'zeta_TTP', 'zeta_TPP', 'zeta_PPP', 'zeta_Bmod', 'zeta_Dmod') (U=498, N_lam=16) from table_bihalofit_cut3840_r4.npz
[etl-callable] loaded 6/6 nonzero channels ('zeta_TTT', 'zeta_TTP', 'zeta_TPP', 'zeta_PPP', 'zeta_Bmod', 'zeta_Dmod') (U=498, N_lam=16) from table_bihalofit_cut3840_r4.npz
[etl-callable] loaded 6/6 nonzero channels ('zeta_TTT', 'zeta_TTP', 'zeta_TPP', 'zeta_PPP', 'zeta_Bmod', 'zeta_Dmod') (U=498, N_lam=16) from table_bihalofit_cut3840_r4.npz
[etl-callable] loaded 6/6 nonzero channels ('zeta_TTT', 'zeta_TTP', 'zeta_TPP', 'zeta_PPP', 'zeta_Bmod', 'zeta_Dmod') (U=498, N_lam=16) from table_bihalofit_cut3840_r4.npz
[etl-callable] loaded 6/6 nonzero channels ('zeta_TTT', 'zeta_TTP', 'zeta_TPP', 'zeta_PPP', 'zeta_Bmod', 'zeta_Dmod') (U=498, N_lam=16) from table_bihalofit_cut3840_r4.npz
[etl-callable] loaded 6/6 nonzero channels ('zeta_TTT', 'zeta_TTP', 'zeta_TPP', 'zeta_PPP', 'zeta_Bmod', 'zeta_Dmod') (U=498, N_lam=16) from table_bihalofit_cut3840_r4.npz
[etl-callable] loaded 6/6 nonzero channels ('zeta_TTT', 'zeta_TTP', 'zeta_TPP', 'zeta_PPP', 'zeta_Bmod', 'zeta_Dmod') (U=498, N_lam=16) from table_bihalofit_cut3840_r4.npz
[etl-callable] loaded 6/6 nonzero channels ('zeta_TTT', 'zeta_TTP', 'zeta_TPP', 'zeta_PPP', 'zeta_Bmod', 'zeta_Dmod') (U=498, N_lam=16) from table_bihalofit_cut3840_r4.npz
[etl-callable] loaded 6/6 nonzero channels ('zeta_TTT', 'zeta_TTP', 'zeta_TPP', 'zeta_PPP', 'zeta_Bmod', 'zeta_Dmod') (U=498, N_lam=16) from table_bihalofit_cut3840_r4.npz
[etl-callable] loaded 6/6 nonzero channels ('zeta_TTT', 'zeta_TTP', 'zeta_TPP', 'zeta_PPP', 'zeta_Bmod', 'zeta_Dmod') (U=498, N_lam=16) from table_bihalofit_cut3840_r4.npz
[etl-callable] loaded 6/6 nonzero channels ('zeta_TTT', 'zeta_TTP', 'zeta_TPP', 'zeta_PPP', 'zeta_Bmod', 'zeta_Dmod') (U=498, N_lam=16) from table_bihalofit_cut3840_r4.npz
[etl-callable] loaded 6/6 nonzero channels ('zeta_TTT', 'zeta_TTP', 'zeta_TPP', 'zeta_PPP', 'zeta_Bmod', 'zeta_Dmod') (U=498, N_lam=16) from table_bihalofit_cut3840_r4.npz
[etl-callable] loaded 6/6 nonzero channels ('zeta_TTT', 'zeta_TTP', 'zeta_TPP', 'zeta_PPP', 'zeta_Bmod', 'zeta_Dmod') (U=498, N_lam=16) from table_bihalofit_cut3840_r4.npz
[etl-callable] loaded 6/6 nonzero channels ('zeta_TTT', 'zeta_TTP', 'zeta_TPP', 'zeta_PPP', 'zeta_Bmod', 'zeta_Dmod') (U=498, N_lam=16) from table_bihalofit_cut3840_r4.npz
[etl-callable] loaded 6/6 nonzero channels ('zeta_TTT', 'zeta_TTP', 'zeta_TPP', 'zeta_PPP', 'zeta_Bmod', 'zeta_Dmod') (U=498, N_lam=16) from table_bihalofit_cut3840_r4.npz
[etl-callable] loaded 6/6 nonzero channels ('zeta_TTT', 'zeta_TTP', 'zeta_TPP', 'zeta_PPP', 'zeta_Bmod', 'zeta_Dmod') (U=498, N_lam=16) from table_bihalofit_cut3840_r4.npz
[etl-callable] loaded 6/6 nonzero channels ('zeta_TTT', 'zeta_TTP', 'zeta_TPP', 'zeta_PPP', 'zeta_Bmod', 'zeta_Dmod') (U=498, N_lam=16) from table_bihalofit_cut3840_r4.npz
[etl-callable] loaded 6/6 nonzero channels ('zeta_TTT', 'zeta_TTP', 'zeta_TPP', 'zeta_PPP', 'zeta_Bmod', 'zeta_Dmod') (U=498, N_lam=16) from table_bihalofit_cut3840_r4.npz
[etl-callable] loaded 6/6 nonzero channels ('zeta_TTT', 'zeta_TTP', 'zeta_TPP', 'zeta_PPP', 'zeta_Bmod', 'zeta_Dmod') (U=498, N_lam=16) from table_bihalofit_cut3840_r4.npz
[etl-callable] loaded 6/6 nonzero channels ('zeta_TTT', 'zeta_TTP', 'zeta_TPP', 'zeta_PPP', 'zeta_Bmod', 'zeta_Dmod') (U=498, N_lam=16) from table_bihalofit_cut3840_r4.npz
[etl-callable] loaded 6/6 nonzero channels ('zeta_TTT', 'zeta_TTP', 'zeta_TPP', 'zeta_PPP', 'zeta_Bmod', 'zeta_Dmod') (U=498, N_lam=16) from table_bihalofit_cut3840_r4.npz
[etl-callable] loaded 6/6 nonzero channels ('zeta_TTT', 'zeta_TTP', 'zeta_TPP', 'zeta_PPP', 'zeta_Bmod', 'zeta_Dmod') (U=498, N_lam=16) from table_bihalofit_cut3840_r4.npz
[etl-callable] loaded 6/6 nonzero channels ('zeta_TTT', 'zeta_TTP', 'zeta_TPP', 'zeta_PPP', 'zeta_Bmod', 'zeta_Dmod') (U=498, N_lam=16) from table_bihalofit_cut3840_r4.npz
[etl-callable] loaded 6/6 nonzero channels ('zeta_TTT', 'zeta_TTP', 'zeta_TPP', 'zeta_PPP', 'zeta_Bmod', 'zeta_Dmod') (U=498, N_lam=16) from table_bihalofit_cut3840_r4.npz
[etl-callable] loaded 6/6 nonzero channels ('zeta_TTT', 'zeta_TTP', 'zeta_TPP', 'zeta_PPP', 'zeta_Bmod', 'zeta_Dmod') (U=498, N_lam=16) from table_bihalofit_cut3840_r4.npz
[etl-callable] loaded 6/6 nonzero channels ('zeta_TTT', 'zeta_TTP', 'zeta_TPP', 'zeta_PPP', 'zeta_Bmod', 'zeta_Dmod') (U=498, N_lam=16) from table_bihalofit_cut3840_r4.npz
[etl-callable] loaded 6/6 nonzero channels ('zeta_TTT', 'zeta_TTP', 'zeta_TPP', 'zeta_PPP', 'zeta_Bmod', 'zeta_Dmod') (U=498, N_lam=16) from table_bihalofit_cut3840_r4.npz
[etl-callable] loaded 6/6 nonzero channels ('zeta_TTT', 'zeta_TTP', 'zeta_TPP', 'zeta_PPP', 'zeta_Bmod', 'zeta_Dmod') (U=498, N_lam=16) from table_bihalofit_cut3840_r4.npz
[etl-callable] loaded 6/6 nonzero channels ('zeta_TTT', 'zeta_TTP', 'zeta_TPP', 'zeta_PPP', 'zeta_Bmod', 'zeta_Dmod') (U=498, N_lam=16) from table_bihalofit_cut3840_r4.npz
[etl-callable] loaded 6/6 nonzero channels ('zeta_TTT', 'zeta_TTP', 'zeta_TPP', 'zeta_PPP', 'zeta_Bmod', 'zeta_Dmod') (U=498, N_lam=16) from table_bihalofit_cut3840_r4.npz
[etl-callable] loaded 6/6 nonzero channels ('zeta_TTT', 'zeta_TTP', 'zeta_TPP', 'zeta_PPP', 'zeta_Bmod', 'zeta_Dmod') (U=498, N_lam=16) from table_bihalofit_cut3840_r4.npz
[etl-callable] loaded 6/6 nonzero channels ('zeta_TTT', 'zeta_TTP', 'zeta_TPP', 'zeta_PPP', 'zeta_Bmod', 'zeta_Dmod') (U=498, N_lam=16) from table_bihalofit_cut3840_r4.npz
[etl-callable] loaded 6/6 nonzero channels ('zeta_TTT', 'zeta_TTP', 'zeta_TPP', 'zeta_PPP', 'zeta_Bmod', 'zeta_Dmod') (U=498, N_lam=16) from table_bihalofit_cut3840_r4.npz
[etl-callable] loaded 6/6 nonzero channels ('zeta_TTT', 'zeta_TTP', 'zeta_TPP', 'zeta_PPP', 'zeta_Bmod', 'zeta_Dmod') (U=498, N_lam=16) from table_bihalofit_cut3840_r4.npz
[etl-callable] loaded 6/6 nonzero channels ('zeta_TTT', 'zeta_TTP', 'zeta_TPP', 'zeta_PPP', 'zeta_Bmod', 'zeta_Dmod') (U=498, N_lam=16) from table_bihalofit_cut3840_r4.npz
[etl-callable] loaded 6/6 nonzero channels ('zeta_TTT', 'zeta_TTP', 'zeta_TPP', 'zeta_PPP', 'zeta_Bmod', 'zeta_Dmod') (U=498, N_lam=16) from table_bihalofit_cut3840_r4.npz
[etl-callable] loaded 6/6 nonzero channels ('zeta_TTT', 'zeta_TTP', 'zeta_TPP', 'zeta_PPP', 'zeta_Bmod', 'zeta_Dmod') (U=498, N_lam=16) from table_bihalofit_cut3840_r4.npz
[etl-callable] loaded 6/6 nonzero channels ('zeta_TTT', 'zeta_TTP', 'zeta_TPP', 'zeta_PPP', 'zeta_Bmod', 'zeta_Dmod') (U=498, N_lam=16) from table_bihalofit_cut3840_r4.npz
[etl-callable] loaded 6/6 nonzero channels ('zeta_TTT', 'zeta_TTP', 'zeta_TPP', 'zeta_PPP', 'zeta_Bmod', 'zeta_Dmod') (U=498, N_lam=16) from table_bihalofit_cut3840_r4.npz
[etl-callable] loaded 6/6 nonzero channels ('zeta_TTT', 'zeta_TTP', 'zeta_TPP', 'zeta_PPP', 'zeta_Bmod', 'zeta_Dmod') (U=498, N_lam=16) from table_bihalofit_cut3840_r4.npz
[etl-callable] loaded 6/6 nonzero channels ('zeta_TTT', 'zeta_TTP', 'zeta_TPP', 'zeta_PPP', 'zeta_Bmod', 'zeta_Dmod') (U=498, N_lam=16) from table_bihalofit_cut3840_r4.npz
[etl-callable] loaded 6/6 nonzero channels ('zeta_TTT', 'zeta_TTP', 'zeta_TPP', 'zeta_PPP', 'zeta_Bmod', 'zeta_Dmod') (U=498, N_lam=16) from table_bihalofit_cut3840_r4.npz
[etl-callable] loaded 6/6 nonzero channels ('zeta_TTT', 'zeta_TTP', 'zeta_TPP', 'zeta_PPP', 'zeta_Bmod', 'zeta_Dmod') (U=498, N_lam=16) from table_bihalofit_cut3840_r4.npz
[etl-callable] loaded 6/6 nonzero channels ('zeta_TTT', 'zeta_TTP', 'zeta_TPP', 'zeta_PPP', 'zeta_Bmod', 'zeta_Dmod') (U=498, N_lam=16) from table_bihalofit_cut3840_r4.npz
[etl-callable] loaded 6/6 nonzero channels ('zeta_TTT', 'zeta_TTP', 'zeta_TPP', 'zeta_PPP', 'zeta_Bmod', 'zeta_Dmod') (U=498, N_lam=16) from table_bihalofit_cut3840_r4.npz
[etl-callable] loaded 6/6 nonzero channels ('zeta_TTT', 'zeta_TTP', 'zeta_TPP', 'zeta_PPP', 'zeta_Bmod', 'zeta_Dmod') (U=498, N_lam=16) from table_bihalofit_cut3840_r4.npz
[etl-callable] loaded 6/6 nonzero channels ('zeta_TTT', 'zeta_TTP', 'zeta_TPP', 'zeta_PPP', 'zeta_Bmod', 'zeta_Dmod') (U=498, N_lam=16) from table_bihalofit_cut3840_r4.npz
[etl-callable] loaded 6/6 nonzero channels ('zeta_TTT', 'zeta_TTP', 'zeta_TPP', 'zeta_PPP', 'zeta_Bmod', 'zeta_Dmod') (U=498, N_lam=16) from table_bihalofit_cut3840_r4.npz
[etl-callable] loaded 6/6 nonzero channels ('zeta_TTT', 'zeta_TTP', 'zeta_TPP', 'zeta_PPP', 'zeta_Bmod', 'zeta_Dmod') (U=498, N_lam=16) from table_bihalofit_cut3840_r4.npz
[etl-callable] loaded 6/6 nonzero channels ('zeta_TTT', 'zeta_TTP', 'zeta_TPP', 'zeta_PPP', 'zeta_Bmod', 'zeta_Dmod') (U=498, N_lam=16) from table_bihalofit_cut3840_r4.npz
[etl-callable] loaded 6/6 nonzero channels ('zeta_TTT', 'zeta_TTP', 'zeta_TPP', 'zeta_PPP', 'zeta_Bmod', 'zeta_Dmod') (U=498, N_lam=16) from table_bihalofit_cut3840_r4.npz
[etl-callable] loaded 6/6 nonzero channels ('zeta_TTT', 'zeta_TTP', 'zeta_TPP', 'zeta_PPP', 'zeta_Bmod', 'zeta_Dmod') (U=498, N_lam=16) from table_bihalofit_cut3840_r4.npz
[etl-callable] loaded 6/6 nonzero channels ('zeta_TTT', 'zeta_TTP', 'zeta_TPP', 'zeta_PPP', 'zeta_Bmod', 'zeta_Dmod') (U=498, N_lam=16) from table_bihalofit_cut3840_r4.npz
[etl-callable] loaded 6/6 nonzero channels ('zeta_TTT', 'zeta_TTP', 'zeta_TPP', 'zeta_PPP', 'zeta_Bmod', 'zeta_Dmod') (U=498, N_lam=16) from table_bihalofit_cut3840_r4.npz
[etl-callable] loaded 6/6 nonzero channels ('zeta_TTT', 'zeta_TTP', 'zeta_TPP', 'zeta_PPP', 'zeta_Bmod', 'zeta_Dmod') (U=498, N_lam=16) from table_bihalofit_cut3840_r4.npz
[etl-callable] loaded 6/6 nonzero channels ('zeta_TTT', 'zeta_TTP', 'zeta_TPP', 'zeta_PPP', 'zeta_Bmod', 'zeta_Dmod') (U=498, N_lam=16) from table_bihalofit_cut3840_r4.npz
[etl-callable] loaded 6/6 nonzero channels ('zeta_TTT', 'zeta_TTP', 'zeta_TPP', 'zeta_PPP', 'zeta_Bmod', 'zeta_Dmod') (U=498, N_lam=16) from table_bihalofit_cut3840_r4.npz
[etl-callable] loaded 6/6 nonzero channels ('zeta_TTT', 'zeta_TTP', 'zeta_TPP', 'zeta_PPP', 'zeta_Bmod', 'zeta_Dmod') (U=498, N_lam=16) from table_bihalofit_cut3840_r4.npz
[etl-callable] loaded 6/6 nonzero channels ('zeta_TTT', 'zeta_TTP', 'zeta_TPP', 'zeta_PPP', 'zeta_Bmod', 'zeta_Dmod') (U=498, N_lam=16) from table_bihalofit_cut3840_r4.npz
[etl-callable] loaded 6/6 nonzero channels ('zeta_TTT', 'zeta_TTP', 'zeta_TPP', 'zeta_PPP', 'zeta_Bmod', 'zeta_Dmod') (U=498, N_lam=16) from table_bihalofit_cut3840_r4.npz
[etl-callable] loaded 6/6 nonzero channels ('zeta_TTT', 'zeta_TTP', 'zeta_TPP', 'zeta_PPP', 'zeta_Bmod', 'zeta_Dmod') (U=498, N_lam=16) from table_bihalofit_cut3840_r4.npz
[etl-callable] loaded 6/6 nonzero channels ('zeta_TTT', 'zeta_TTP', 'zeta_TPP', 'zeta_PPP', 'zeta_Bmod', 'zeta_Dmod') (U=498, N_lam=16) from table_bihalofit_cut3840_r4.npz
[etl-callable] loaded 6/6 nonzero channels ('zeta_TTT', 'zeta_TTP', 'zeta_TPP', 'zeta_PPP', 'zeta_Bmod', 'zeta_Dmod') (U=498, N_lam=16) from table_bihalofit_cut3840_r4.npz
[etl-callable] loaded 6/6 nonzero channels ('zeta_TTT', 'zeta_TTP', 'zeta_TPP', 'zeta_PPP', 'zeta_Bmod', 'zeta_Dmod') (U=498, N_lam=16) from table_bihalofit_cut3840_r4.npz
[etl-callable] loaded 6/6 nonzero channels ('zeta_TTT', 'zeta_TTP', 'zeta_TPP', 'zeta_PPP', 'zeta_Bmod', 'zeta_Dmod') (U=498, N_lam=16) from table_bihalofit_cut3840_r4.npz
[etl-callable] loaded 6/6 nonzero channels ('zeta_TTT', 'zeta_TTP', 'zeta_TPP', 'zeta_PPP', 'zeta_Bmod', 'zeta_Dmod') (U=498, N_lam=16) from table_bihalofit_cut3840_r4.npz
[etl-callable] loaded 6/6 nonzero channels ('zeta_TTT', 'zeta_TTP', 'zeta_TPP', 'zeta_PPP', 'zeta_Bmod', 'zeta_Dmod') (U=498, N_lam=16) from table_bihalofit_cut3840_r4.npz
[etl-callable] loaded 6/6 nonzero channels ('zeta_TTT', 'zeta_TTP', 'zeta_TPP', 'zeta_PPP', 'zeta_Bmod', 'zeta_Dmod') (U=498, N_lam=16) from table_bihalofit_cut3840_r4.npz
[etl-callable] loaded 6/6 nonzero channels ('zeta_TTT', 'zeta_TTP', 'zeta_TPP', 'zeta_PPP', 'zeta_Bmod', 'zeta_Dmod') (U=498, N_lam=16) from table_bihalofit_cut3840_r4.npz
[etl-callable] loaded 6/6 nonzero channels ('zeta_TTT', 'zeta_TTP', 'zeta_TPP', 'zeta_PPP', 'zeta_Bmod', 'zeta_Dmod') (U=498, N_lam=16) from table_bihalofit_cut3840_r4.npz
[etl-callable] loaded 6/6 nonzero channels ('zeta_TTT', 'zeta_TTP', 'zeta_TPP', 'zeta_PPP', 'zeta_Bmod', 'zeta_Dmod') (U=498, N_lam=16) from table_bihalofit_cut3840_r4.npz
[etl-callable] loaded 6/6 nonzero channels ('zeta_TTT', 'zeta_TTP', 'zeta_TPP', 'zeta_PPP', 'zeta_Bmod', 'zeta_Dmod') (U=498, N_lam=16) from table_bihalofit_cut3840_r4.npz
[etl-callable] loaded 6/6 nonzero channels ('zeta_TTT', 'zeta_TTP', 'zeta_TPP', 'zeta_PPP', 'zeta_Bmod', 'zeta_Dmod') (U=498, N_lam=16) from table_bihalofit_cut3840_r4.npz
[etl-callable] loaded 6/6 nonzero channels ('zeta_TTT', 'zeta_TTP', 'zeta_TPP', 'zeta_PPP', 'zeta_Bmod', 'zeta_Dmod') (U=498, N_lam=16) from table_bihalofit_cut3840_r4.npz
[etl-callable] loaded 6/6 nonzero channels ('zeta_TTT', 'zeta_TTP', 'zeta_TPP', 'zeta_PPP', 'zeta_Bmod', 'zeta_Dmod') (U=498, N_lam=16) from table_bihalofit_cut3840_r4.npz
[etl-callable] loaded 6/6 nonzero channels ('zeta_TTT', 'zeta_TTP', 'zeta_TPP', 'zeta_PPP', 'zeta_Bmod', 'zeta_Dmod') (U=498, N_lam=16) from table_bihalofit_cut3840_r4.npz
[etl-callable] loaded 6/6 nonzero channels ('zeta_TTT', 'zeta_TTP', 'zeta_TPP', 'zeta_PPP', 'zeta_Bmod', 'zeta_Dmod') (U=498, N_lam=16) from table_bihalofit_cut3840_r4.npz
[etl-callable] loaded 6/6 nonzero channels ('zeta_TTT', 'zeta_TTP', 'zeta_TPP', 'zeta_PPP', 'zeta_Bmod', 'zeta_Dmod') (U=498, N_lam=16) from table_bihalofit_cut3840_r4.npz
[etl-callable] loaded 6/6 nonzero channels ('zeta_TTT', 'zeta_TTP', 'zeta_TPP', 'zeta_PPP', 'zeta_Bmod', 'zeta_Dmod') (U=498, N_lam=16) from table_bihalofit_cut3840_r4.npz
[etl-callable] loaded 6/6 nonzero channels ('zeta_TTT', 'zeta_TTP', 'zeta_TPP', 'zeta_PPP', 'zeta_Bmod', 'zeta_Dmod') (U=498, N_lam=16) from table_bihalofit_cut3840_r4.npz
[etl-callable] loaded 6/6 nonzero channels ('zeta_TTT', 'zeta_TTP', 'zeta_TPP', 'zeta_PPP', 'zeta_Bmod', 'zeta_Dmod') (U=498, N_lam=16) from table_bihalofit_cut3840_r4.npz
[etl-callable] loaded 6/6 nonzero channels ('zeta_TTT', 'zeta_TTP', 'zeta_TPP', 'zeta_PPP', 'zeta_Bmod', 'zeta_Dmod') (U=498, N_lam=16) from table_bihalofit_cut3840_r4.npz
[etl-callable] loaded 6/6 nonzero channels ('zeta_TTT', 'zeta_TTP', 'zeta_TPP', 'zeta_PPP', 'zeta_Bmod', 'zeta_Dmod') (U=498, N_lam=16) from table_bihalofit_cut3840_r4.npz
[etl-callable] loaded 6/6 nonzero channels ('zeta_TTT', 'zeta_TTP', 'zeta_TPP', 'zeta_PPP', 'zeta_Bmod', 'zeta_Dmod') (U=498, N_lam=16) from table_bihalofit_cut3840_r4.npz
[etl-callable] loaded 6/6 nonzero channels ('zeta_TTT', 'zeta_TTP', 'zeta_TPP', 'zeta_PPP', 'zeta_Bmod', 'zeta_Dmod') (U=498, N_lam=16) from table_bihalofit_cut3840_r4.npz
[etl-callable] loaded 6/6 nonzero channels ('zeta_TTT', 'zeta_TTP', 'zeta_TPP', 'zeta_PPP', 'zeta_Bmod', 'zeta_Dmod') (U=498, N_lam=16) from table_bihalofit_cut3840_r4.npz
[etl-callable] loaded 6/6 nonzero channels ('zeta_TTT', 'zeta_TTP', 'zeta_TPP', 'zeta_PPP', 'zeta_Bmod', 'zeta_Dmod') (U=498, N_lam=16) from table_bihalofit_cut3840_r4.npz
[etl-callable] loaded 6/6 nonzero channels ('zeta_TTT', 'zeta_TTP', 'zeta_TPP', 'zeta_PPP', 'zeta_Bmod', 'zeta_Dmod') (U=498, N_lam=16) from table_bihalofit_cut3840_r4.npz
[etl-callable] loaded 6/6 nonzero channels ('zeta_TTT', 'zeta_TTP', 'zeta_TPP', 'zeta_PPP', 'zeta_Bmod', 'zeta_Dmod') (U=498, N_lam=16) from table_bihalofit_cut3840_r4.npz
[etl-callable] loaded 6/6 nonzero channels ('zeta_TTT', 'zeta_TTP', 'zeta_TPP', 'zeta_PPP', 'zeta_Bmod', 'zeta_Dmod') (U=498, N_lam=16) from table_bihalofit_cut3840_r4.npz
[etl-callable] loaded 6/6 nonzero channels ('zeta_TTT', 'zeta_TTP', 'zeta_TPP', 'zeta_PPP', 'zeta_Bmod', 'zeta_Dmod') (U=498, N_lam=16) from table_bihalofit_cut3840_r4.npz
[etl-callable] loaded 6/6 nonzero channels ('zeta_TTT', 'zeta_TTP', 'zeta_TPP', 'zeta_PPP', 'zeta_Bmod', 'zeta_Dmod') (U=498, N_lam=16) from table_bihalofit_cut3840_r4.npz
[etl-callable] loaded 6/6 nonzero channels ('zeta_TTT', 'zeta_TTP', 'zeta_TPP', 'zeta_PPP', 'zeta_Bmod', 'zeta_Dmod') (U=498, N_lam=16) from table_bihalofit_cut3840_r4.npz
[etl-callable] loaded 6/6 nonzero channels ('zeta_TTT', 'zeta_TTP', 'zeta_TPP', 'zeta_PPP', 'zeta_Bmod', 'zeta_Dmod') (U=498, N_lam=16) from table_bihalofit_cut3840_r4.npz
[etl-callable] loaded 6/6 nonzero channels ('zeta_TTT', 'zeta_TTP', 'zeta_TPP', 'zeta_PPP', 'zeta_Bmod', 'zeta_Dmod') (U=498, N_lam=16) from table_bihalofit_cut3840_r4.npz
[etl-callable] loaded 6/6 nonzero channels ('zeta_TTT', 'zeta_TTP', 'zeta_TPP', 'zeta_PPP', 'zeta_Bmod', 'zeta_Dmod') (U=498, N_lam=16) from table_bihalofit_cut3840_r4.npz
[etl-callable] loaded 6/6 nonzero channels ('zeta_TTT', 'zeta_TTP', 'zeta_TPP', 'zeta_PPP', 'zeta_Bmod', 'zeta_Dmod') (U=498, N_lam=16) from table_bihalofit_cut3840_r4.npz
[etl-callable] loaded 6/6 nonzero channels ('zeta_TTT', 'zeta_TTP', 'zeta_TPP', 'zeta_PPP', 'zeta_Bmod', 'zeta_Dmod') (U=498, N_lam=16) from table_bihalofit_cut3840_r4.npz
[etl-callable] loaded 6/6 nonzero channels ('zeta_TTT', 'zeta_TTP', 'zeta_TPP', 'zeta_PPP', 'zeta_Bmod', 'zeta_Dmod') (U=498, N_lam=16) from table_bihalofit_cut3840_r4.npz
[etl-callable] loaded 6/6 nonzero channels ('zeta_TTT', 'zeta_TTP', 'zeta_TPP', 'zeta_PPP', 'zeta_Bmod', 'zeta_Dmod') (U=498, N_lam=16) from table_bihalofit_cut3840_r4.npz
[etl-callable] loaded 6/6 nonzero channels ('zeta_TTT', 'zeta_TTP', 'zeta_TPP', 'zeta_PPP', 'zeta_Bmod', 'zeta_Dmod') (U=498, N_lam=16) from table_bihalofit_cut3840_r4.npz
[etl-callable] loaded 6/6 nonzero channels ('zeta_TTT', 'zeta_TTP', 'zeta_TPP', 'zeta_PPP', 'zeta_Bmod', 'zeta_Dmod') (U=498, N_lam=16) from table_bihalofit_cut3840_r4.npz
[etl-callable] loaded 6/6 nonzero channels ('zeta_TTT', 'zeta_TTP', 'zeta_TPP', 'zeta_PPP', 'zeta_Bmod', 'zeta_Dmod') (U=498, N_lam=16) from table_bihalofit_cut3840_r4.npz
[etl-callable] loaded 6/6 nonzero channels ('zeta_TTT', 'zeta_TTP', 'zeta_TPP', 'zeta_PPP', 'zeta_Bmod', 'zeta_Dmod') (U=498, N_lam=16) from table_bihalofit_cut3840_r4.npz
[etl-callable] loaded 6/6 nonzero channels ('zeta_TTT', 'zeta_TTP', 'zeta_TPP', 'zeta_PPP', 'zeta_Bmod', 'zeta_Dmod') (U=498, N_lam=16) from table_bihalofit_cut3840_r4.npz
[etl-callable] loaded 6/6 nonzero channels ('zeta_TTT', 'zeta_TTP', 'zeta_TPP', 'zeta_PPP', 'zeta_Bmod', 'zeta_Dmod') (U=498, N_lam=16) from table_bihalofit_cut3840_r4.npz
[etl-callable] loaded 6/6 nonzero channels ('zeta_TTT', 'zeta_TTP', 'zeta_TPP', 'zeta_PPP', 'zeta_Bmod', 'zeta_Dmod') (U=498, N_lam=16) from table_bihalofit_cut3840_r4.npz
[etl-callable] loaded 6/6 nonzero channels ('zeta_TTT', 'zeta_TTP', 'zeta_TPP', 'zeta_PPP', 'zeta_Bmod', 'zeta_Dmod') (U=498, N_lam=16) from table_bihalofit_cut3840_r4.npz
[etl-callable] loaded 6/6 nonzero channels ('zeta_TTT', 'zeta_TTP', 'zeta_TPP', 'zeta_PPP', 'zeta_Bmod', 'zeta_Dmod') (U=498, N_lam=16) from table_bihalofit_cut3840_r4.npz
[etl-callable] loaded 6/6 nonzero channels ('zeta_TTT', 'zeta_TTP', 'zeta_TPP', 'zeta_PPP', 'zeta_Bmod', 'zeta_Dmod') (U=498, N_lam=16) from table_bihalofit_cut3840_r4.npz
[etl-callable] loaded 6/6 nonzero channels ('zeta_TTT', 'zeta_TTP', 'zeta_TPP', 'zeta_PPP', 'zeta_Bmod', 'zeta_Dmod') (U=498, N_lam=16) from table_bihalofit_cut3840_r4.npz
[etl-callable] loaded 6/6 nonzero channels ('zeta_TTT', 'zeta_TTP', 'zeta_TPP', 'zeta_PPP', 'zeta_Bmod', 'zeta_Dmod') (U=498, N_lam=16) from table_bihalofit_cut3840_r4.npz
[etl-callable] loaded 6/6 nonzero channels ('zeta_TTT', 'zeta_TTP', 'zeta_TPP', 'zeta_PPP', 'zeta_Bmod', 'zeta_Dmod') (U=498, N_lam=16) from table_bihalofit_cut3840_r4.npz
[etl-callable] loaded 6/6 nonzero channels ('zeta_TTT', 'zeta_TTP', 'zeta_TPP', 'zeta_PPP', 'zeta_Bmod', 'zeta_Dmod') (U=498, N_lam=16) from table_bihalofit_cut3840_r4.npz
[etl-callable] loaded 6/6 nonzero channels ('zeta_TTT', 'zeta_TTP', 'zeta_TPP', 'zeta_PPP', 'zeta_Bmod', 'zeta_Dmod') (U=498, N_lam=16) from table_bihalofit_cut3840_r4.npz
[etl-callable] loaded 6/6 nonzero channels ('zeta_TTT', 'zeta_TTP', 'zeta_TPP', 'zeta_PPP', 'zeta_Bmod', 'zeta_Dmod') (U=498, N_lam=16) from table_bihalofit_cut3840_r4.npz
[etl-callable] loaded 6/6 nonzero channels ('zeta_TTT', 'zeta_TTP', 'zeta_TPP', 'zeta_PPP', 'zeta_Bmod', 'zeta_Dmod') (U=498, N_lam=16) from table_bihalofit_cut3840_r4.npz
[etl-callable] loaded 6/6 nonzero channels ('zeta_TTT', 'zeta_TTP', 'zeta_TPP', 'zeta_PPP', 'zeta_Bmod', 'zeta_Dmod') (U=498, N_lam=16) from table_bihalofit_cut3840_r4.npz
[etl-callable] loaded 6/6 nonzero channels ('zeta_TTT', 'zeta_TTP', 'zeta_TPP', 'zeta_PPP', 'zeta_Bmod', 'zeta_Dmod') (U=498, N_lam=16) from table_bihalofit_cut3840_r4.npz
[etl-callable] loaded 6/6 nonzero channels ('zeta_TTT', 'zeta_TTP', 'zeta_TPP', 'zeta_PPP', 'zeta_Bmod', 'zeta_Dmod') (U=498, N_lam=16) from table_bihalofit_cut3840_r4.npz
[etl-callable] loaded 6/6 nonzero channels ('zeta_TTT', 'zeta_TTP', 'zeta_TPP', 'zeta_PPP', 'zeta_Bmod', 'zeta_Dmod') (U=498, N_lam=16) from table_bihalofit_cut3840_r4.npz
[etl-callable] loaded 6/6 nonzero channels ('zeta_TTT', 'zeta_TTP', 'zeta_TPP', 'zeta_PPP', 'zeta_Bmod', 'zeta_Dmod') (U=498, N_lam=16) from table_bihalofit_cut3840_r4.npz
[etl-callable] loaded 6/6 nonzero channels ('zeta_TTT', 'zeta_TTP', 'zeta_TPP', 'zeta_PPP', 'zeta_Bmod', 'zeta_Dmod') (U=498, N_lam=16) from table_bihalofit_cut3840_r4.npz
[etl-callable] loaded 6/6 nonzero channels ('zeta_TTT', 'zeta_TTP', 'zeta_TPP', 'zeta_PPP', 'zeta_Bmod', 'zeta_Dmod') (U=498, N_lam=16) from table_bihalofit_cut3840_r4.npz
[etl-callable] loaded 6/6 nonzero channels ('zeta_TTT', 'zeta_TTP', 'zeta_TPP', 'zeta_PPP', 'zeta_Bmod', 'zeta_Dmod') (U=498, N_lam=16) from table_bihalofit_cut3840_r4.npz
[etl-callable] loaded 6/6 nonzero channels ('zeta_TTT', 'zeta_TTP', 'zeta_TPP', 'zeta_PPP', 'zeta_Bmod', 'zeta_Dmod') (U=498, N_lam=16) from table_bihalofit_cut3840_r4.npz
[etl-callable] loaded 6/6 nonzero channels ('zeta_TTT', 'zeta_TTP', 'zeta_TPP', 'zeta_PPP', 'zeta_Bmod', 'zeta_Dmod') (U=498, N_lam=16) from table_bihalofit_cut3840_r4.npz
[etl-callable] loaded 6/6 nonzero channels ('zeta_TTT', 'zeta_TTP', 'zeta_TPP', 'zeta_PPP', 'zeta_Bmod', 'zeta_Dmod') (U=498, N_lam=16) from table_bihalofit_cut3840_r4.npz
[etl-callable] loaded 6/6 nonzero channels ('zeta_TTT', 'zeta_TTP', 'zeta_TPP', 'zeta_PPP', 'zeta_Bmod', 'zeta_Dmod') (U=498, N_lam=16) from table_bihalofit_cut3840_r4.npz
[etl-callable] loaded 6/6 nonzero channels ('zeta_TTT', 'zeta_TTP', 'zeta_TPP', 'zeta_PPP', 'zeta_Bmod', 'zeta_Dmod') (U=498, N_lam=16) from table_bihalofit_cut3840_r4.npz
[etl-callable] loaded 6/6 nonzero channels ('zeta_TTT', 'zeta_TTP', 'zeta_TPP', 'zeta_PPP', 'zeta_Bmod', 'zeta_Dmod') (U=498, N_lam=16) from table_bihalofit_cut3840_r4.npz
[etl-callable] loaded 6/6 nonzero channels ('zeta_TTT', 'zeta_TTP', 'zeta_TPP', 'zeta_PPP', 'zeta_Bmod', 'zeta_Dmod') (U=498, N_lam=16) from table_bihalofit_cut3840_r4.npz
[etl-callable] loaded 6/6 nonzero channels ('zeta_TTT', 'zeta_TTP', 'zeta_TPP', 'zeta_PPP', 'zeta_Bmod', 'zeta_Dmod') (U=498, N_lam=16) from table_bihalofit_cut3840_r4.npz
[etl-callable] loaded 6/6 nonzero channels ('zeta_TTT', 'zeta_TTP', 'zeta_TPP', 'zeta_PPP', 'zeta_Bmod', 'zeta_Dmod') (U=498, N_lam=16) from table_bihalofit_cut3840_r4.npz
[etl-callable] loaded 6/6 nonzero channels ('zeta_TTT', 'zeta_TTP', 'zeta_TPP', 'zeta_PPP', 'zeta_Bmod', 'zeta_Dmod') (U=498, N_lam=16) from table_bihalofit_cut3840_r4.npz
[etl-callable] loaded 6/6 nonzero channels ('zeta_TTT', 'zeta_TTP', 'zeta_TPP', 'zeta_PPP', 'zeta_Bmod', 'zeta_Dmod') (U=498, N_lam=16) from table_bihalofit_cut3840_r4.npz
[etl-callable] loaded 6/6 nonzero channels ('zeta_TTT', 'zeta_TTP', 'zeta_TPP', 'zeta_PPP', 'zeta_Bmod', 'zeta_Dmod') (U=498, N_lam=16) from table_bihalofit_cut3840_r4.npz
[etl-callable] loaded 6/6 nonzero channels ('zeta_TTT', 'zeta_TTP', 'zeta_TPP', 'zeta_PPP', 'zeta_Bmod', 'zeta_Dmod') (U=498, N_lam=16) from table_bihalofit_cut3840_r4.npz
[etl-callable] loaded 6/6 nonzero channels ('zeta_TTT', 'zeta_TTP', 'zeta_TPP', 'zeta_PPP', 'zeta_Bmod', 'zeta_Dmod') (U=498, N_lam=16) from table_bihalofit_cut3840_r4.npz
[etl-callable] loaded 6/6 nonzero channels ('zeta_TTT', 'zeta_TTP', 'zeta_TPP', 'zeta_PPP', 'zeta_Bmod', 'zeta_Dmod') (U=498, N_lam=16) from table_bihalofit_cut3840_r4.npz
[etl-callable] loaded 6/6 nonzero channels ('zeta_TTT', 'zeta_TTP', 'zeta_TPP', 'zeta_PPP', 'zeta_Bmod', 'zeta_Dmod') (U=498, N_lam=16) from table_bihalofit_cut3840_r4.npz
[etl-callable] loaded 6/6 nonzero channels ('zeta_TTT', 'zeta_TTP', 'zeta_TPP', 'zeta_PPP', 'zeta_Bmod', 'zeta_Dmod') (U=498, N_lam=16) from table_bihalofit_cut3840_r4.npz
[etl-callable] loaded 6/6 nonzero channels ('zeta_TTT', 'zeta_TTP', 'zeta_TPP', 'zeta_PPP', 'zeta_Bmod', 'zeta_Dmod') (U=498, N_lam=16) from table_bihalofit_cut3840_r4.npz
[etl-callable] loaded 6/6 nonzero channels ('zeta_TTT', 'zeta_TTP', 'zeta_TPP', 'zeta_PPP', 'zeta_Bmod', 'zeta_Dmod') (U=498, N_lam=16) from table_bihalofit_cut3840_r4.npz
[etl-callable] loaded 6/6 nonzero channels ('zeta_TTT', 'zeta_TTP', 'zeta_TPP', 'zeta_PPP', 'zeta_Bmod', 'zeta_Dmod') (U=498, N_lam=16) from table_bihalofit_cut3840_r4.npz
[etl-callable] loaded 6/6 nonzero channels ('zeta_TTT', 'zeta_TTP', 'zeta_TPP', 'zeta_PPP', 'zeta_Bmod', 'zeta_Dmod') (U=498, N_lam=16) from table_bihalofit_cut3840_r4.npz
[etl-callable] loaded 6/6 nonzero channels ('zeta_TTT', 'zeta_TTP', 'zeta_TPP', 'zeta_PPP', 'zeta_Bmod', 'zeta_Dmod') (U=498, N_lam=16) from table_bihalofit_cut3840_r4.npz
[etl-callable] loaded 6/6 nonzero channels ('zeta_TTT', 'zeta_TTP', 'zeta_TPP', 'zeta_PPP', 'zeta_Bmod', 'zeta_Dmod') (U=498, N_lam=16) from table_bihalofit_cut3840_r4.npz
[etl-callable] loaded 6/6 nonzero channels ('zeta_TTT', 'zeta_TTP', 'zeta_TPP', 'zeta_PPP', 'zeta_Bmod', 'zeta_Dmod') (U=498, N_lam=16) from table_bihalofit_cut3840_r4.npz
[etl-callable] loaded 6/6 nonzero channels ('zeta_TTT', 'zeta_TTP', 'zeta_TPP', 'zeta_PPP', 'zeta_Bmod', 'zeta_Dmod') (U=498, N_lam=16) from table_bihalofit_cut3840_r4.npz
[etl-callable] loaded 6/6 nonzero channels ('zeta_TTT', 'zeta_TTP', 'zeta_TPP', 'zeta_PPP', 'zeta_Bmod', 'zeta_Dmod') (U=498, N_lam=16) from table_bihalofit_cut3840_r4.npz
[etl-callable] loaded 6/6 nonzero channels ('zeta_TTT', 'zeta_TTP', 'zeta_TPP', 'zeta_PPP', 'zeta_Bmod', 'zeta_Dmod') (U=498, N_lam=16) from table_bihalofit_cut3840_r4.npz
[etl-callable] loaded 6/6 nonzero channels ('zeta_TTT', 'zeta_TTP', 'zeta_TPP', 'zeta_PPP', 'zeta_Bmod', 'zeta_Dmod') (U=498, N_lam=16) from table_bihalofit_cut3840_r4.npz
[etl-callable] loaded 6/6 nonzero channels ('zeta_TTT', 'zeta_TTP', 'zeta_TPP', 'zeta_PPP', 'zeta_Bmod', 'zeta_Dmod') (U=498, N_lam=16) from table_bihalofit_cut3840_r4.npz
[etl-callable] loaded 6/6 nonzero channels ('zeta_TTT', 'zeta_TTP', 'zeta_TPP', 'zeta_PPP', 'zeta_Bmod', 'zeta_Dmod') (U=498, N_lam=16) from table_bihalofit_cut3840_r4.npz
[etl-callable] loaded 6/6 nonzero channels ('zeta_TTT', 'zeta_TTP', 'zeta_TPP', 'zeta_PPP', 'zeta_Bmod', 'zeta_Dmod') (U=498, N_lam=16) from table_bihalofit_cut3840_r4.npz
[etl-callable] loaded 6/6 nonzero channels ('zeta_TTT', 'zeta_TTP', 'zeta_TPP', 'zeta_PPP', 'zeta_Bmod', 'zeta_Dmod') (U=498, N_lam=16) from table_bihalofit_cut3840_r4.npz
[etl-callable] loaded 6/6 nonzero channels ('zeta_TTT', 'zeta_TTP', 'zeta_TPP', 'zeta_PPP', 'zeta_Bmod', 'zeta_Dmod') (U=498, N_lam=16) from table_bihalofit_cut3840_r4.npz
[etl-callable] loaded 6/6 nonzero channels ('zeta_TTT', 'zeta_TTP', 'zeta_TPP', 'zeta_PPP', 'zeta_Bmod', 'zeta_Dmod') (U=498, N_lam=16) from table_bihalofit_cut3840_r4.npz
[etl-callable] loaded 6/6 nonzero channels ('zeta_TTT', 'zeta_TTP', 'zeta_TPP', 'zeta_PPP', 'zeta_Bmod', 'zeta_Dmod') (U=498, N_lam=16) from table_bihalofit_cut3840_r4.npz
[etl-callable] loaded 6/6 nonzero channels ('zeta_TTT', 'zeta_TTP', 'zeta_TPP', 'zeta_PPP', 'zeta_Bmod', 'zeta_Dmod') (U=498, N_lam=16) from table_bihalofit_cut3840_r4.npz
[etl-callable] loaded 6/6 nonzero channels ('zeta_TTT', 'zeta_TTP', 'zeta_TPP', 'zeta_PPP', 'zeta_Bmod', 'zeta_Dmod') (U=498, N_lam=16) from table_bihalofit_cut3840_r4.npz
[etl-callable] loaded 6/6 nonzero channels ('zeta_TTT', 'zeta_TTP', 'zeta_TPP', 'zeta_PPP', 'zeta_Bmod', 'zeta_Dmod') (U=498, N_lam=16) from table_bihalofit_cut3840_r4.npz
[etl-callable] loaded 6/6 nonzero channels ('zeta_TTT', 'zeta_TTP', 'zeta_TPP', 'zeta_PPP', 'zeta_Bmod', 'zeta_Dmod') (U=498, N_lam=16) from table_bihalofit_cut3840_r4.npz
[etl-callable] loaded 6/6 nonzero channels ('zeta_TTT', 'zeta_TTP', 'zeta_TPP', 'zeta_PPP', 'zeta_Bmod', 'zeta_Dmod') (U=498, N_lam=16) from table_bihalofit_cut3840_r4.npz
[etl-callable] loaded 6/6 nonzero channels ('zeta_TTT', 'zeta_TTP', 'zeta_TPP', 'zeta_PPP', 'zeta_Bmod', 'zeta_Dmod') (U=498, N_lam=16) from table_bihalofit_cut3840_r4.npz
[etl-callable] loaded 6/6 nonzero channels ('zeta_TTT', 'zeta_TTP', 'zeta_TPP', 'zeta_PPP', 'zeta_Bmod', 'zeta_Dmod') (U=498, N_lam=16) from table_bihalofit_cut3840_r4.npz
[etl-callable] loaded 6/6 nonzero channels ('zeta_TTT', 'zeta_TTP', 'zeta_TPP', 'zeta_PPP', 'zeta_Bmod', 'zeta_Dmod') (U=498, N_lam=16) from table_bihalofit_cut3840_r4.npz
[etl-callable] loaded 6/6 nonzero channels ('zeta_TTT', 'zeta_TTP', 'zeta_TPP', 'zeta_PPP', 'zeta_Bmod', 'zeta_Dmod') (U=498, N_lam=16) from table_bihalofit_cut3840_r4.npz
[etl-callable] loaded 6/6 nonzero channels ('zeta_TTT', 'zeta_TTP', 'zeta_TPP', 'zeta_PPP', 'zeta_Bmod', 'zeta_Dmod') (U=498, N_lam=16) from table_bihalofit_cut3840_r4.npz
[etl-callable] loaded 6/6 nonzero channels ('zeta_TTT', 'zeta_TTP', 'zeta_TPP', 'zeta_PPP', 'zeta_Bmod', 'zeta_Dmod') (U=498, N_lam=16) from table_bihalofit_cut3840_r4.npz
[etl-callable] loaded 6/6 nonzero channels ('zeta_TTT', 'zeta_TTP', 'zeta_TPP', 'zeta_PPP', 'zeta_Bmod', 'zeta_Dmod') (U=498, N_lam=16) from table_bihalofit_cut3840_r4.npz
[etl-callable] loaded 6/6 nonzero channels ('zeta_TTT', 'zeta_TTP', 'zeta_TPP', 'zeta_PPP', 'zeta_Bmod', 'zeta_Dmod') (U=498, N_lam=16) from table_bihalofit_cut3840_r4.npz
[etl-callable] loaded 6/6 nonzero channels ('zeta_TTT', 'zeta_TTP', 'zeta_TPP', 'zeta_PPP', 'zeta_Bmod', 'zeta_Dmod') (U=498, N_lam=16) from table_bihalofit_cut3840_r4.npz
[etl-callable] loaded 6/6 nonzero channels ('zeta_TTT', 'zeta_TTP', 'zeta_TPP', 'zeta_PPP', 'zeta_Bmod', 'zeta_Dmod') (U=498, N_lam=16) from table_bihalofit_cut3840_r4.npz
[etl-callable] loaded 6/6 nonzero channels ('zeta_TTT', 'zeta_TTP', 'zeta_TPP', 'zeta_PPP', 'zeta_Bmod', 'zeta_Dmod') (U=498, N_lam=16) from table_bihalofit_cut3840_r4.npz
[etl-callable] loaded 6/6 nonzero channels ('zeta_TTT', 'zeta_TTP', 'zeta_TPP', 'zeta_PPP', 'zeta_Bmod', 'zeta_Dmod') (U=498, N_lam=16) from table_bihalofit_cut3840_r4.npz
[etl-callable] loaded 6/6 nonzero channels ('zeta_TTT', 'zeta_TTP', 'zeta_TPP', 'zeta_PPP', 'zeta_Bmod', 'zeta_Dmod') (U=498, N_lam=16) from table_bihalofit_cut3840_r4.npz
[etl-callable] loaded 6/6 nonzero channels ('zeta_TTT', 'zeta_TTP', 'zeta_TPP', 'zeta_PPP', 'zeta_Bmod', 'zeta_Dmod') (U=498, N_lam=16) from table_bihalofit_cut3840_r4.npz
[etl-callable] loaded 6/6 nonzero channels ('zeta_TTT', 'zeta_TTP', 'zeta_TPP', 'zeta_PPP', 'zeta_Bmod', 'zeta_Dmod') (U=498, N_lam=16) from table_bihalofit_cut3840_r4.npz
[etl-callable] loaded 6/6 nonzero channels ('zeta_TTT', 'zeta_TTP', 'zeta_TPP', 'zeta_PPP', 'zeta_Bmod', 'zeta_Dmod') (U=498, N_lam=16) from table_bihalofit_cut3840_r4.npz
[etl-callable] loaded 6/6 nonzero channels ('zeta_TTT', 'zeta_TTP', 'zeta_TPP', 'zeta_PPP', 'zeta_Bmod', 'zeta_Dmod') (U=498, N_lam=16) from table_bihalofit_cut3840_r4.npz
[etl-callable] loaded 6/6 nonzero channels ('zeta_TTT', 'zeta_TTP', 'zeta_TPP', 'zeta_PPP', 'zeta_Bmod', 'zeta_Dmod') (U=498, N_lam=16) from table_bihalofit_cut3840_r4.npz
[etl-callable] loaded 6/6 nonzero channels ('zeta_TTT', 'zeta_TTP', 'zeta_TPP', 'zeta_PPP', 'zeta_Bmod', 'zeta_Dmod') (U=498, N_lam=16) from table_bihalofit_cut3840_r4.npz
[etl-callable] loaded 6/6 nonzero channels ('zeta_TTT', 'zeta_TTP', 'zeta_TPP', 'zeta_PPP', 'zeta_Bmod', 'zeta_Dmod') (U=498, N_lam=16) from table_bihalofit_cut3840_r4.npz
[etl-callable] loaded 6/6 nonzero channels ('zeta_TTT', 'zeta_TTP', 'zeta_TPP', 'zeta_PPP', 'zeta_Bmod', 'zeta_Dmod') (U=498, N_lam=16) from table_bihalofit_cut3840_r4.npz
[etl-callable] loaded 6/6 nonzero channels ('zeta_TTT', 'zeta_TTP', 'zeta_TPP', 'zeta_PPP', 'zeta_Bmod', 'zeta_Dmod') (U=498, N_lam=16) from table_bihalofit_cut3840_r4.npz
[etl-callable] loaded 6/6 nonzero channels ('zeta_TTT', 'zeta_TTP', 'zeta_TPP', 'zeta_PPP', 'zeta_Bmod', 'zeta_Dmod') (U=498, N_lam=16) from table_bihalofit_cut3840_r4.npz
[etl-callable] loaded 6/6 nonzero channels ('zeta_TTT', 'zeta_TTP', 'zeta_TPP', 'zeta_PPP', 'zeta_Bmod', 'zeta_Dmod') (U=498, N_lam=16) from table_bihalofit_cut3840_r4.npz
[etl-callable] loaded 6/6 nonzero channels ('zeta_TTT', 'zeta_TTP', 'zeta_TPP', 'zeta_PPP', 'zeta_Bmod', 'zeta_Dmod') (U=498, N_lam=16) from table_bihalofit_cut3840_r4.npz
[etl-callable] loaded 6/6 nonzero channels ('zeta_TTT', 'zeta_TTP', 'zeta_TPP', 'zeta_PPP', 'zeta_Bmod', 'zeta_Dmod') (U=498, N_lam=16) from table_bihalofit_cut3840_r4.npz
[etl-callable] loaded 6/6 nonzero channels ('zeta_TTT', 'zeta_TTP', 'zeta_TPP', 'zeta_PPP', 'zeta_Bmod', 'zeta_Dmod') (U=498, N_lam=16) from table_bihalofit_cut3840_r4.npz
[etl-callable] loaded 6/6 nonzero channels ('zeta_TTT', 'zeta_TTP', 'zeta_TPP', 'zeta_PPP', 'zeta_Bmod', 'zeta_Dmod') (U=498, N_lam=16) from table_bihalofit_cut3840_r4.npz
[etl-callable] loaded 6/6 nonzero channels ('zeta_TTT', 'zeta_TTP', 'zeta_TPP', 'zeta_PPP', 'zeta_Bmod', 'zeta_Dmod') (U=498, N_lam=16) from table_bihalofit_cut3840_r4.npz
[etl-callable] loaded 6/6 nonzero channels ('zeta_TTT', 'zeta_TTP', 'zeta_TPP', 'zeta_PPP', 'zeta_Bmod', 'zeta_Dmod') (U=498, N_lam=16) from table_bihalofit_cut3840_r4.npz
[etl-callable] loaded 6/6 nonzero channels ('zeta_TTT', 'zeta_TTP', 'zeta_TPP', 'zeta_PPP', 'zeta_Bmod', 'zeta_Dmod') (U=498, N_lam=16) from table_bihalofit_cut3840_r4.npz
[etl-callable] loaded 6/6 nonzero channels ('zeta_TTT', 'zeta_TTP', 'zeta_TPP', 'zeta_PPP', 'zeta_Bmod', 'zeta_Dmod') (U=498, N_lam=16) from table_bihalofit_cut3840_r4.npz
[etl-callable] loaded 6/6 nonzero channels ('zeta_TTT', 'zeta_TTP', 'zeta_TPP', 'zeta_PPP', 'zeta_Bmod', 'zeta_Dmod') (U=498, N_lam=16) from table_bihalofit_cut3840_r4.npz
[etl-callable] loaded 6/6 nonzero channels ('zeta_TTT', 'zeta_TTP', 'zeta_TPP', 'zeta_PPP', 'zeta_Bmod', 'zeta_Dmod') (U=498, N_lam=16) from table_bihalofit_cut3840_r4.npz
[etl-callable] loaded 6/6 nonzero channels ('zeta_TTT', 'zeta_TTP', 'zeta_TPP', 'zeta_PPP', 'zeta_Bmod', 'zeta_Dmod') (U=498, N_lam=16) from table_bihalofit_cut3840_r4.npz
[etl-callable] loaded 6/6 nonzero channels ('zeta_TTT', 'zeta_TTP', 'zeta_TPP', 'zeta_PPP', 'zeta_Bmod', 'zeta_Dmod') (U=498, N_lam=16) from table_bihalofit_cut3840_r4.npz
[etl-callable] loaded 6/6 nonzero channels ('zeta_TTT', 'zeta_TTP', 'zeta_TPP', 'zeta_PPP', 'zeta_Bmod', 'zeta_Dmod') (U=498, N_lam=16) from table_bihalofit_cut3840_r4.npz
[etl-callable] loaded 6/6 nonzero channels ('zeta_TTT', 'zeta_TTP', 'zeta_TPP', 'zeta_PPP', 'zeta_Bmod', 'zeta_Dmod') (U=498, N_lam=16) from table_bihalofit_cut3840_r4.npz
[etl-callable] loaded 6/6 nonzero channels ('zeta_TTT', 'zeta_TTP', 'zeta_TPP', 'zeta_PPP', 'zeta_Bmod', 'zeta_Dmod') (U=498, N_lam=16) from table_bihalofit_cut3840_r4.npz
[etl-callable] loaded 6/6 nonzero channels ('zeta_TTT', 'zeta_TTP', 'zeta_TPP', 'zeta_PPP', 'zeta_Bmod', 'zeta_Dmod') (U=498, N_lam=16) from table_bihalofit_cut3840_r4.npz
[etl-callable] loaded 6/6 nonzero channels ('zeta_TTT', 'zeta_TTP', 'zeta_TPP', 'zeta_PPP', 'zeta_Bmod', 'zeta_Dmod') (U=498, N_lam=16) from table_bihalofit_cut3840_r4.npz
[etl-callable] loaded 6/6 nonzero channels ('zeta_TTT', 'zeta_TTP', 'zeta_TPP', 'zeta_PPP', 'zeta_Bmod', 'zeta_Dmod') (U=498, N_lam=16) from table_bihalofit_cut3840_r4.npz
[etl-callable] loaded 6/6 nonzero channels ('zeta_TTT', 'zeta_TTP', 'zeta_TPP', 'zeta_PPP', 'zeta_Bmod', 'zeta_Dmod') (U=498, N_lam=16) from table_bihalofit_cut3840_r4.npz
[etl-callable] loaded 6/6 nonzero channels ('zeta_TTT', 'zeta_TTP', 'zeta_TPP', 'zeta_PPP', 'zeta_Bmod', 'zeta_Dmod') (U=498, N_lam=16) from table_bihalofit_cut3840_r4.npz
[run_FF_single] done in 191.6 s
[etl-callable] loaded 6/6 nonzero channels ('zeta_TTT', 'zeta_TTP', 'zeta_TPP', 'zeta_PPP', 'zeta_Bmod', 'zeta_Dmod') (U=498, N_lam=16) from table_bihalofit_cut3840_r4.npz
[etl-callable] loaded 6/6 nonzero channels ('zeta_TTT', 'zeta_TTP', 'zeta_TPP', 'zeta_PPP', 'zeta_Bmod', 'zeta_Dmod') (U=498, N_lam=16) from table_bihalofit_cut3840_r4.npz
[etl-callable] loaded 6/6 nonzero channels ('zeta_TTT', 'zeta_TTP', 'zeta_TPP', 'zeta_PPP', 'zeta_Bmod', 'zeta_Dmod') (U=498, N_lam=16) from table_bihalofit_cut3840_r4.npz
[etl-callable] loaded 6/6 nonzero channels ('zeta_TTT', 'zeta_TTP', 'zeta_TPP', 'zeta_PPP', 'zeta_Bmod', 'zeta_Dmod') (U=498, N_lam=16) from table_bihalofit_cut3840_r4.npz
[etl-callable] loaded 6/6 nonzero channels ('zeta_TTT', 'zeta_TTP', 'zeta_TPP', 'zeta_PPP', 'zeta_Bmod', 'zeta_Dmod') (U=498, N_lam=16) from table_bihalofit_cut3840_r4.npz
[fk] /opt/homebrew/Caskroom/miniconda/base/envs/sft-wick/bin/python /Users/zzhang/Documents/MyDrafts/STF_lensing/SFT-lensing-paper-analyses/sachs_sft/scripts/run_FF_single.py /Users/zzhang/Documents/MyDrafts/STF_lensing/SFT-lensing-paper-analyses/sachs_sft/scripts/inputs/kappa2_grid_lcut0_low_empty.npz /Users/zzhang/Documents/MyDrafts/STF_lensing/driver_field_emulators/products/table_bihalofit_cut3840_r4_xi.npz
[fk] wrote /Users/zzhang/Documents/MyDrafts/STF_lensing/driver_field_emulators/products/table_bihalofit_cut3840_r4_xi.npz
[asm] 1828 rows, model=bihalofit, cutoff=7680, windows=[(60, 120), (120, 240), (240, 480), (480, 960), (960, 1920), (1920, 3840), (3840, 7680)]
[asm] -> /Users/zzhang/Documents/MyDrafts/STF_lensing/driver_field_emulators/products/table_bihalofit_cut7680_r4.npz (1.5 MB)
[run_FF_single] kappa2 = kappa2_grid_lcut0_low_empty.npz
[run_FF_single] sigma2 = disabled
[run_FF_single] sweep.n_gauss = 24
[run_FF_single] expand.orders = (0, 2)
[run_FF_single] -> /Users/zzhang/Documents/MyDrafts/STF_lensing/driver_field_emulators/products/table_bihalofit_cut7680_r4_xi.npz
[etl-callable] loaded 6/6 nonzero channels ('zeta_TTT', 'zeta_TTP', 'zeta_TPP', 'zeta_PPP', 'zeta_Bmod', 'zeta_Dmod') (U=498, N_lam=16) from table_bihalofit_cut7680_r4.npz
[etl-callable] loaded 6/6 nonzero channels ('zeta_TTT', 'zeta_TTP', 'zeta_TPP', 'zeta_PPP', 'zeta_Bmod', 'zeta_Dmod') (U=498, N_lam=16) from table_bihalofit_cut7680_r4.npz
[etl-callable] loaded 6/6 nonzero channels ('zeta_TTT', 'zeta_TTP', 'zeta_TPP', 'zeta_PPP', 'zeta_Bmod', 'zeta_Dmod') (U=498, N_lam=16) from table_bihalofit_cut7680_r4.npz
/opt/homebrew/Caskroom/miniconda/base/envs/sft-wick/lib/python3.14/site-packages/joblib/externals/loky/process_executor.py:782: UserWarning: A worker stopped while some jobs were given to the executor. This can be caused by a too short worker timeout or by a memory leak.
  warnings.warn(
[etl-callable] loaded 6/6 nonzero channels ('zeta_TTT', 'zeta_TTP', 'zeta_TPP', 'zeta_PPP', 'zeta_Bmod', 'zeta_Dmod') (U=498, N_lam=16) from table_bihalofit_cut7680_r4.npz
[etl-callable] loaded 6/6 nonzero channels ('zeta_TTT', 'zeta_TTP', 'zeta_TPP', 'zeta_PPP', 'zeta_Bmod', 'zeta_Dmod') (U=498, N_lam=16) from table_bihalofit_cut7680_r4.npz
[etl-callable] loaded 6/6 nonzero channels ('zeta_TTT', 'zeta_TTP', 'zeta_TPP', 'zeta_PPP', 'zeta_Bmod', 'zeta_Dmod') (U=498, N_lam=16) from table_bihalofit_cut7680_r4.npz
[etl-callable] loaded 6/6 nonzero channels ('zeta_TTT', 'zeta_TTP', 'zeta_TPP', 'zeta_PPP', 'zeta_Bmod', 'zeta_Dmod') (U=498, N_lam=16) from table_bihalofit_cut7680_r4.npz
[etl-callable] loaded 6/6 nonzero channels ('zeta_TTT', 'zeta_TTP', 'zeta_TPP', 'zeta_PPP', 'zeta_Bmod', 'zeta_Dmod') (U=498, N_lam=16) from table_bihalofit_cut7680_r4.npz
[etl-callable] loaded 6/6 nonzero channels ('zeta_TTT', 'zeta_TTP', 'zeta_TPP', 'zeta_PPP', 'zeta_Bmod', 'zeta_Dmod') (U=498, N_lam=16) from table_bihalofit_cut7680_r4.npz
[etl-callable] loaded 6/6 nonzero channels ('zeta_TTT', 'zeta_TTP', 'zeta_TPP', 'zeta_PPP', 'zeta_Bmod', 'zeta_Dmod') (U=498, N_lam=16) from table_bihalofit_cut7680_r4.npz
[etl-callable] loaded 6/6 nonzero channels ('zeta_TTT', 'zeta_TTP', 'zeta_TPP', 'zeta_PPP', 'zeta_Bmod', 'zeta_Dmod') (U=498, N_lam=16) from table_bihalofit_cut7680_r4.npz
[etl-callable] loaded 6/6 nonzero channels ('zeta_TTT', 'zeta_TTP', 'zeta_TPP', 'zeta_PPP', 'zeta_Bmod', 'zeta_Dmod') (U=498, N_lam=16) from table_bihalofit_cut7680_r4.npz
[etl-callable] loaded 6/6 nonzero channels ('zeta_TTT', 'zeta_TTP', 'zeta_TPP', 'zeta_PPP', 'zeta_Bmod', 'zeta_Dmod') (U=498, N_lam=16) from table_bihalofit_cut7680_r4.npz
[etl-callable] loaded 6/6 nonzero channels ('zeta_TTT', 'zeta_TTP', 'zeta_TPP', 'zeta_PPP', 'zeta_Bmod', 'zeta_Dmod') (U=498, N_lam=16) from table_bihalofit_cut7680_r4.npz
[etl-callable] loaded 6/6 nonzero channels ('zeta_TTT', 'zeta_TTP', 'zeta_TPP', 'zeta_PPP', 'zeta_Bmod', 'zeta_Dmod') (U=498, N_lam=16) from table_bihalofit_cut7680_r4.npz
[etl-callable] loaded 6/6 nonzero channels ('zeta_TTT', 'zeta_TTP', 'zeta_TPP', 'zeta_PPP', 'zeta_Bmod', 'zeta_Dmod') (U=498, N_lam=16) from table_bihalofit_cut7680_r4.npz
[etl-callable] loaded 6/6 nonzero channels ('zeta_TTT', 'zeta_TTP', 'zeta_TPP', 'zeta_PPP', 'zeta_Bmod', 'zeta_Dmod') (U=498, N_lam=16) from table_bihalofit_cut7680_r4.npz
[etl-callable] loaded 6/6 nonzero channels ('zeta_TTT', 'zeta_TTP', 'zeta_TPP', 'zeta_PPP', 'zeta_Bmod', 'zeta_Dmod') (U=498, N_lam=16) from table_bihalofit_cut7680_r4.npz
[etl-callable] loaded 6/6 nonzero channels ('zeta_TTT', 'zeta_TTP', 'zeta_TPP', 'zeta_PPP', 'zeta_Bmod', 'zeta_Dmod') (U=498, N_lam=16) from table_bihalofit_cut7680_r4.npz
[etl-callable] loaded 6/6 nonzero channels ('zeta_TTT', 'zeta_TTP', 'zeta_TPP', 'zeta_PPP', 'zeta_Bmod', 'zeta_Dmod') (U=498, N_lam=16) from table_bihalofit_cut7680_r4.npz
[etl-callable] loaded 6/6 nonzero channels ('zeta_TTT', 'zeta_TTP', 'zeta_TPP', 'zeta_PPP', 'zeta_Bmod', 'zeta_Dmod') (U=498, N_lam=16) from table_bihalofit_cut7680_r4.npz
[etl-callable] loaded 6/6 nonzero channels ('zeta_TTT', 'zeta_TTP', 'zeta_TPP', 'zeta_PPP', 'zeta_Bmod', 'zeta_Dmod') (U=498, N_lam=16) from table_bihalofit_cut7680_r4.npz
[etl-callable] loaded 6/6 nonzero channels ('zeta_TTT', 'zeta_TTP', 'zeta_TPP', 'zeta_PPP', 'zeta_Bmod', 'zeta_Dmod') (U=498, N_lam=16) from table_bihalofit_cut7680_r4.npz
[etl-callable] loaded 6/6 nonzero channels ('zeta_TTT', 'zeta_TTP', 'zeta_TPP', 'zeta_PPP', 'zeta_Bmod', 'zeta_Dmod') (U=498, N_lam=16) from table_bihalofit_cut7680_r4.npz
[etl-callable] loaded 6/6 nonzero channels ('zeta_TTT', 'zeta_TTP', 'zeta_TPP', 'zeta_PPP', 'zeta_Bmod', 'zeta_Dmod') (U=498, N_lam=16) from table_bihalofit_cut7680_r4.npz
[etl-callable] loaded 6/6 nonzero channels ('zeta_TTT', 'zeta_TTP', 'zeta_TPP', 'zeta_PPP', 'zeta_Bmod', 'zeta_Dmod') (U=498, N_lam=16) from table_bihalofit_cut7680_r4.npz
[etl-callable] loaded 6/6 nonzero channels ('zeta_TTT', 'zeta_TTP', 'zeta_TPP', 'zeta_PPP', 'zeta_Bmod', 'zeta_Dmod') (U=498, N_lam=16) from table_bihalofit_cut7680_r4.npz
[etl-callable] loaded 6/6 nonzero channels ('zeta_TTT', 'zeta_TTP', 'zeta_TPP', 'zeta_PPP', 'zeta_Bmod', 'zeta_Dmod') (U=498, N_lam=16) from table_bihalofit_cut7680_r4.npz
[etl-callable] loaded 6/6 nonzero channels ('zeta_TTT', 'zeta_TTP', 'zeta_TPP', 'zeta_PPP', 'zeta_Bmod', 'zeta_Dmod') (U=498, N_lam=16) from table_bihalofit_cut7680_r4.npz
[etl-callable] loaded 6/6 nonzero channels ('zeta_TTT', 'zeta_TTP', 'zeta_TPP', 'zeta_PPP', 'zeta_Bmod', 'zeta_Dmod') (U=498, N_lam=16) from table_bihalofit_cut7680_r4.npz
[etl-callable] loaded 6/6 nonzero channels ('zeta_TTT', 'zeta_TTP', 'zeta_TPP', 'zeta_PPP', 'zeta_Bmod', 'zeta_Dmod') (U=498, N_lam=16) from table_bihalofit_cut7680_r4.npz
[etl-callable] loaded 6/6 nonzero channels ('zeta_TTT', 'zeta_TTP', 'zeta_TPP', 'zeta_PPP', 'zeta_Bmod', 'zeta_Dmod') (U=498, N_lam=16) from table_bihalofit_cut7680_r4.npz
[etl-callable] loaded 6/6 nonzero channels ('zeta_TTT', 'zeta_TTP', 'zeta_TPP', 'zeta_PPP', 'zeta_Bmod', 'zeta_Dmod') (U=498, N_lam=16) from table_bihalofit_cut7680_r4.npz
[etl-callable] loaded 6/6 nonzero channels ('zeta_TTT', 'zeta_TTP', 'zeta_TPP', 'zeta_PPP', 'zeta_Bmod', 'zeta_Dmod') (U=498, N_lam=16) from table_bihalofit_cut7680_r4.npz
[etl-callable] loaded 6/6 nonzero channels ('zeta_TTT', 'zeta_TTP', 'zeta_TPP', 'zeta_PPP', 'zeta_Bmod', 'zeta_Dmod') (U=498, N_lam=16) from table_bihalofit_cut7680_r4.npz
[etl-callable] loaded 6/6 nonzero channels ('zeta_TTT', 'zeta_TTP', 'zeta_TPP', 'zeta_PPP', 'zeta_Bmod', 'zeta_Dmod') (U=498, N_lam=16) from table_bihalofit_cut7680_r4.npz
[etl-callable] loaded 6/6 nonzero channels ('zeta_TTT', 'zeta_TTP', 'zeta_TPP', 'zeta_PPP', 'zeta_Bmod', 'zeta_Dmod') (U=498, N_lam=16) from table_bihalofit_cut7680_r4.npz
[etl-callable] loaded 6/6 nonzero channels ('zeta_TTT', 'zeta_TTP', 'zeta_TPP', 'zeta_PPP', 'zeta_Bmod', 'zeta_Dmod') (U=498, N_lam=16) from table_bihalofit_cut7680_r4.npz
[etl-callable] loaded 6/6 nonzero channels ('zeta_TTT', 'zeta_TTP', 'zeta_TPP', 'zeta_PPP', 'zeta_Bmod', 'zeta_Dmod') (U=498, N_lam=16) from table_bihalofit_cut7680_r4.npz
[etl-callable] loaded 6/6 nonzero channels ('zeta_TTT', 'zeta_TTP', 'zeta_TPP', 'zeta_PPP', 'zeta_Bmod', 'zeta_Dmod') (U=498, N_lam=16) from table_bihalofit_cut7680_r4.npz
[etl-callable] loaded 6/6 nonzero channels ('zeta_TTT', 'zeta_TTP', 'zeta_TPP', 'zeta_PPP', 'zeta_Bmod', 'zeta_Dmod') (U=498, N_lam=16) from table_bihalofit_cut7680_r4.npz
[etl-callable] loaded 6/6 nonzero channels ('zeta_TTT', 'zeta_TTP', 'zeta_TPP', 'zeta_PPP', 'zeta_Bmod', 'zeta_Dmod') (U=498, N_lam=16) from table_bihalofit_cut7680_r4.npz
[etl-callable] loaded 6/6 nonzero channels ('zeta_TTT', 'zeta_TTP', 'zeta_TPP', 'zeta_PPP', 'zeta_Bmod', 'zeta_Dmod') (U=498, N_lam=16) from table_bihalofit_cut7680_r4.npz
[etl-callable] loaded 6/6 nonzero channels ('zeta_TTT', 'zeta_TTP', 'zeta_TPP', 'zeta_PPP', 'zeta_Bmod', 'zeta_Dmod') (U=498, N_lam=16) from table_bihalofit_cut7680_r4.npz
[etl-callable] loaded 6/6 nonzero channels ('zeta_TTT', 'zeta_TTP', 'zeta_TPP', 'zeta_PPP', 'zeta_Bmod', 'zeta_Dmod') (U=498, N_lam=16) from table_bihalofit_cut7680_r4.npz
[etl-callable] loaded 6/6 nonzero channels ('zeta_TTT', 'zeta_TTP', 'zeta_TPP', 'zeta_PPP', 'zeta_Bmod', 'zeta_Dmod') (U=498, N_lam=16) from table_bihalofit_cut7680_r4.npz
[etl-callable] loaded 6/6 nonzero channels ('zeta_TTT', 'zeta_TTP', 'zeta_TPP', 'zeta_PPP', 'zeta_Bmod', 'zeta_Dmod') (U=498, N_lam=16) from table_bihalofit_cut7680_r4.npz
[etl-callable] loaded 6/6 nonzero channels ('zeta_TTT', 'zeta_TTP', 'zeta_TPP', 'zeta_PPP', 'zeta_Bmod', 'zeta_Dmod') (U=498, N_lam=16) from table_bihalofit_cut7680_r4.npz
[etl-callable] loaded 6/6 nonzero channels ('zeta_TTT', 'zeta_TTP', 'zeta_TPP', 'zeta_PPP', 'zeta_Bmod', 'zeta_Dmod') (U=498, N_lam=16) from table_bihalofit_cut7680_r4.npz
[etl-callable] loaded 6/6 nonzero channels ('zeta_TTT', 'zeta_TTP', 'zeta_TPP', 'zeta_PPP', 'zeta_Bmod', 'zeta_Dmod') (U=498, N_lam=16) from table_bihalofit_cut7680_r4.npz
[etl-callable] loaded 6/6 nonzero channels ('zeta_TTT', 'zeta_TTP', 'zeta_TPP', 'zeta_PPP', 'zeta_Bmod', 'zeta_Dmod') (U=498, N_lam=16) from table_bihalofit_cut7680_r4.npz
[etl-callable] loaded 6/6 nonzero channels ('zeta_TTT', 'zeta_TTP', 'zeta_TPP', 'zeta_PPP', 'zeta_Bmod', 'zeta_Dmod') (U=498, N_lam=16) from table_bihalofit_cut7680_r4.npz
[etl-callable] loaded 6/6 nonzero channels ('zeta_TTT', 'zeta_TTP', 'zeta_TPP', 'zeta_PPP', 'zeta_Bmod', 'zeta_Dmod') (U=498, N_lam=16) from table_bihalofit_cut7680_r4.npz
[etl-callable] loaded 6/6 nonzero channels ('zeta_TTT', 'zeta_TTP', 'zeta_TPP', 'zeta_PPP', 'zeta_Bmod', 'zeta_Dmod') (U=498, N_lam=16) from table_bihalofit_cut7680_r4.npz
[etl-callable] loaded 6/6 nonzero channels ('zeta_TTT', 'zeta_TTP', 'zeta_TPP', 'zeta_PPP', 'zeta_Bmod', 'zeta_Dmod') (U=498, N_lam=16) from table_bihalofit_cut7680_r4.npz
[etl-callable] loaded 6/6 nonzero channels ('zeta_TTT', 'zeta_TTP', 'zeta_TPP', 'zeta_PPP', 'zeta_Bmod', 'zeta_Dmod') (U=498, N_lam=16) from table_bihalofit_cut7680_r4.npz
[etl-callable] loaded 6/6 nonzero channels ('zeta_TTT', 'zeta_TTP', 'zeta_TPP', 'zeta_PPP', 'zeta_Bmod', 'zeta_Dmod') (U=498, N_lam=16) from table_bihalofit_cut7680_r4.npz
[etl-callable] loaded 6/6 nonzero channels ('zeta_TTT', 'zeta_TTP', 'zeta_TPP', 'zeta_PPP', 'zeta_Bmod', 'zeta_Dmod') (U=498, N_lam=16) from table_bihalofit_cut7680_r4.npz
[etl-callable] loaded 6/6 nonzero channels ('zeta_TTT', 'zeta_TTP', 'zeta_TPP', 'zeta_PPP', 'zeta_Bmod', 'zeta_Dmod') (U=498, N_lam=16) from table_bihalofit_cut7680_r4.npz
[etl-callable] loaded 6/6 nonzero channels ('zeta_TTT', 'zeta_TTP', 'zeta_TPP', 'zeta_PPP', 'zeta_Bmod', 'zeta_Dmod') (U=498, N_lam=16) from table_bihalofit_cut7680_r4.npz
[etl-callable] loaded 6/6 nonzero channels ('zeta_TTT', 'zeta_TTP', 'zeta_TPP', 'zeta_PPP', 'zeta_Bmod', 'zeta_Dmod') (U=498, N_lam=16) from table_bihalofit_cut7680_r4.npz
[etl-callable] loaded 6/6 nonzero channels ('zeta_TTT', 'zeta_TTP', 'zeta_TPP', 'zeta_PPP', 'zeta_Bmod', 'zeta_Dmod') (U=498, N_lam=16) from table_bihalofit_cut7680_r4.npz
[etl-callable] loaded 6/6 nonzero channels ('zeta_TTT', 'zeta_TTP', 'zeta_TPP', 'zeta_PPP', 'zeta_Bmod', 'zeta_Dmod') (U=498, N_lam=16) from table_bihalofit_cut7680_r4.npz
[etl-callable] loaded 6/6 nonzero channels ('zeta_TTT', 'zeta_TTP', 'zeta_TPP', 'zeta_PPP', 'zeta_Bmod', 'zeta_Dmod') (U=498, N_lam=16) from table_bihalofit_cut7680_r4.npz
[etl-callable] loaded 6/6 nonzero channels ('zeta_TTT', 'zeta_TTP', 'zeta_TPP', 'zeta_PPP', 'zeta_Bmod', 'zeta_Dmod') (U=498, N_lam=16) from table_bihalofit_cut7680_r4.npz
[etl-callable] loaded 6/6 nonzero channels ('zeta_TTT', 'zeta_TTP', 'zeta_TPP', 'zeta_PPP', 'zeta_Bmod', 'zeta_Dmod') (U=498, N_lam=16) from table_bihalofit_cut7680_r4.npz
[etl-callable] loaded 6/6 nonzero channels ('zeta_TTT', 'zeta_TTP', 'zeta_TPP', 'zeta_PPP', 'zeta_Bmod', 'zeta_Dmod') (U=498, N_lam=16) from table_bihalofit_cut7680_r4.npz
[etl-callable] loaded 6/6 nonzero channels ('zeta_TTT', 'zeta_TTP', 'zeta_TPP', 'zeta_PPP', 'zeta_Bmod', 'zeta_Dmod') (U=498, N_lam=16) from table_bihalofit_cut7680_r4.npz
[etl-callable] loaded 6/6 nonzero channels ('zeta_TTT', 'zeta_TTP', 'zeta_TPP', 'zeta_PPP', 'zeta_Bmod', 'zeta_Dmod') (U=498, N_lam=16) from table_bihalofit_cut7680_r4.npz
[etl-callable] loaded 6/6 nonzero channels ('zeta_TTT', 'zeta_TTP', 'zeta_TPP', 'zeta_PPP', 'zeta_Bmod', 'zeta_Dmod') (U=498, N_lam=16) from table_bihalofit_cut7680_r4.npz
[etl-callable] loaded 6/6 nonzero channels ('zeta_TTT', 'zeta_TTP', 'zeta_TPP', 'zeta_PPP', 'zeta_Bmod', 'zeta_Dmod') (U=498, N_lam=16) from table_bihalofit_cut7680_r4.npz
[etl-callable] loaded 6/6 nonzero channels ('zeta_TTT', 'zeta_TTP', 'zeta_TPP', 'zeta_PPP', 'zeta_Bmod', 'zeta_Dmod') (U=498, N_lam=16) from table_bihalofit_cut7680_r4.npz
[etl-callable] loaded 6/6 nonzero channels ('zeta_TTT', 'zeta_TTP', 'zeta_TPP', 'zeta_PPP', 'zeta_Bmod', 'zeta_Dmod') (U=498, N_lam=16) from table_bihalofit_cut7680_r4.npz
[etl-callable] loaded 6/6 nonzero channels ('zeta_TTT', 'zeta_TTP', 'zeta_TPP', 'zeta_PPP', 'zeta_Bmod', 'zeta_Dmod') (U=498, N_lam=16) from table_bihalofit_cut7680_r4.npz
[etl-callable] loaded 6/6 nonzero channels ('zeta_TTT', 'zeta_TTP', 'zeta_TPP', 'zeta_PPP', 'zeta_Bmod', 'zeta_Dmod') (U=498, N_lam=16) from table_bihalofit_cut7680_r4.npz
[etl-callable] loaded 6/6 nonzero channels ('zeta_TTT', 'zeta_TTP', 'zeta_TPP', 'zeta_PPP', 'zeta_Bmod', 'zeta_Dmod') (U=498, N_lam=16) from table_bihalofit_cut7680_r4.npz
[etl-callable] loaded 6/6 nonzero channels ('zeta_TTT', 'zeta_TTP', 'zeta_TPP', 'zeta_PPP', 'zeta_Bmod', 'zeta_Dmod') (U=498, N_lam=16) from table_bihalofit_cut7680_r4.npz
[etl-callable] loaded 6/6 nonzero channels ('zeta_TTT', 'zeta_TTP', 'zeta_TPP', 'zeta_PPP', 'zeta_Bmod', 'zeta_Dmod') (U=498, N_lam=16) from table_bihalofit_cut7680_r4.npz
[etl-callable] loaded 6/6 nonzero channels ('zeta_TTT', 'zeta_TTP', 'zeta_TPP', 'zeta_PPP', 'zeta_Bmod', 'zeta_Dmod') (U=498, N_lam=16) from table_bihalofit_cut7680_r4.npz
[etl-callable] loaded 6/6 nonzero channels ('zeta_TTT', 'zeta_TTP', 'zeta_TPP', 'zeta_PPP', 'zeta_Bmod', 'zeta_Dmod') (U=498, N_lam=16) from table_bihalofit_cut7680_r4.npz
[etl-callable] loaded 6/6 nonzero channels ('zeta_TTT', 'zeta_TTP', 'zeta_TPP', 'zeta_PPP', 'zeta_Bmod', 'zeta_Dmod') (U=498, N_lam=16) from table_bihalofit_cut7680_r4.npz
[etl-callable] loaded 6/6 nonzero channels ('zeta_TTT', 'zeta_TTP', 'zeta_TPP', 'zeta_PPP', 'zeta_Bmod', 'zeta_Dmod') (U=498, N_lam=16) from table_bihalofit_cut7680_r4.npz
[etl-callable] loaded 6/6 nonzero channels ('zeta_TTT', 'zeta_TTP', 'zeta_TPP', 'zeta_PPP', 'zeta_Bmod', 'zeta_Dmod') (U=498, N_lam=16) from table_bihalofit_cut7680_r4.npz
[etl-callable] loaded 6/6 nonzero channels ('zeta_TTT', 'zeta_TTP', 'zeta_TPP', 'zeta_PPP', 'zeta_Bmod', 'zeta_Dmod') (U=498, N_lam=16) from table_bihalofit_cut7680_r4.npz
[etl-callable] loaded 6/6 nonzero channels ('zeta_TTT', 'zeta_TTP', 'zeta_TPP', 'zeta_PPP', 'zeta_Bmod', 'zeta_Dmod') (U=498, N_lam=16) from table_bihalofit_cut7680_r4.npz
[etl-callable] loaded 6/6 nonzero channels ('zeta_TTT', 'zeta_TTP', 'zeta_TPP', 'zeta_PPP', 'zeta_Bmod', 'zeta_Dmod') (U=498, N_lam=16) from table_bihalofit_cut7680_r4.npz
[etl-callable] loaded 6/6 nonzero channels ('zeta_TTT', 'zeta_TTP', 'zeta_TPP', 'zeta_PPP', 'zeta_Bmod', 'zeta_Dmod') (U=498, N_lam=16) from table_bihalofit_cut7680_r4.npz
[etl-callable] loaded 6/6 nonzero channels ('zeta_TTT', 'zeta_TTP', 'zeta_TPP', 'zeta_PPP', 'zeta_Bmod', 'zeta_Dmod') (U=498, N_lam=16) from table_bihalofit_cut7680_r4.npz
[etl-callable] loaded 6/6 nonzero channels ('zeta_TTT', 'zeta_TTP', 'zeta_TPP', 'zeta_PPP', 'zeta_Bmod', 'zeta_Dmod') (U=498, N_lam=16) from table_bihalofit_cut7680_r4.npz
[etl-callable] loaded 6/6 nonzero channels ('zeta_TTT', 'zeta_TTP', 'zeta_TPP', 'zeta_PPP', 'zeta_Bmod', 'zeta_Dmod') (U=498, N_lam=16) from table_bihalofit_cut7680_r4.npz
[etl-callable] loaded 6/6 nonzero channels ('zeta_TTT', 'zeta_TTP', 'zeta_TPP', 'zeta_PPP', 'zeta_Bmod', 'zeta_Dmod') (U=498, N_lam=16) from table_bihalofit_cut7680_r4.npz
[etl-callable] loaded 6/6 nonzero channels ('zeta_TTT', 'zeta_TTP', 'zeta_TPP', 'zeta_PPP', 'zeta_Bmod', 'zeta_Dmod') (U=498, N_lam=16) from table_bihalofit_cut7680_r4.npz
[etl-callable] loaded 6/6 nonzero channels ('zeta_TTT', 'zeta_TTP', 'zeta_TPP', 'zeta_PPP', 'zeta_Bmod', 'zeta_Dmod') (U=498, N_lam=16) from table_bihalofit_cut7680_r4.npz
[etl-callable] loaded 6/6 nonzero channels ('zeta_TTT', 'zeta_TTP', 'zeta_TPP', 'zeta_PPP', 'zeta_Bmod', 'zeta_Dmod') (U=498, N_lam=16) from table_bihalofit_cut7680_r4.npz
[etl-callable] loaded 6/6 nonzero channels ('zeta_TTT', 'zeta_TTP', 'zeta_TPP', 'zeta_PPP', 'zeta_Bmod', 'zeta_Dmod') (U=498, N_lam=16) from table_bihalofit_cut7680_r4.npz
[etl-callable] loaded 6/6 nonzero channels ('zeta_TTT', 'zeta_TTP', 'zeta_TPP', 'zeta_PPP', 'zeta_Bmod', 'zeta_Dmod') (U=498, N_lam=16) from table_bihalofit_cut7680_r4.npz
[etl-callable] loaded 6/6 nonzero channels ('zeta_TTT', 'zeta_TTP', 'zeta_TPP', 'zeta_PPP', 'zeta_Bmod', 'zeta_Dmod') (U=498, N_lam=16) from table_bihalofit_cut7680_r4.npz
[etl-callable] loaded 6/6 nonzero channels ('zeta_TTT', 'zeta_TTP', 'zeta_TPP', 'zeta_PPP', 'zeta_Bmod', 'zeta_Dmod') (U=498, N_lam=16) from table_bihalofit_cut7680_r4.npz
[etl-callable] loaded 6/6 nonzero channels ('zeta_TTT', 'zeta_TTP', 'zeta_TPP', 'zeta_PPP', 'zeta_Bmod', 'zeta_Dmod') (U=498, N_lam=16) from table_bihalofit_cut7680_r4.npz
[etl-callable] loaded 6/6 nonzero channels ('zeta_TTT', 'zeta_TTP', 'zeta_TPP', 'zeta_PPP', 'zeta_Bmod', 'zeta_Dmod') (U=498, N_lam=16) from table_bihalofit_cut7680_r4.npz
[etl-callable] loaded 6/6 nonzero channels ('zeta_TTT', 'zeta_TTP', 'zeta_TPP', 'zeta_PPP', 'zeta_Bmod', 'zeta_Dmod') (U=498, N_lam=16) from table_bihalofit_cut7680_r4.npz
[etl-callable] loaded 6/6 nonzero channels ('zeta_TTT', 'zeta_TTP', 'zeta_TPP', 'zeta_PPP', 'zeta_Bmod', 'zeta_Dmod') (U=498, N_lam=16) from table_bihalofit_cut7680_r4.npz
[etl-callable] loaded 6/6 nonzero channels ('zeta_TTT', 'zeta_TTP', 'zeta_TPP', 'zeta_PPP', 'zeta_Bmod', 'zeta_Dmod') (U=498, N_lam=16) from table_bihalofit_cut7680_r4.npz
[etl-callable] loaded 6/6 nonzero channels ('zeta_TTT', 'zeta_TTP', 'zeta_TPP', 'zeta_PPP', 'zeta_Bmod', 'zeta_Dmod') (U=498, N_lam=16) from table_bihalofit_cut7680_r4.npz
[etl-callable] loaded 6/6 nonzero channels ('zeta_TTT', 'zeta_TTP', 'zeta_TPP', 'zeta_PPP', 'zeta_Bmod', 'zeta_Dmod') (U=498, N_lam=16) from table_bihalofit_cut7680_r4.npz
[etl-callable] loaded 6/6 nonzero channels ('zeta_TTT', 'zeta_TTP', 'zeta_TPP', 'zeta_PPP', 'zeta_Bmod', 'zeta_Dmod') (U=498, N_lam=16) from table_bihalofit_cut7680_r4.npz
[etl-callable] loaded 6/6 nonzero channels ('zeta_TTT', 'zeta_TTP', 'zeta_TPP', 'zeta_PPP', 'zeta_Bmod', 'zeta_Dmod') (U=498, N_lam=16) from table_bihalofit_cut7680_r4.npz
[etl-callable] loaded 6/6 nonzero channels ('zeta_TTT', 'zeta_TTP', 'zeta_TPP', 'zeta_PPP', 'zeta_Bmod', 'zeta_Dmod') (U=498, N_lam=16) from table_bihalofit_cut7680_r4.npz
[etl-callable] loaded 6/6 nonzero channels ('zeta_TTT', 'zeta_TTP', 'zeta_TPP', 'zeta_PPP', 'zeta_Bmod', 'zeta_Dmod') (U=498, N_lam=16) from table_bihalofit_cut7680_r4.npz
[etl-callable] loaded 6/6 nonzero channels ('zeta_TTT', 'zeta_TTP', 'zeta_TPP', 'zeta_PPP', 'zeta_Bmod', 'zeta_Dmod') (U=498, N_lam=16) from table_bihalofit_cut7680_r4.npz
[etl-callable] loaded 6/6 nonzero channels ('zeta_TTT', 'zeta_TTP', 'zeta_TPP', 'zeta_PPP', 'zeta_Bmod', 'zeta_Dmod') (U=498, N_lam=16) from table_bihalofit_cut7680_r4.npz
[etl-callable] loaded 6/6 nonzero channels ('zeta_TTT', 'zeta_TTP', 'zeta_TPP', 'zeta_PPP', 'zeta_Bmod', 'zeta_Dmod') (U=498, N_lam=16) from table_bihalofit_cut7680_r4.npz
[etl-callable] loaded 6/6 nonzero channels ('zeta_TTT', 'zeta_TTP', 'zeta_TPP', 'zeta_PPP', 'zeta_Bmod', 'zeta_Dmod') (U=498, N_lam=16) from table_bihalofit_cut7680_r4.npz
[etl-callable] loaded 6/6 nonzero channels ('zeta_TTT', 'zeta_TTP', 'zeta_TPP', 'zeta_PPP', 'zeta_Bmod', 'zeta_Dmod') (U=498, N_lam=16) from table_bihalofit_cut7680_r4.npz
[etl-callable] loaded 6/6 nonzero channels ('zeta_TTT', 'zeta_TTP', 'zeta_TPP', 'zeta_PPP', 'zeta_Bmod', 'zeta_Dmod') (U=498, N_lam=16) from table_bihalofit_cut7680_r4.npz
[etl-callable] loaded 6/6 nonzero channels ('zeta_TTT', 'zeta_TTP', 'zeta_TPP', 'zeta_PPP', 'zeta_Bmod', 'zeta_Dmod') (U=498, N_lam=16) from table_bihalofit_cut7680_r4.npz
[etl-callable] loaded 6/6 nonzero channels ('zeta_TTT', 'zeta_TTP', 'zeta_TPP', 'zeta_PPP', 'zeta_Bmod', 'zeta_Dmod') (U=498, N_lam=16) from table_bihalofit_cut7680_r4.npz
[etl-callable] loaded 6/6 nonzero channels ('zeta_TTT', 'zeta_TTP', 'zeta_TPP', 'zeta_PPP', 'zeta_Bmod', 'zeta_Dmod') (U=498, N_lam=16) from table_bihalofit_cut7680_r4.npz
[etl-callable] loaded 6/6 nonzero channels ('zeta_TTT', 'zeta_TTP', 'zeta_TPP', 'zeta_PPP', 'zeta_Bmod', 'zeta_Dmod') (U=498, N_lam=16) from table_bihalofit_cut7680_r4.npz
[etl-callable] loaded 6/6 nonzero channels ('zeta_TTT', 'zeta_TTP', 'zeta_TPP', 'zeta_PPP', 'zeta_Bmod', 'zeta_Dmod') (U=498, N_lam=16) from table_bihalofit_cut7680_r4.npz
[etl-callable] loaded 6/6 nonzero channels ('zeta_TTT', 'zeta_TTP', 'zeta_TPP', 'zeta_PPP', 'zeta_Bmod', 'zeta_Dmod') (U=498, N_lam=16) from table_bihalofit_cut7680_r4.npz
[etl-callable] loaded 6/6 nonzero channels ('zeta_TTT', 'zeta_TTP', 'zeta_TPP', 'zeta_PPP', 'zeta_Bmod', 'zeta_Dmod') (U=498, N_lam=16) from table_bihalofit_cut7680_r4.npz
[etl-callable] loaded 6/6 nonzero channels ('zeta_TTT', 'zeta_TTP', 'zeta_TPP', 'zeta_PPP', 'zeta_Bmod', 'zeta_Dmod') (U=498, N_lam=16) from table_bihalofit_cut7680_r4.npz
[etl-callable] loaded 6/6 nonzero channels ('zeta_TTT', 'zeta_TTP', 'zeta_TPP', 'zeta_PPP', 'zeta_Bmod', 'zeta_Dmod') (U=498, N_lam=16) from table_bihalofit_cut7680_r4.npz
[etl-callable] loaded 6/6 nonzero channels ('zeta_TTT', 'zeta_TTP', 'zeta_TPP', 'zeta_PPP', 'zeta_Bmod', 'zeta_Dmod') (U=498, N_lam=16) from table_bihalofit_cut7680_r4.npz
[etl-callable] loaded 6/6 nonzero channels ('zeta_TTT', 'zeta_TTP', 'zeta_TPP', 'zeta_PPP', 'zeta_Bmod', 'zeta_Dmod') (U=498, N_lam=16) from table_bihalofit_cut7680_r4.npz
[etl-callable] loaded 6/6 nonzero channels ('zeta_TTT', 'zeta_TTP', 'zeta_TPP', 'zeta_PPP', 'zeta_Bmod', 'zeta_Dmod') (U=498, N_lam=16) from table_bihalofit_cut7680_r4.npz
[etl-callable] loaded 6/6 nonzero channels ('zeta_TTT', 'zeta_TTP', 'zeta_TPP', 'zeta_PPP', 'zeta_Bmod', 'zeta_Dmod') (U=498, N_lam=16) from table_bihalofit_cut7680_r4.npz
[etl-callable] loaded 6/6 nonzero channels ('zeta_TTT', 'zeta_TTP', 'zeta_TPP', 'zeta_PPP', 'zeta_Bmod', 'zeta_Dmod') (U=498, N_lam=16) from table_bihalofit_cut7680_r4.npz
[etl-callable] loaded 6/6 nonzero channels ('zeta_TTT', 'zeta_TTP', 'zeta_TPP', 'zeta_PPP', 'zeta_Bmod', 'zeta_Dmod') (U=498, N_lam=16) from table_bihalofit_cut7680_r4.npz
[etl-callable] loaded 6/6 nonzero channels ('zeta_TTT', 'zeta_TTP', 'zeta_TPP', 'zeta_PPP', 'zeta_Bmod', 'zeta_Dmod') (U=498, N_lam=16) from table_bihalofit_cut7680_r4.npz
[etl-callable] loaded 6/6 nonzero channels ('zeta_TTT', 'zeta_TTP', 'zeta_TPP', 'zeta_PPP', 'zeta_Bmod', 'zeta_Dmod') (U=498, N_lam=16) from table_bihalofit_cut7680_r4.npz
[etl-callable] loaded 6/6 nonzero channels ('zeta_TTT', 'zeta_TTP', 'zeta_TPP', 'zeta_PPP', 'zeta_Bmod', 'zeta_Dmod') (U=498, N_lam=16) from table_bihalofit_cut7680_r4.npz
[etl-callable] loaded 6/6 nonzero channels ('zeta_TTT', 'zeta_TTP', 'zeta_TPP', 'zeta_PPP', 'zeta_Bmod', 'zeta_Dmod') (U=498, N_lam=16) from table_bihalofit_cut7680_r4.npz
[etl-callable] loaded 6/6 nonzero channels ('zeta_TTT', 'zeta_TTP', 'zeta_TPP', 'zeta_PPP', 'zeta_Bmod', 'zeta_Dmod') (U=498, N_lam=16) from table_bihalofit_cut7680_r4.npz
[etl-callable] loaded 6/6 nonzero channels ('zeta_TTT', 'zeta_TTP', 'zeta_TPP', 'zeta_PPP', 'zeta_Bmod', 'zeta_Dmod') (U=498, N_lam=16) from table_bihalofit_cut7680_r4.npz
[etl-callable] loaded 6/6 nonzero channels ('zeta_TTT', 'zeta_TTP', 'zeta_TPP', 'zeta_PPP', 'zeta_Bmod', 'zeta_Dmod') (U=498, N_lam=16) from table_bihalofit_cut7680_r4.npz
[etl-callable] loaded 6/6 nonzero channels ('zeta_TTT', 'zeta_TTP', 'zeta_TPP', 'zeta_PPP', 'zeta_Bmod', 'zeta_Dmod') (U=498, N_lam=16) from table_bihalofit_cut7680_r4.npz
[etl-callable] loaded 6/6 nonzero channels ('zeta_TTT', 'zeta_TTP', 'zeta_TPP', 'zeta_PPP', 'zeta_Bmod', 'zeta_Dmod') (U=498, N_lam=16) from table_bihalofit_cut7680_r4.npz
[etl-callable] loaded 6/6 nonzero channels ('zeta_TTT', 'zeta_TTP', 'zeta_TPP', 'zeta_PPP', 'zeta_Bmod', 'zeta_Dmod') (U=498, N_lam=16) from table_bihalofit_cut7680_r4.npz
[etl-callable] loaded 6/6 nonzero channels ('zeta_TTT', 'zeta_TTP', 'zeta_TPP', 'zeta_PPP', 'zeta_Bmod', 'zeta_Dmod') (U=498, N_lam=16) from table_bihalofit_cut7680_r4.npz
[etl-callable] loaded 6/6 nonzero channels ('zeta_TTT', 'zeta_TTP', 'zeta_TPP', 'zeta_PPP', 'zeta_Bmod', 'zeta_Dmod') (U=498, N_lam=16) from table_bihalofit_cut7680_r4.npz
[etl-callable] loaded 6/6 nonzero channels ('zeta_TTT', 'zeta_TTP', 'zeta_TPP', 'zeta_PPP', 'zeta_Bmod', 'zeta_Dmod') (U=498, N_lam=16) from table_bihalofit_cut7680_r4.npz
[etl-callable] loaded 6/6 nonzero channels ('zeta_TTT', 'zeta_TTP', 'zeta_TPP', 'zeta_PPP', 'zeta_Bmod', 'zeta_Dmod') (U=498, N_lam=16) from table_bihalofit_cut7680_r4.npz
[etl-callable] loaded 6/6 nonzero channels ('zeta_TTT', 'zeta_TTP', 'zeta_TPP', 'zeta_PPP', 'zeta_Bmod', 'zeta_Dmod') (U=498, N_lam=16) from table_bihalofit_cut7680_r4.npz
[etl-callable] loaded 6/6 nonzero channels ('zeta_TTT', 'zeta_TTP', 'zeta_TPP', 'zeta_PPP', 'zeta_Bmod', 'zeta_Dmod') (U=498, N_lam=16) from table_bihalofit_cut7680_r4.npz
[etl-callable] loaded 6/6 nonzero channels ('zeta_TTT', 'zeta_TTP', 'zeta_TPP', 'zeta_PPP', 'zeta_Bmod', 'zeta_Dmod') (U=498, N_lam=16) from table_bihalofit_cut7680_r4.npz
[etl-callable] loaded 6/6 nonzero channels ('zeta_TTT', 'zeta_TTP', 'zeta_TPP', 'zeta_PPP', 'zeta_Bmod', 'zeta_Dmod') (U=498, N_lam=16) from table_bihalofit_cut7680_r4.npz
[etl-callable] loaded 6/6 nonzero channels ('zeta_TTT', 'zeta_TTP', 'zeta_TPP', 'zeta_PPP', 'zeta_Bmod', 'zeta_Dmod') (U=498, N_lam=16) from table_bihalofit_cut7680_r4.npz
[etl-callable] loaded 6/6 nonzero channels ('zeta_TTT', 'zeta_TTP', 'zeta_TPP', 'zeta_PPP', 'zeta_Bmod', 'zeta_Dmod') (U=498, N_lam=16) from table_bihalofit_cut7680_r4.npz
[etl-callable] loaded 6/6 nonzero channels ('zeta_TTT', 'zeta_TTP', 'zeta_TPP', 'zeta_PPP', 'zeta_Bmod', 'zeta_Dmod') (U=498, N_lam=16) from table_bihalofit_cut7680_r4.npz
[etl-callable] loaded 6/6 nonzero channels ('zeta_TTT', 'zeta_TTP', 'zeta_TPP', 'zeta_PPP', 'zeta_Bmod', 'zeta_Dmod') (U=498, N_lam=16) from table_bihalofit_cut7680_r4.npz
[etl-callable] loaded 6/6 nonzero channels ('zeta_TTT', 'zeta_TTP', 'zeta_TPP', 'zeta_PPP', 'zeta_Bmod', 'zeta_Dmod') (U=498, N_lam=16) from table_bihalofit_cut7680_r4.npz
[etl-callable] loaded 6/6 nonzero channels ('zeta_TTT', 'zeta_TTP', 'zeta_TPP', 'zeta_PPP', 'zeta_Bmod', 'zeta_Dmod') (U=498, N_lam=16) from table_bihalofit_cut7680_r4.npz
[etl-callable] loaded 6/6 nonzero channels ('zeta_TTT', 'zeta_TTP', 'zeta_TPP', 'zeta_PPP', 'zeta_Bmod', 'zeta_Dmod') (U=498, N_lam=16) from table_bihalofit_cut7680_r4.npz
[etl-callable] loaded 6/6 nonzero channels ('zeta_TTT', 'zeta_TTP', 'zeta_TPP', 'zeta_PPP', 'zeta_Bmod', 'zeta_Dmod') (U=498, N_lam=16) from table_bihalofit_cut7680_r4.npz
[etl-callable] loaded 6/6 nonzero channels ('zeta_TTT', 'zeta_TTP', 'zeta_TPP', 'zeta_PPP', 'zeta_Bmod', 'zeta_Dmod') (U=498, N_lam=16) from table_bihalofit_cut7680_r4.npz
[etl-callable] loaded 6/6 nonzero channels ('zeta_TTT', 'zeta_TTP', 'zeta_TPP', 'zeta_PPP', 'zeta_Bmod', 'zeta_Dmod') (U=498, N_lam=16) from table_bihalofit_cut7680_r4.npz
[etl-callable] loaded 6/6 nonzero channels ('zeta_TTT', 'zeta_TTP', 'zeta_TPP', 'zeta_PPP', 'zeta_Bmod', 'zeta_Dmod') (U=498, N_lam=16) from table_bihalofit_cut7680_r4.npz
[etl-callable] loaded 6/6 nonzero channels ('zeta_TTT', 'zeta_TTP', 'zeta_TPP', 'zeta_PPP', 'zeta_Bmod', 'zeta_Dmod') (U=498, N_lam=16) from table_bihalofit_cut7680_r4.npz
[etl-callable] loaded 6/6 nonzero channels ('zeta_TTT', 'zeta_TTP', 'zeta_TPP', 'zeta_PPP', 'zeta_Bmod', 'zeta_Dmod') (U=498, N_lam=16) from table_bihalofit_cut7680_r4.npz
[etl-callable] loaded 6/6 nonzero channels ('zeta_TTT', 'zeta_TTP', 'zeta_TPP', 'zeta_PPP', 'zeta_Bmod', 'zeta_Dmod') (U=498, N_lam=16) from table_bihalofit_cut7680_r4.npz
[etl-callable] loaded 6/6 nonzero channels ('zeta_TTT', 'zeta_TTP', 'zeta_TPP', 'zeta_PPP', 'zeta_Bmod', 'zeta_Dmod') (U=498, N_lam=16) from table_bihalofit_cut7680_r4.npz
[etl-callable] loaded 6/6 nonzero channels ('zeta_TTT', 'zeta_TTP', 'zeta_TPP', 'zeta_PPP', 'zeta_Bmod', 'zeta_Dmod') (U=498, N_lam=16) from table_bihalofit_cut7680_r4.npz
[etl-callable] loaded 6/6 nonzero channels ('zeta_TTT', 'zeta_TTP', 'zeta_TPP', 'zeta_PPP', 'zeta_Bmod', 'zeta_Dmod') (U=498, N_lam=16) from table_bihalofit_cut7680_r4.npz
[etl-callable] loaded 6/6 nonzero channels ('zeta_TTT', 'zeta_TTP', 'zeta_TPP', 'zeta_PPP', 'zeta_Bmod', 'zeta_Dmod') (U=498, N_lam=16) from table_bihalofit_cut7680_r4.npz
[etl-callable] loaded 6/6 nonzero channels ('zeta_TTT', 'zeta_TTP', 'zeta_TPP', 'zeta_PPP', 'zeta_Bmod', 'zeta_Dmod') (U=498, N_lam=16) from table_bihalofit_cut7680_r4.npz
[etl-callable] loaded 6/6 nonzero channels ('zeta_TTT', 'zeta_TTP', 'zeta_TPP', 'zeta_PPP', 'zeta_Bmod', 'zeta_Dmod') (U=498, N_lam=16) from table_bihalofit_cut7680_r4.npz
[etl-callable] loaded 6/6 nonzero channels ('zeta_TTT', 'zeta_TTP', 'zeta_TPP', 'zeta_PPP', 'zeta_Bmod', 'zeta_Dmod') (U=498, N_lam=16) from table_bihalofit_cut7680_r4.npz
[etl-callable] loaded 6/6 nonzero channels ('zeta_TTT', 'zeta_TTP', 'zeta_TPP', 'zeta_PPP', 'zeta_Bmod', 'zeta_Dmod') (U=498, N_lam=16) from table_bihalofit_cut7680_r4.npz
[etl-callable] loaded 6/6 nonzero channels ('zeta_TTT', 'zeta_TTP', 'zeta_TPP', 'zeta_PPP', 'zeta_Bmod', 'zeta_Dmod') (U=498, N_lam=16) from table_bihalofit_cut7680_r4.npz
[etl-callable] loaded 6/6 nonzero channels ('zeta_TTT', 'zeta_TTP', 'zeta_TPP', 'zeta_PPP', 'zeta_Bmod', 'zeta_Dmod') (U=498, N_lam=16) from table_bihalofit_cut7680_r4.npz
[etl-callable] loaded 6/6 nonzero channels ('zeta_TTT', 'zeta_TTP', 'zeta_TPP', 'zeta_PPP', 'zeta_Bmod', 'zeta_Dmod') (U=498, N_lam=16) from table_bihalofit_cut7680_r4.npz
[etl-callable] loaded 6/6 nonzero channels ('zeta_TTT', 'zeta_TTP', 'zeta_TPP', 'zeta_PPP', 'zeta_Bmod', 'zeta_Dmod') (U=498, N_lam=16) from table_bihalofit_cut7680_r4.npz
[etl-callable] loaded 6/6 nonzero channels ('zeta_TTT', 'zeta_TTP', 'zeta_TPP', 'zeta_PPP', 'zeta_Bmod', 'zeta_Dmod') (U=498, N_lam=16) from table_bihalofit_cut7680_r4.npz
[etl-callable] loaded 6/6 nonzero channels ('zeta_TTT', 'zeta_TTP', 'zeta_TPP', 'zeta_PPP', 'zeta_Bmod', 'zeta_Dmod') (U=498, N_lam=16) from table_bihalofit_cut7680_r4.npz
[etl-callable] loaded 6/6 nonzero channels ('zeta_TTT', 'zeta_TTP', 'zeta_TPP', 'zeta_PPP', 'zeta_Bmod', 'zeta_Dmod') (U=498, N_lam=16) from table_bihalofit_cut7680_r4.npz
[etl-callable] loaded 6/6 nonzero channels ('zeta_TTT', 'zeta_TTP', 'zeta_TPP', 'zeta_PPP', 'zeta_Bmod', 'zeta_Dmod') (U=498, N_lam=16) from table_bihalofit_cut7680_r4.npz
[etl-callable] loaded 6/6 nonzero channels ('zeta_TTT', 'zeta_TTP', 'zeta_TPP', 'zeta_PPP', 'zeta_Bmod', 'zeta_Dmod') (U=498, N_lam=16) from table_bihalofit_cut7680_r4.npz
[etl-callable] loaded 6/6 nonzero channels ('zeta_TTT', 'zeta_TTP', 'zeta_TPP', 'zeta_PPP', 'zeta_Bmod', 'zeta_Dmod') (U=498, N_lam=16) from table_bihalofit_cut7680_r4.npz
[etl-callable] loaded 6/6 nonzero channels ('zeta_TTT', 'zeta_TTP', 'zeta_TPP', 'zeta_PPP', 'zeta_Bmod', 'zeta_Dmod') (U=498, N_lam=16) from table_bihalofit_cut7680_r4.npz
[etl-callable] loaded 6/6 nonzero channels ('zeta_TTT', 'zeta_TTP', 'zeta_TPP', 'zeta_PPP', 'zeta_Bmod', 'zeta_Dmod') (U=498, N_lam=16) from table_bihalofit_cut7680_r4.npz
[etl-callable] loaded 6/6 nonzero channels ('zeta_TTT', 'zeta_TTP', 'zeta_TPP', 'zeta_PPP', 'zeta_Bmod', 'zeta_Dmod') (U=498, N_lam=16) from table_bihalofit_cut7680_r4.npz
[etl-callable] loaded 6/6 nonzero channels ('zeta_TTT', 'zeta_TTP', 'zeta_TPP', 'zeta_PPP', 'zeta_Bmod', 'zeta_Dmod') (U=498, N_lam=16) from table_bihalofit_cut7680_r4.npz
[etl-callable] loaded 6/6 nonzero channels ('zeta_TTT', 'zeta_TTP', 'zeta_TPP', 'zeta_PPP', 'zeta_Bmod', 'zeta_Dmod') (U=498, N_lam=16) from table_bihalofit_cut7680_r4.npz
[etl-callable] loaded 6/6 nonzero channels ('zeta_TTT', 'zeta_TTP', 'zeta_TPP', 'zeta_PPP', 'zeta_Bmod', 'zeta_Dmod') (U=498, N_lam=16) from table_bihalofit_cut7680_r4.npz
[etl-callable] loaded 6/6 nonzero channels ('zeta_TTT', 'zeta_TTP', 'zeta_TPP', 'zeta_PPP', 'zeta_Bmod', 'zeta_Dmod') (U=498, N_lam=16) from table_bihalofit_cut7680_r4.npz
[etl-callable] loaded 6/6 nonzero channels ('zeta_TTT', 'zeta_TTP', 'zeta_TPP', 'zeta_PPP', 'zeta_Bmod', 'zeta_Dmod') (U=498, N_lam=16) from table_bihalofit_cut7680_r4.npz
[etl-callable] loaded 6/6 nonzero channels ('zeta_TTT', 'zeta_TTP', 'zeta_TPP', 'zeta_PPP', 'zeta_Bmod', 'zeta_Dmod') (U=498, N_lam=16) from table_bihalofit_cut7680_r4.npz
[etl-callable] loaded 6/6 nonzero channels ('zeta_TTT', 'zeta_TTP', 'zeta_TPP', 'zeta_PPP', 'zeta_Bmod', 'zeta_Dmod') (U=498, N_lam=16) from table_bihalofit_cut7680_r4.npz
[etl-callable] loaded 6/6 nonzero channels ('zeta_TTT', 'zeta_TTP', 'zeta_TPP', 'zeta_PPP', 'zeta_Bmod', 'zeta_Dmod') (U=498, N_lam=16) from table_bihalofit_cut7680_r4.npz
[etl-callable] loaded 6/6 nonzero channels ('zeta_TTT', 'zeta_TTP', 'zeta_TPP', 'zeta_PPP', 'zeta_Bmod', 'zeta_Dmod') (U=498, N_lam=16) from table_bihalofit_cut7680_r4.npz
[etl-callable] loaded 6/6 nonzero channels ('zeta_TTT', 'zeta_TTP', 'zeta_TPP', 'zeta_PPP', 'zeta_Bmod', 'zeta_Dmod') (U=498, N_lam=16) from table_bihalofit_cut7680_r4.npz
[etl-callable] loaded 6/6 nonzero channels ('zeta_TTT', 'zeta_TTP', 'zeta_TPP', 'zeta_PPP', 'zeta_Bmod', 'zeta_Dmod') (U=498, N_lam=16) from table_bihalofit_cut7680_r4.npz
[etl-callable] loaded 6/6 nonzero channels ('zeta_TTT', 'zeta_TTP', 'zeta_TPP', 'zeta_PPP', 'zeta_Bmod', 'zeta_Dmod') (U=498, N_lam=16) from table_bihalofit_cut7680_r4.npz
[etl-callable] loaded 6/6 nonzero channels ('zeta_TTT', 'zeta_TTP', 'zeta_TPP', 'zeta_PPP', 'zeta_Bmod', 'zeta_Dmod') (U=498, N_lam=16) from table_bihalofit_cut7680_r4.npz
[etl-callable] loaded 6/6 nonzero channels ('zeta_TTT', 'zeta_TTP', 'zeta_TPP', 'zeta_PPP', 'zeta_Bmod', 'zeta_Dmod') (U=498, N_lam=16) from table_bihalofit_cut7680_r4.npz
[etl-callable] loaded 6/6 nonzero channels ('zeta_TTT', 'zeta_TTP', 'zeta_TPP', 'zeta_PPP', 'zeta_Bmod', 'zeta_Dmod') (U=498, N_lam=16) from table_bihalofit_cut7680_r4.npz
[etl-callable] loaded 6/6 nonzero channels ('zeta_TTT', 'zeta_TTP', 'zeta_TPP', 'zeta_PPP', 'zeta_Bmod', 'zeta_Dmod') (U=498, N_lam=16) from table_bihalofit_cut7680_r4.npz
[etl-callable] loaded 6/6 nonzero channels ('zeta_TTT', 'zeta_TTP', 'zeta_TPP', 'zeta_PPP', 'zeta_Bmod', 'zeta_Dmod') (U=498, N_lam=16) from table_bihalofit_cut7680_r4.npz
[etl-callable] loaded 6/6 nonzero channels ('zeta_TTT', 'zeta_TTP', 'zeta_TPP', 'zeta_PPP', 'zeta_Bmod', 'zeta_Dmod') (U=498, N_lam=16) from table_bihalofit_cut7680_r4.npz
[etl-callable] loaded 6/6 nonzero channels ('zeta_TTT', 'zeta_TTP', 'zeta_TPP', 'zeta_PPP', 'zeta_Bmod', 'zeta_Dmod') (U=498, N_lam=16) from table_bihalofit_cut7680_r4.npz
[etl-callable] loaded 6/6 nonzero channels ('zeta_TTT', 'zeta_TTP', 'zeta_TPP', 'zeta_PPP', 'zeta_Bmod', 'zeta_Dmod') (U=498, N_lam=16) from table_bihalofit_cut7680_r4.npz
[etl-callable] loaded 6/6 nonzero channels ('zeta_TTT', 'zeta_TTP', 'zeta_TPP', 'zeta_PPP', 'zeta_Bmod', 'zeta_Dmod') (U=498, N_lam=16) from table_bihalofit_cut7680_r4.npz
[etl-callable] loaded 6/6 nonzero channels ('zeta_TTT', 'zeta_TTP', 'zeta_TPP', 'zeta_PPP', 'zeta_Bmod', 'zeta_Dmod') (U=498, N_lam=16) from table_bihalofit_cut7680_r4.npz
[etl-callable] loaded 6/6 nonzero channels ('zeta_TTT', 'zeta_TTP', 'zeta_TPP', 'zeta_PPP', 'zeta_Bmod', 'zeta_Dmod') (U=498, N_lam=16) from table_bihalofit_cut7680_r4.npz
[etl-callable] loaded 6/6 nonzero channels ('zeta_TTT', 'zeta_TTP', 'zeta_TPP', 'zeta_PPP', 'zeta_Bmod', 'zeta_Dmod') (U=498, N_lam=16) from table_bihalofit_cut7680_r4.npz
[etl-callable] loaded 6/6 nonzero channels ('zeta_TTT', 'zeta_TTP', 'zeta_TPP', 'zeta_PPP', 'zeta_Bmod', 'zeta_Dmod') (U=498, N_lam=16) from table_bihalofit_cut7680_r4.npz
[etl-callable] loaded 6/6 nonzero channels ('zeta_TTT', 'zeta_TTP', 'zeta_TPP', 'zeta_PPP', 'zeta_Bmod', 'zeta_Dmod') (U=498, N_lam=16) from table_bihalofit_cut7680_r4.npz
[etl-callable] loaded 6/6 nonzero channels ('zeta_TTT', 'zeta_TTP', 'zeta_TPP', 'zeta_PPP', 'zeta_Bmod', 'zeta_Dmod') (U=498, N_lam=16) from table_bihalofit_cut7680_r4.npz
[etl-callable] loaded 6/6 nonzero channels ('zeta_TTT', 'zeta_TTP', 'zeta_TPP', 'zeta_PPP', 'zeta_Bmod', 'zeta_Dmod') (U=498, N_lam=16) from table_bihalofit_cut7680_r4.npz
[etl-callable] loaded 6/6 nonzero channels ('zeta_TTT', 'zeta_TTP', 'zeta_TPP', 'zeta_PPP', 'zeta_Bmod', 'zeta_Dmod') (U=498, N_lam=16) from table_bihalofit_cut7680_r4.npz
[etl-callable] loaded 6/6 nonzero channels ('zeta_TTT', 'zeta_TTP', 'zeta_TPP', 'zeta_PPP', 'zeta_Bmod', 'zeta_Dmod') (U=498, N_lam=16) from table_bihalofit_cut7680_r4.npz
[etl-callable] loaded 6/6 nonzero channels ('zeta_TTT', 'zeta_TTP', 'zeta_TPP', 'zeta_PPP', 'zeta_Bmod', 'zeta_Dmod') (U=498, N_lam=16) from table_bihalofit_cut7680_r4.npz
[etl-callable] loaded 6/6 nonzero channels ('zeta_TTT', 'zeta_TTP', 'zeta_TPP', 'zeta_PPP', 'zeta_Bmod', 'zeta_Dmod') (U=498, N_lam=16) from table_bihalofit_cut7680_r4.npz
[etl-callable] loaded 6/6 nonzero channels ('zeta_TTT', 'zeta_TTP', 'zeta_TPP', 'zeta_PPP', 'zeta_Bmod', 'zeta_Dmod') (U=498, N_lam=16) from table_bihalofit_cut7680_r4.npz
[etl-callable] loaded 6/6 nonzero channels ('zeta_TTT', 'zeta_TTP', 'zeta_TPP', 'zeta_PPP', 'zeta_Bmod', 'zeta_Dmod') (U=498, N_lam=16) from table_bihalofit_cut7680_r4.npz
[etl-callable] loaded 6/6 nonzero channels ('zeta_TTT', 'zeta_TTP', 'zeta_TPP', 'zeta_PPP', 'zeta_Bmod', 'zeta_Dmod') (U=498, N_lam=16) from table_bihalofit_cut7680_r4.npz
[etl-callable] loaded 6/6 nonzero channels ('zeta_TTT', 'zeta_TTP', 'zeta_TPP', 'zeta_PPP', 'zeta_Bmod', 'zeta_Dmod') (U=498, N_lam=16) from table_bihalofit_cut7680_r4.npz
[etl-callable] loaded 6/6 nonzero channels ('zeta_TTT', 'zeta_TTP', 'zeta_TPP', 'zeta_PPP', 'zeta_Bmod', 'zeta_Dmod') (U=498, N_lam=16) from table_bihalofit_cut7680_r4.npz
[etl-callable] loaded 6/6 nonzero channels ('zeta_TTT', 'zeta_TTP', 'zeta_TPP', 'zeta_PPP', 'zeta_Bmod', 'zeta_Dmod') (U=498, N_lam=16) from table_bihalofit_cut7680_r4.npz
[etl-callable] loaded 6/6 nonzero channels ('zeta_TTT', 'zeta_TTP', 'zeta_TPP', 'zeta_PPP', 'zeta_Bmod', 'zeta_Dmod') (U=498, N_lam=16) from table_bihalofit_cut7680_r4.npz
[etl-callable] loaded 6/6 nonzero channels ('zeta_TTT', 'zeta_TTP', 'zeta_TPP', 'zeta_PPP', 'zeta_Bmod', 'zeta_Dmod') (U=498, N_lam=16) from table_bihalofit_cut7680_r4.npz
[etl-callable] loaded 6/6 nonzero channels ('zeta_TTT', 'zeta_TTP', 'zeta_TPP', 'zeta_PPP', 'zeta_Bmod', 'zeta_Dmod') (U=498, N_lam=16) from table_bihalofit_cut7680_r4.npz
[etl-callable] loaded 6/6 nonzero channels ('zeta_TTT', 'zeta_TTP', 'zeta_TPP', 'zeta_PPP', 'zeta_Bmod', 'zeta_Dmod') (U=498, N_lam=16) from table_bihalofit_cut7680_r4.npz
[etl-callable] loaded 6/6 nonzero channels ('zeta_TTT', 'zeta_TTP', 'zeta_TPP', 'zeta_PPP', 'zeta_Bmod', 'zeta_Dmod') (U=498, N_lam=16) from table_bihalofit_cut7680_r4.npz
[etl-callable] loaded 6/6 nonzero channels ('zeta_TTT', 'zeta_TTP', 'zeta_TPP', 'zeta_PPP', 'zeta_Bmod', 'zeta_Dmod') (U=498, N_lam=16) from table_bihalofit_cut7680_r4.npz
[etl-callable] loaded 6/6 nonzero channels ('zeta_TTT', 'zeta_TTP', 'zeta_TPP', 'zeta_PPP', 'zeta_Bmod', 'zeta_Dmod') (U=498, N_lam=16) from table_bihalofit_cut7680_r4.npz
[etl-callable] loaded 6/6 nonzero channels ('zeta_TTT', 'zeta_TTP', 'zeta_TPP', 'zeta_PPP', 'zeta_Bmod', 'zeta_Dmod') (U=498, N_lam=16) from table_bihalofit_cut7680_r4.npz
[etl-callable] loaded 6/6 nonzero channels ('zeta_TTT', 'zeta_TTP', 'zeta_TPP', 'zeta_PPP', 'zeta_Bmod', 'zeta_Dmod') (U=498, N_lam=16) from table_bihalofit_cut7680_r4.npz
[etl-callable] loaded 6/6 nonzero channels ('zeta_TTT', 'zeta_TTP', 'zeta_TPP', 'zeta_PPP', 'zeta_Bmod', 'zeta_Dmod') (U=498, N_lam=16) from table_bihalofit_cut7680_r4.npz
[etl-callable] loaded 6/6 nonzero channels ('zeta_TTT', 'zeta_TTP', 'zeta_TPP', 'zeta_PPP', 'zeta_Bmod', 'zeta_Dmod') (U=498, N_lam=16) from table_bihalofit_cut7680_r4.npz
[etl-callable] loaded 6/6 nonzero channels ('zeta_TTT', 'zeta_TTP', 'zeta_TPP', 'zeta_PPP', 'zeta_Bmod', 'zeta_Dmod') (U=498, N_lam=16) from table_bihalofit_cut7680_r4.npz
[etl-callable] loaded 6/6 nonzero channels ('zeta_TTT', 'zeta_TTP', 'zeta_TPP', 'zeta_PPP', 'zeta_Bmod', 'zeta_Dmod') (U=498, N_lam=16) from table_bihalofit_cut7680_r4.npz
[etl-callable] loaded 6/6 nonzero channels ('zeta_TTT', 'zeta_TTP', 'zeta_TPP', 'zeta_PPP', 'zeta_Bmod', 'zeta_Dmod') (U=498, N_lam=16) from table_bihalofit_cut7680_r4.npz
[etl-callable] loaded 6/6 nonzero channels ('zeta_TTT', 'zeta_TTP', 'zeta_TPP', 'zeta_PPP', 'zeta_Bmod', 'zeta_Dmod') (U=498, N_lam=16) from table_bihalofit_cut7680_r4.npz
[etl-callable] loaded 6/6 nonzero channels ('zeta_TTT', 'zeta_TTP', 'zeta_TPP', 'zeta_PPP', 'zeta_Bmod', 'zeta_Dmod') (U=498, N_lam=16) from table_bihalofit_cut7680_r4.npz
[run_FF_single] done in 188.3 s
[etl-callable] loaded 6/6 nonzero channels ('zeta_TTT', 'zeta_TTP', 'zeta_TPP', 'zeta_PPP', 'zeta_Bmod', 'zeta_Dmod') (U=498, N_lam=16) from table_bihalofit_cut7680_r4.npz
[etl-callable] loaded 6/6 nonzero channels ('zeta_TTT', 'zeta_TTP', 'zeta_TPP', 'zeta_PPP', 'zeta_Bmod', 'zeta_Dmod') (U=498, N_lam=16) from table_bihalofit_cut7680_r4.npz
[etl-callable] loaded 6/6 nonzero channels ('zeta_TTT', 'zeta_TTP', 'zeta_TPP', 'zeta_PPP', 'zeta_Bmod', 'zeta_Dmod') (U=498, N_lam=16) from table_bihalofit_cut7680_r4.npz
[fk] /opt/homebrew/Caskroom/miniconda/base/envs/sft-wick/bin/python /Users/zzhang/Documents/MyDrafts/STF_lensing/SFT-lensing-paper-analyses/sachs_sft/scripts/run_FF_single.py /Users/zzhang/Documents/MyDrafts/STF_lensing/SFT-lensing-paper-analyses/sachs_sft/scripts/inputs/kappa2_grid_lcut0_low_empty.npz /Users/zzhang/Documents/MyDrafts/STF_lensing/driver_field_emulators/products/table_bihalofit_cut7680_r4_xi.npz
[fk] wrote /Users/zzhang/Documents/MyDrafts/STF_lensing/driver_field_emulators/products/table_bihalofit_cut7680_r4_xi.npz
[asm] 1828 rows, model=bihalofit, cutoff=15360, windows=[(60, 120), (120, 240), (240, 480), (480, 960), (960, 1920), (1920, 3840), (3840, 7680), (7680, 15360)]
[asm] -> /Users/zzhang/Documents/MyDrafts/STF_lensing/driver_field_emulators/products/table_bihalofit_cut15360_r4.npz (1.5 MB)
[run_FF_single] kappa2 = kappa2_grid_lcut0_low_empty.npz
[run_FF_single] sigma2 = disabled
[run_FF_single] sweep.n_gauss = 24
[run_FF_single] expand.orders = (0, 2)
[run_FF_single] -> /Users/zzhang/Documents/MyDrafts/STF_lensing/driver_field_emulators/products/table_bihalofit_cut15360_r4_xi.npz
[etl-callable] loaded 6/6 nonzero channels ('zeta_TTT', 'zeta_TTP', 'zeta_TPP', 'zeta_PPP', 'zeta_Bmod', 'zeta_Dmod') (U=498, N_lam=16) from table_bihalofit_cut15360_r4.npz
[etl-callable] loaded 6/6 nonzero channels ('zeta_TTT', 'zeta_TTP', 'zeta_TPP', 'zeta_PPP', 'zeta_Bmod', 'zeta_Dmod') (U=498, N_lam=16) from table_bihalofit_cut15360_r4.npz
[etl-callable] loaded 6/6 nonzero channels ('zeta_TTT', 'zeta_TTP', 'zeta_TPP', 'zeta_PPP', 'zeta_Bmod', 'zeta_Dmod') (U=498, N_lam=16) from table_bihalofit_cut15360_r4.npz
/opt/homebrew/Caskroom/miniconda/base/envs/sft-wick/lib/python3.14/site-packages/joblib/externals/loky/process_executor.py:782: UserWarning: A worker stopped while some jobs were given to the executor. This can be caused by a too short worker timeout or by a memory leak.
  warnings.warn(
[etl-callable] loaded 6/6 nonzero channels ('zeta_TTT', 'zeta_TTP', 'zeta_TPP', 'zeta_PPP', 'zeta_Bmod', 'zeta_Dmod') (U=498, N_lam=16) from table_bihalofit_cut15360_r4.npz
[etl-callable] loaded 6/6 nonzero channels ('zeta_TTT', 'zeta_TTP', 'zeta_TPP', 'zeta_PPP', 'zeta_Bmod', 'zeta_Dmod') (U=498, N_lam=16) from table_bihalofit_cut15360_r4.npz
[etl-callable] loaded 6/6 nonzero channels ('zeta_TTT', 'zeta_TTP', 'zeta_TPP', 'zeta_PPP', 'zeta_Bmod', 'zeta_Dmod') (U=498, N_lam=16) from table_bihalofit_cut15360_r4.npz
[etl-callable] loaded 6/6 nonzero channels ('zeta_TTT', 'zeta_TTP', 'zeta_TPP', 'zeta_PPP', 'zeta_Bmod', 'zeta_Dmod') (U=498, N_lam=16) from table_bihalofit_cut15360_r4.npz
[etl-callable] loaded 6/6 nonzero channels ('zeta_TTT', 'zeta_TTP', 'zeta_TPP', 'zeta_PPP', 'zeta_Bmod', 'zeta_Dmod') (U=498, N_lam=16) from table_bihalofit_cut15360_r4.npz
[etl-callable] loaded 6/6 nonzero channels ('zeta_TTT', 'zeta_TTP', 'zeta_TPP', 'zeta_PPP', 'zeta_Bmod', 'zeta_Dmod') (U=498, N_lam=16) from table_bihalofit_cut15360_r4.npz
[etl-callable] loaded 6/6 nonzero channels ('zeta_TTT', 'zeta_TTP', 'zeta_TPP', 'zeta_PPP', 'zeta_Bmod', 'zeta_Dmod') (U=498, N_lam=16) from table_bihalofit_cut15360_r4.npz
[etl-callable] loaded 6/6 nonzero channels ('zeta_TTT', 'zeta_TTP', 'zeta_TPP', 'zeta_PPP', 'zeta_Bmod', 'zeta_Dmod') (U=498, N_lam=16) from table_bihalofit_cut15360_r4.npz
[etl-callable] loaded 6/6 nonzero channels ('zeta_TTT', 'zeta_TTP', 'zeta_TPP', 'zeta_PPP', 'zeta_Bmod', 'zeta_Dmod') (U=498, N_lam=16) from table_bihalofit_cut15360_r4.npz
[etl-callable] loaded 6/6 nonzero channels ('zeta_TTT', 'zeta_TTP', 'zeta_TPP', 'zeta_PPP', 'zeta_Bmod', 'zeta_Dmod') (U=498, N_lam=16) from table_bihalofit_cut15360_r4.npz
[etl-callable] loaded 6/6 nonzero channels ('zeta_TTT', 'zeta_TTP', 'zeta_TPP', 'zeta_PPP', 'zeta_Bmod', 'zeta_Dmod') (U=498, N_lam=16) from table_bihalofit_cut15360_r4.npz
[etl-callable] loaded 6/6 nonzero channels ('zeta_TTT', 'zeta_TTP', 'zeta_TPP', 'zeta_PPP', 'zeta_Bmod', 'zeta_Dmod') (U=498, N_lam=16) from table_bihalofit_cut15360_r4.npz
[etl-callable] loaded 6/6 nonzero channels ('zeta_TTT', 'zeta_TTP', 'zeta_TPP', 'zeta_PPP', 'zeta_Bmod', 'zeta_Dmod') (U=498, N_lam=16) from table_bihalofit_cut15360_r4.npz
[etl-callable] loaded 6/6 nonzero channels ('zeta_TTT', 'zeta_TTP', 'zeta_TPP', 'zeta_PPP', 'zeta_Bmod', 'zeta_Dmod') (U=498, N_lam=16) from table_bihalofit_cut15360_r4.npz
[etl-callable] loaded 6/6 nonzero channels ('zeta_TTT', 'zeta_TTP', 'zeta_TPP', 'zeta_PPP', 'zeta_Bmod', 'zeta_Dmod') (U=498, N_lam=16) from table_bihalofit_cut15360_r4.npz
[etl-callable] loaded 6/6 nonzero channels ('zeta_TTT', 'zeta_TTP', 'zeta_TPP', 'zeta_PPP', 'zeta_Bmod', 'zeta_Dmod') (U=498, N_lam=16) from table_bihalofit_cut15360_r4.npz
[etl-callable] loaded 6/6 nonzero channels ('zeta_TTT', 'zeta_TTP', 'zeta_TPP', 'zeta_PPP', 'zeta_Bmod', 'zeta_Dmod') (U=498, N_lam=16) from table_bihalofit_cut15360_r4.npz
[etl-callable] loaded 6/6 nonzero channels ('zeta_TTT', 'zeta_TTP', 'zeta_TPP', 'zeta_PPP', 'zeta_Bmod', 'zeta_Dmod') (U=498, N_lam=16) from table_bihalofit_cut15360_r4.npz
[etl-callable] loaded 6/6 nonzero channels ('zeta_TTT', 'zeta_TTP', 'zeta_TPP', 'zeta_PPP', 'zeta_Bmod', 'zeta_Dmod') (U=498, N_lam=16) from table_bihalofit_cut15360_r4.npz
[etl-callable] loaded 6/6 nonzero channels ('zeta_TTT', 'zeta_TTP', 'zeta_TPP', 'zeta_PPP', 'zeta_Bmod', 'zeta_Dmod') (U=498, N_lam=16) from table_bihalofit_cut15360_r4.npz
[etl-callable] loaded 6/6 nonzero channels ('zeta_TTT', 'zeta_TTP', 'zeta_TPP', 'zeta_PPP', 'zeta_Bmod', 'zeta_Dmod') (U=498, N_lam=16) from table_bihalofit_cut15360_r4.npz
[etl-callable] loaded 6/6 nonzero channels ('zeta_TTT', 'zeta_TTP', 'zeta_TPP', 'zeta_PPP', 'zeta_Bmod', 'zeta_Dmod') (U=498, N_lam=16) from table_bihalofit_cut15360_r4.npz
[etl-callable] loaded 6/6 nonzero channels ('zeta_TTT', 'zeta_TTP', 'zeta_TPP', 'zeta_PPP', 'zeta_Bmod', 'zeta_Dmod') (U=498, N_lam=16) from table_bihalofit_cut15360_r4.npz
[etl-callable] loaded 6/6 nonzero channels ('zeta_TTT', 'zeta_TTP', 'zeta_TPP', 'zeta_PPP', 'zeta_Bmod', 'zeta_Dmod') (U=498, N_lam=16) from table_bihalofit_cut15360_r4.npz
[etl-callable] loaded 6/6 nonzero channels ('zeta_TTT', 'zeta_TTP', 'zeta_TPP', 'zeta_PPP', 'zeta_Bmod', 'zeta_Dmod') (U=498, N_lam=16) from table_bihalofit_cut15360_r4.npz
[etl-callable] loaded 6/6 nonzero channels ('zeta_TTT', 'zeta_TTP', 'zeta_TPP', 'zeta_PPP', 'zeta_Bmod', 'zeta_Dmod') (U=498, N_lam=16) from table_bihalofit_cut15360_r4.npz
[etl-callable] loaded 6/6 nonzero channels ('zeta_TTT', 'zeta_TTP', 'zeta_TPP', 'zeta_PPP', 'zeta_Bmod', 'zeta_Dmod') (U=498, N_lam=16) from table_bihalofit_cut15360_r4.npz
[etl-callable] loaded 6/6 nonzero channels ('zeta_TTT', 'zeta_TTP', 'zeta_TPP', 'zeta_PPP', 'zeta_Bmod', 'zeta_Dmod') (U=498, N_lam=16) from table_bihalofit_cut15360_r4.npz
[etl-callable] loaded 6/6 nonzero channels ('zeta_TTT', 'zeta_TTP', 'zeta_TPP', 'zeta_PPP', 'zeta_Bmod', 'zeta_Dmod') (U=498, N_lam=16) from table_bihalofit_cut15360_r4.npz
[etl-callable] loaded 6/6 nonzero channels ('zeta_TTT', 'zeta_TTP', 'zeta_TPP', 'zeta_PPP', 'zeta_Bmod', 'zeta_Dmod') (U=498, N_lam=16) from table_bihalofit_cut15360_r4.npz
[etl-callable] loaded 6/6 nonzero channels ('zeta_TTT', 'zeta_TTP', 'zeta_TPP', 'zeta_PPP', 'zeta_Bmod', 'zeta_Dmod') (U=498, N_lam=16) from table_bihalofit_cut15360_r4.npz
[etl-callable] loaded 6/6 nonzero channels ('zeta_TTT', 'zeta_TTP', 'zeta_TPP', 'zeta_PPP', 'zeta_Bmod', 'zeta_Dmod') (U=498, N_lam=16) from table_bihalofit_cut15360_r4.npz
[etl-callable] loaded 6/6 nonzero channels ('zeta_TTT', 'zeta_TTP', 'zeta_TPP', 'zeta_PPP', 'zeta_Bmod', 'zeta_Dmod') (U=498, N_lam=16) from table_bihalofit_cut15360_r4.npz
[etl-callable] loaded 6/6 nonzero channels ('zeta_TTT', 'zeta_TTP', 'zeta_TPP', 'zeta_PPP', 'zeta_Bmod', 'zeta_Dmod') (U=498, N_lam=16) from table_bihalofit_cut15360_r4.npz
[etl-callable] loaded 6/6 nonzero channels ('zeta_TTT', 'zeta_TTP', 'zeta_TPP', 'zeta_PPP', 'zeta_Bmod', 'zeta_Dmod') (U=498, N_lam=16) from table_bihalofit_cut15360_r4.npz
[etl-callable] loaded 6/6 nonzero channels ('zeta_TTT', 'zeta_TTP', 'zeta_TPP', 'zeta_PPP', 'zeta_Bmod', 'zeta_Dmod') (U=498, N_lam=16) from table_bihalofit_cut15360_r4.npz
[etl-callable] loaded 6/6 nonzero channels ('zeta_TTT', 'zeta_TTP', 'zeta_TPP', 'zeta_PPP', 'zeta_Bmod', 'zeta_Dmod') (U=498, N_lam=16) from table_bihalofit_cut15360_r4.npz
[etl-callable] loaded 6/6 nonzero channels ('zeta_TTT', 'zeta_TTP', 'zeta_TPP', 'zeta_PPP', 'zeta_Bmod', 'zeta_Dmod') (U=498, N_lam=16) from table_bihalofit_cut15360_r4.npz
[etl-callable] loaded 6/6 nonzero channels ('zeta_TTT', 'zeta_TTP', 'zeta_TPP', 'zeta_PPP', 'zeta_Bmod', 'zeta_Dmod') (U=498, N_lam=16) from table_bihalofit_cut15360_r4.npz
[etl-callable] loaded 6/6 nonzero channels ('zeta_TTT', 'zeta_TTP', 'zeta_TPP', 'zeta_PPP', 'zeta_Bmod', 'zeta_Dmod') (U=498, N_lam=16) from table_bihalofit_cut15360_r4.npz
[etl-callable] loaded 6/6 nonzero channels ('zeta_TTT', 'zeta_TTP', 'zeta_TPP', 'zeta_PPP', 'zeta_Bmod', 'zeta_Dmod') (U=498, N_lam=16) from table_bihalofit_cut15360_r4.npz
[etl-callable] loaded 6/6 nonzero channels ('zeta_TTT', 'zeta_TTP', 'zeta_TPP', 'zeta_PPP', 'zeta_Bmod', 'zeta_Dmod') (U=498, N_lam=16) from table_bihalofit_cut15360_r4.npz
[etl-callable] loaded 6/6 nonzero channels ('zeta_TTT', 'zeta_TTP', 'zeta_TPP', 'zeta_PPP', 'zeta_Bmod', 'zeta_Dmod') (U=498, N_lam=16) from table_bihalofit_cut15360_r4.npz
[etl-callable] loaded 6/6 nonzero channels ('zeta_TTT', 'zeta_TTP', 'zeta_TPP', 'zeta_PPP', 'zeta_Bmod', 'zeta_Dmod') (U=498, N_lam=16) from table_bihalofit_cut15360_r4.npz
[etl-callable] loaded 6/6 nonzero channels ('zeta_TTT', 'zeta_TTP', 'zeta_TPP', 'zeta_PPP', 'zeta_Bmod', 'zeta_Dmod') (U=498, N_lam=16) from table_bihalofit_cut15360_r4.npz
[etl-callable] loaded 6/6 nonzero channels ('zeta_TTT', 'zeta_TTP', 'zeta_TPP', 'zeta_PPP', 'zeta_Bmod', 'zeta_Dmod') (U=498, N_lam=16) from table_bihalofit_cut15360_r4.npz
[etl-callable] loaded 6/6 nonzero channels ('zeta_TTT', 'zeta_TTP', 'zeta_TPP', 'zeta_PPP', 'zeta_Bmod', 'zeta_Dmod') (U=498, N_lam=16) from table_bihalofit_cut15360_r4.npz
[etl-callable] loaded 6/6 nonzero channels ('zeta_TTT', 'zeta_TTP', 'zeta_TPP', 'zeta_PPP', 'zeta_Bmod', 'zeta_Dmod') (U=498, N_lam=16) from table_bihalofit_cut15360_r4.npz
[etl-callable] loaded 6/6 nonzero channels ('zeta_TTT', 'zeta_TTP', 'zeta_TPP', 'zeta_PPP', 'zeta_Bmod', 'zeta_Dmod') (U=498, N_lam=16) from table_bihalofit_cut15360_r4.npz
[etl-callable] loaded 6/6 nonzero channels ('zeta_TTT', 'zeta_TTP', 'zeta_TPP', 'zeta_PPP', 'zeta_Bmod', 'zeta_Dmod') (U=498, N_lam=16) from table_bihalofit_cut15360_r4.npz
[etl-callable] loaded 6/6 nonzero channels ('zeta_TTT', 'zeta_TTP', 'zeta_TPP', 'zeta_PPP', 'zeta_Bmod', 'zeta_Dmod') (U=498, N_lam=16) from table_bihalofit_cut15360_r4.npz
[etl-callable] loaded 6/6 nonzero channels ('zeta_TTT', 'zeta_TTP', 'zeta_TPP', 'zeta_PPP', 'zeta_Bmod', 'zeta_Dmod') (U=498, N_lam=16) from table_bihalofit_cut15360_r4.npz
[etl-callable] loaded 6/6 nonzero channels ('zeta_TTT', 'zeta_TTP', 'zeta_TPP', 'zeta_PPP', 'zeta_Bmod', 'zeta_Dmod') (U=498, N_lam=16) from table_bihalofit_cut15360_r4.npz
[etl-callable] loaded 6/6 nonzero channels ('zeta_TTT', 'zeta_TTP', 'zeta_TPP', 'zeta_PPP', 'zeta_Bmod', 'zeta_Dmod') (U=498, N_lam=16) from table_bihalofit_cut15360_r4.npz
[etl-callable] loaded 6/6 nonzero channels ('zeta_TTT', 'zeta_TTP', 'zeta_TPP', 'zeta_PPP', 'zeta_Bmod', 'zeta_Dmod') (U=498, N_lam=16) from table_bihalofit_cut15360_r4.npz
[etl-callable] loaded 6/6 nonzero channels ('zeta_TTT', 'zeta_TTP', 'zeta_TPP', 'zeta_PPP', 'zeta_Bmod', 'zeta_Dmod') (U=498, N_lam=16) from table_bihalofit_cut15360_r4.npz
[etl-callable] loaded 6/6 nonzero channels ('zeta_TTT', 'zeta_TTP', 'zeta_TPP', 'zeta_PPP', 'zeta_Bmod', 'zeta_Dmod') (U=498, N_lam=16) from table_bihalofit_cut15360_r4.npz
[etl-callable] loaded 6/6 nonzero channels ('zeta_TTT', 'zeta_TTP', 'zeta_TPP', 'zeta_PPP', 'zeta_Bmod', 'zeta_Dmod') (U=498, N_lam=16) from table_bihalofit_cut15360_r4.npz
[etl-callable] loaded 6/6 nonzero channels ('zeta_TTT', 'zeta_TTP', 'zeta_TPP', 'zeta_PPP', 'zeta_Bmod', 'zeta_Dmod') (U=498, N_lam=16) from table_bihalofit_cut15360_r4.npz
[etl-callable] loaded 6/6 nonzero channels ('zeta_TTT', 'zeta_TTP', 'zeta_TPP', 'zeta_PPP', 'zeta_Bmod', 'zeta_Dmod') (U=498, N_lam=16) from table_bihalofit_cut15360_r4.npz
[etl-callable] loaded 6/6 nonzero channels ('zeta_TTT', 'zeta_TTP', 'zeta_TPP', 'zeta_PPP', 'zeta_Bmod', 'zeta_Dmod') (U=498, N_lam=16) from table_bihalofit_cut15360_r4.npz
[etl-callable] loaded 6/6 nonzero channels ('zeta_TTT', 'zeta_TTP', 'zeta_TPP', 'zeta_PPP', 'zeta_Bmod', 'zeta_Dmod') (U=498, N_lam=16) from table_bihalofit_cut15360_r4.npz
[etl-callable] loaded 6/6 nonzero channels ('zeta_TTT', 'zeta_TTP', 'zeta_TPP', 'zeta_PPP', 'zeta_Bmod', 'zeta_Dmod') (U=498, N_lam=16) from table_bihalofit_cut15360_r4.npz
[etl-callable] loaded 6/6 nonzero channels ('zeta_TTT', 'zeta_TTP', 'zeta_TPP', 'zeta_PPP', 'zeta_Bmod', 'zeta_Dmod') (U=498, N_lam=16) from table_bihalofit_cut15360_r4.npz
[etl-callable] loaded 6/6 nonzero channels ('zeta_TTT', 'zeta_TTP', 'zeta_TPP', 'zeta_PPP', 'zeta_Bmod', 'zeta_Dmod') (U=498, N_lam=16) from table_bihalofit_cut15360_r4.npz
[etl-callable] loaded 6/6 nonzero channels ('zeta_TTT', 'zeta_TTP', 'zeta_TPP', 'zeta_PPP', 'zeta_Bmod', 'zeta_Dmod') (U=498, N_lam=16) from table_bihalofit_cut15360_r4.npz
[etl-callable] loaded 6/6 nonzero channels ('zeta_TTT', 'zeta_TTP', 'zeta_TPP', 'zeta_PPP', 'zeta_Bmod', 'zeta_Dmod') (U=498, N_lam=16) from table_bihalofit_cut15360_r4.npz
[etl-callable] loaded 6/6 nonzero channels ('zeta_TTT', 'zeta_TTP', 'zeta_TPP', 'zeta_PPP', 'zeta_Bmod', 'zeta_Dmod') (U=498, N_lam=16) from table_bihalofit_cut15360_r4.npz
[etl-callable] loaded 6/6 nonzero channels ('zeta_TTT', 'zeta_TTP', 'zeta_TPP', 'zeta_PPP', 'zeta_Bmod', 'zeta_Dmod') (U=498, N_lam=16) from table_bihalofit_cut15360_r4.npz
[etl-callable] loaded 6/6 nonzero channels ('zeta_TTT', 'zeta_TTP', 'zeta_TPP', 'zeta_PPP', 'zeta_Bmod', 'zeta_Dmod') (U=498, N_lam=16) from table_bihalofit_cut15360_r4.npz
[etl-callable] loaded 6/6 nonzero channels ('zeta_TTT', 'zeta_TTP', 'zeta_TPP', 'zeta_PPP', 'zeta_Bmod', 'zeta_Dmod') (U=498, N_lam=16) from table_bihalofit_cut15360_r4.npz
[etl-callable] loaded 6/6 nonzero channels ('zeta_TTT', 'zeta_TTP', 'zeta_TPP', 'zeta_PPP', 'zeta_Bmod', 'zeta_Dmod') (U=498, N_lam=16) from table_bihalofit_cut15360_r4.npz
[etl-callable] loaded 6/6 nonzero channels ('zeta_TTT', 'zeta_TTP', 'zeta_TPP', 'zeta_PPP', 'zeta_Bmod', 'zeta_Dmod') (U=498, N_lam=16) from table_bihalofit_cut15360_r4.npz
[etl-callable] loaded 6/6 nonzero channels ('zeta_TTT', 'zeta_TTP', 'zeta_TPP', 'zeta_PPP', 'zeta_Bmod', 'zeta_Dmod') (U=498, N_lam=16) from table_bihalofit_cut15360_r4.npz
[etl-callable] loaded 6/6 nonzero channels ('zeta_TTT', 'zeta_TTP', 'zeta_TPP', 'zeta_PPP', 'zeta_Bmod', 'zeta_Dmod') (U=498, N_lam=16) from table_bihalofit_cut15360_r4.npz
[etl-callable] loaded 6/6 nonzero channels ('zeta_TTT', 'zeta_TTP', 'zeta_TPP', 'zeta_PPP', 'zeta_Bmod', 'zeta_Dmod') (U=498, N_lam=16) from table_bihalofit_cut15360_r4.npz
[etl-callable] loaded 6/6 nonzero channels ('zeta_TTT', 'zeta_TTP', 'zeta_TPP', 'zeta_PPP', 'zeta_Bmod', 'zeta_Dmod') (U=498, N_lam=16) from table_bihalofit_cut15360_r4.npz
[etl-callable] loaded 6/6 nonzero channels ('zeta_TTT', 'zeta_TTP', 'zeta_TPP', 'zeta_PPP', 'zeta_Bmod', 'zeta_Dmod') (U=498, N_lam=16) from table_bihalofit_cut15360_r4.npz
[etl-callable] loaded 6/6 nonzero channels ('zeta_TTT', 'zeta_TTP', 'zeta_TPP', 'zeta_PPP', 'zeta_Bmod', 'zeta_Dmod') (U=498, N_lam=16) from table_bihalofit_cut15360_r4.npz
[etl-callable] loaded 6/6 nonzero channels ('zeta_TTT', 'zeta_TTP', 'zeta_TPP', 'zeta_PPP', 'zeta_Bmod', 'zeta_Dmod') (U=498, N_lam=16) from table_bihalofit_cut15360_r4.npz
[etl-callable] loaded 6/6 nonzero channels ('zeta_TTT', 'zeta_TTP', 'zeta_TPP', 'zeta_PPP', 'zeta_Bmod', 'zeta_Dmod') (U=498, N_lam=16) from table_bihalofit_cut15360_r4.npz
[etl-callable] loaded 6/6 nonzero channels ('zeta_TTT', 'zeta_TTP', 'zeta_TPP', 'zeta_PPP', 'zeta_Bmod', 'zeta_Dmod') (U=498, N_lam=16) from table_bihalofit_cut15360_r4.npz
[etl-callable] loaded 6/6 nonzero channels ('zeta_TTT', 'zeta_TTP', 'zeta_TPP', 'zeta_PPP', 'zeta_Bmod', 'zeta_Dmod') (U=498, N_lam=16) from table_bihalofit_cut15360_r4.npz
[etl-callable] loaded 6/6 nonzero channels ('zeta_TTT', 'zeta_TTP', 'zeta_TPP', 'zeta_PPP', 'zeta_Bmod', 'zeta_Dmod') (U=498, N_lam=16) from table_bihalofit_cut15360_r4.npz
[etl-callable] loaded 6/6 nonzero channels ('zeta_TTT', 'zeta_TTP', 'zeta_TPP', 'zeta_PPP', 'zeta_Bmod', 'zeta_Dmod') (U=498, N_lam=16) from table_bihalofit_cut15360_r4.npz
[etl-callable] loaded 6/6 nonzero channels ('zeta_TTT', 'zeta_TTP', 'zeta_TPP', 'zeta_PPP', 'zeta_Bmod', 'zeta_Dmod') (U=498, N_lam=16) from table_bihalofit_cut15360_r4.npz
[etl-callable] loaded 6/6 nonzero channels ('zeta_TTT', 'zeta_TTP', 'zeta_TPP', 'zeta_PPP', 'zeta_Bmod', 'zeta_Dmod') (U=498, N_lam=16) from table_bihalofit_cut15360_r4.npz
[etl-callable] loaded 6/6 nonzero channels ('zeta_TTT', 'zeta_TTP', 'zeta_TPP', 'zeta_PPP', 'zeta_Bmod', 'zeta_Dmod') (U=498, N_lam=16) from table_bihalofit_cut15360_r4.npz
[etl-callable] loaded 6/6 nonzero channels ('zeta_TTT', 'zeta_TTP', 'zeta_TPP', 'zeta_PPP', 'zeta_Bmod', 'zeta_Dmod') (U=498, N_lam=16) from table_bihalofit_cut15360_r4.npz
[etl-callable] loaded 6/6 nonzero channels ('zeta_TTT', 'zeta_TTP', 'zeta_TPP', 'zeta_PPP', 'zeta_Bmod', 'zeta_Dmod') (U=498, N_lam=16) from table_bihalofit_cut15360_r4.npz
[etl-callable] loaded 6/6 nonzero channels ('zeta_TTT', 'zeta_TTP', 'zeta_TPP', 'zeta_PPP', 'zeta_Bmod', 'zeta_Dmod') (U=498, N_lam=16) from table_bihalofit_cut15360_r4.npz
[etl-callable] loaded 6/6 nonzero channels ('zeta_TTT', 'zeta_TTP', 'zeta_TPP', 'zeta_PPP', 'zeta_Bmod', 'zeta_Dmod') (U=498, N_lam=16) from table_bihalofit_cut15360_r4.npz
[etl-callable] loaded 6/6 nonzero channels ('zeta_TTT', 'zeta_TTP', 'zeta_TPP', 'zeta_PPP', 'zeta_Bmod', 'zeta_Dmod') (U=498, N_lam=16) from table_bihalofit_cut15360_r4.npz
[etl-callable] loaded 6/6 nonzero channels ('zeta_TTT', 'zeta_TTP', 'zeta_TPP', 'zeta_PPP', 'zeta_Bmod', 'zeta_Dmod') (U=498, N_lam=16) from table_bihalofit_cut15360_r4.npz
[etl-callable] loaded 6/6 nonzero channels ('zeta_TTT', 'zeta_TTP', 'zeta_TPP', 'zeta_PPP', 'zeta_Bmod', 'zeta_Dmod') (U=498, N_lam=16) from table_bihalofit_cut15360_r4.npz
[etl-callable] loaded 6/6 nonzero channels ('zeta_TTT', 'zeta_TTP', 'zeta_TPP', 'zeta_PPP', 'zeta_Bmod', 'zeta_Dmod') (U=498, N_lam=16) from table_bihalofit_cut15360_r4.npz
[etl-callable] loaded 6/6 nonzero channels ('zeta_TTT', 'zeta_TTP', 'zeta_TPP', 'zeta_PPP', 'zeta_Bmod', 'zeta_Dmod') (U=498, N_lam=16) from table_bihalofit_cut15360_r4.npz
[etl-callable] loaded 6/6 nonzero channels ('zeta_TTT', 'zeta_TTP', 'zeta_TPP', 'zeta_PPP', 'zeta_Bmod', 'zeta_Dmod') (U=498, N_lam=16) from table_bihalofit_cut15360_r4.npz
[etl-callable] loaded 6/6 nonzero channels ('zeta_TTT', 'zeta_TTP', 'zeta_TPP', 'zeta_PPP', 'zeta_Bmod', 'zeta_Dmod') (U=498, N_lam=16) from table_bihalofit_cut15360_r4.npz
[etl-callable] loaded 6/6 nonzero channels ('zeta_TTT', 'zeta_TTP', 'zeta_TPP', 'zeta_PPP', 'zeta_Bmod', 'zeta_Dmod') (U=498, N_lam=16) from table_bihalofit_cut15360_r4.npz
[etl-callable] loaded 6/6 nonzero channels ('zeta_TTT', 'zeta_TTP', 'zeta_TPP', 'zeta_PPP', 'zeta_Bmod', 'zeta_Dmod') (U=498, N_lam=16) from table_bihalofit_cut15360_r4.npz
[etl-callable] loaded 6/6 nonzero channels ('zeta_TTT', 'zeta_TTP', 'zeta_TPP', 'zeta_PPP', 'zeta_Bmod', 'zeta_Dmod') (U=498, N_lam=16) from table_bihalofit_cut15360_r4.npz
[etl-callable] loaded 6/6 nonzero channels ('zeta_TTT', 'zeta_TTP', 'zeta_TPP', 'zeta_PPP', 'zeta_Bmod', 'zeta_Dmod') (U=498, N_lam=16) from table_bihalofit_cut15360_r4.npz
[etl-callable] loaded 6/6 nonzero channels ('zeta_TTT', 'zeta_TTP', 'zeta_TPP', 'zeta_PPP', 'zeta_Bmod', 'zeta_Dmod') (U=498, N_lam=16) from table_bihalofit_cut15360_r4.npz
[etl-callable] loaded 6/6 nonzero channels ('zeta_TTT', 'zeta_TTP', 'zeta_TPP', 'zeta_PPP', 'zeta_Bmod', 'zeta_Dmod') (U=498, N_lam=16) from table_bihalofit_cut15360_r4.npz
[etl-callable] loaded 6/6 nonzero channels ('zeta_TTT', 'zeta_TTP', 'zeta_TPP', 'zeta_PPP', 'zeta_Bmod', 'zeta_Dmod') (U=498, N_lam=16) from table_bihalofit_cut15360_r4.npz
[etl-callable] loaded 6/6 nonzero channels ('zeta_TTT', 'zeta_TTP', 'zeta_TPP', 'zeta_PPP', 'zeta_Bmod', 'zeta_Dmod') (U=498, N_lam=16) from table_bihalofit_cut15360_r4.npz
[etl-callable] loaded 6/6 nonzero channels ('zeta_TTT', 'zeta_TTP', 'zeta_TPP', 'zeta_PPP', 'zeta_Bmod', 'zeta_Dmod') (U=498, N_lam=16) from table_bihalofit_cut15360_r4.npz
[etl-callable] loaded 6/6 nonzero channels ('zeta_TTT', 'zeta_TTP', 'zeta_TPP', 'zeta_PPP', 'zeta_Bmod', 'zeta_Dmod') (U=498, N_lam=16) from table_bihalofit_cut15360_r4.npz
[etl-callable] loaded 6/6 nonzero channels ('zeta_TTT', 'zeta_TTP', 'zeta_TPP', 'zeta_PPP', 'zeta_Bmod', 'zeta_Dmod') (U=498, N_lam=16) from table_bihalofit_cut15360_r4.npz
[etl-callable] loaded 6/6 nonzero channels ('zeta_TTT', 'zeta_TTP', 'zeta_TPP', 'zeta_PPP', 'zeta_Bmod', 'zeta_Dmod') (U=498, N_lam=16) from table_bihalofit_cut15360_r4.npz
[etl-callable] loaded 6/6 nonzero channels ('zeta_TTT', 'zeta_TTP', 'zeta_TPP', 'zeta_PPP', 'zeta_Bmod', 'zeta_Dmod') (U=498, N_lam=16) from table_bihalofit_cut15360_r4.npz
[etl-callable] loaded 6/6 nonzero channels ('zeta_TTT', 'zeta_TTP', 'zeta_TPP', 'zeta_PPP', 'zeta_Bmod', 'zeta_Dmod') (U=498, N_lam=16) from table_bihalofit_cut15360_r4.npz
[etl-callable] loaded 6/6 nonzero channels ('zeta_TTT', 'zeta_TTP', 'zeta_TPP', 'zeta_PPP', 'zeta_Bmod', 'zeta_Dmod') (U=498, N_lam=16) from table_bihalofit_cut15360_r4.npz
[etl-callable] loaded 6/6 nonzero channels ('zeta_TTT', 'zeta_TTP', 'zeta_TPP', 'zeta_PPP', 'zeta_Bmod', 'zeta_Dmod') (U=498, N_lam=16) from table_bihalofit_cut15360_r4.npz
[etl-callable] loaded 6/6 nonzero channels ('zeta_TTT', 'zeta_TTP', 'zeta_TPP', 'zeta_PPP', 'zeta_Bmod', 'zeta_Dmod') (U=498, N_lam=16) from table_bihalofit_cut15360_r4.npz
[etl-callable] loaded 6/6 nonzero channels ('zeta_TTT', 'zeta_TTP', 'zeta_TPP', 'zeta_PPP', 'zeta_Bmod', 'zeta_Dmod') (U=498, N_lam=16) from table_bihalofit_cut15360_r4.npz
[etl-callable] loaded 6/6 nonzero channels ('zeta_TTT', 'zeta_TTP', 'zeta_TPP', 'zeta_PPP', 'zeta_Bmod', 'zeta_Dmod') (U=498, N_lam=16) from table_bihalofit_cut15360_r4.npz
[etl-callable] loaded 6/6 nonzero channels ('zeta_TTT', 'zeta_TTP', 'zeta_TPP', 'zeta_PPP', 'zeta_Bmod', 'zeta_Dmod') (U=498, N_lam=16) from table_bihalofit_cut15360_r4.npz
[etl-callable] loaded 6/6 nonzero channels ('zeta_TTT', 'zeta_TTP', 'zeta_TPP', 'zeta_PPP', 'zeta_Bmod', 'zeta_Dmod') (U=498, N_lam=16) from table_bihalofit_cut15360_r4.npz
[etl-callable] loaded 6/6 nonzero channels ('zeta_TTT', 'zeta_TTP', 'zeta_TPP', 'zeta_PPP', 'zeta_Bmod', 'zeta_Dmod') (U=498, N_lam=16) from table_bihalofit_cut15360_r4.npz
[etl-callable] loaded 6/6 nonzero channels ('zeta_TTT', 'zeta_TTP', 'zeta_TPP', 'zeta_PPP', 'zeta_Bmod', 'zeta_Dmod') (U=498, N_lam=16) from table_bihalofit_cut15360_r4.npz
[etl-callable] loaded 6/6 nonzero channels ('zeta_TTT', 'zeta_TTP', 'zeta_TPP', 'zeta_PPP', 'zeta_Bmod', 'zeta_Dmod') (U=498, N_lam=16) from table_bihalofit_cut15360_r4.npz
[etl-callable] loaded 6/6 nonzero channels ('zeta_TTT', 'zeta_TTP', 'zeta_TPP', 'zeta_PPP', 'zeta_Bmod', 'zeta_Dmod') (U=498, N_lam=16) from table_bihalofit_cut15360_r4.npz
[etl-callable] loaded 6/6 nonzero channels ('zeta_TTT', 'zeta_TTP', 'zeta_TPP', 'zeta_PPP', 'zeta_Bmod', 'zeta_Dmod') (U=498, N_lam=16) from table_bihalofit_cut15360_r4.npz
[etl-callable] loaded 6/6 nonzero channels ('zeta_TTT', 'zeta_TTP', 'zeta_TPP', 'zeta_PPP', 'zeta_Bmod', 'zeta_Dmod') (U=498, N_lam=16) from table_bihalofit_cut15360_r4.npz
[etl-callable] loaded 6/6 nonzero channels ('zeta_TTT', 'zeta_TTP', 'zeta_TPP', 'zeta_PPP', 'zeta_Bmod', 'zeta_Dmod') (U=498, N_lam=16) from table_bihalofit_cut15360_r4.npz
[etl-callable] loaded 6/6 nonzero channels ('zeta_TTT', 'zeta_TTP', 'zeta_TPP', 'zeta_PPP', 'zeta_Bmod', 'zeta_Dmod') (U=498, N_lam=16) from table_bihalofit_cut15360_r4.npz
[etl-callable] loaded 6/6 nonzero channels ('zeta_TTT', 'zeta_TTP', 'zeta_TPP', 'zeta_PPP', 'zeta_Bmod', 'zeta_Dmod') (U=498, N_lam=16) from table_bihalofit_cut15360_r4.npz
[etl-callable] loaded 6/6 nonzero channels ('zeta_TTT', 'zeta_TTP', 'zeta_TPP', 'zeta_PPP', 'zeta_Bmod', 'zeta_Dmod') (U=498, N_lam=16) from table_bihalofit_cut15360_r4.npz
[etl-callable] loaded 6/6 nonzero channels ('zeta_TTT', 'zeta_TTP', 'zeta_TPP', 'zeta_PPP', 'zeta_Bmod', 'zeta_Dmod') (U=498, N_lam=16) from table_bihalofit_cut15360_r4.npz
[etl-callable] loaded 6/6 nonzero channels ('zeta_TTT', 'zeta_TTP', 'zeta_TPP', 'zeta_PPP', 'zeta_Bmod', 'zeta_Dmod') (U=498, N_lam=16) from table_bihalofit_cut15360_r4.npz
[etl-callable] loaded 6/6 nonzero channels ('zeta_TTT', 'zeta_TTP', 'zeta_TPP', 'zeta_PPP', 'zeta_Bmod', 'zeta_Dmod') (U=498, N_lam=16) from table_bihalofit_cut15360_r4.npz
[etl-callable] loaded 6/6 nonzero channels ('zeta_TTT', 'zeta_TTP', 'zeta_TPP', 'zeta_PPP', 'zeta_Bmod', 'zeta_Dmod') (U=498, N_lam=16) from table_bihalofit_cut15360_r4.npz
[etl-callable] loaded 6/6 nonzero channels ('zeta_TTT', 'zeta_TTP', 'zeta_TPP', 'zeta_PPP', 'zeta_Bmod', 'zeta_Dmod') (U=498, N_lam=16) from table_bihalofit_cut15360_r4.npz
[etl-callable] loaded 6/6 nonzero channels ('zeta_TTT', 'zeta_TTP', 'zeta_TPP', 'zeta_PPP', 'zeta_Bmod', 'zeta_Dmod') (U=498, N_lam=16) from table_bihalofit_cut15360_r4.npz
[etl-callable] loaded 6/6 nonzero channels ('zeta_TTT', 'zeta_TTP', 'zeta_TPP', 'zeta_PPP', 'zeta_Bmod', 'zeta_Dmod') (U=498, N_lam=16) from table_bihalofit_cut15360_r4.npz
[etl-callable] loaded 6/6 nonzero channels ('zeta_TTT', 'zeta_TTP', 'zeta_TPP', 'zeta_PPP', 'zeta_Bmod', 'zeta_Dmod') (U=498, N_lam=16) from table_bihalofit_cut15360_r4.npz
[etl-callable] loaded 6/6 nonzero channels ('zeta_TTT', 'zeta_TTP', 'zeta_TPP', 'zeta_PPP', 'zeta_Bmod', 'zeta_Dmod') (U=498, N_lam=16) from table_bihalofit_cut15360_r4.npz
[etl-callable] loaded 6/6 nonzero channels ('zeta_TTT', 'zeta_TTP', 'zeta_TPP', 'zeta_PPP', 'zeta_Bmod', 'zeta_Dmod') (U=498, N_lam=16) from table_bihalofit_cut15360_r4.npz
[etl-callable] loaded 6/6 nonzero channels ('zeta_TTT', 'zeta_TTP', 'zeta_TPP', 'zeta_PPP', 'zeta_Bmod', 'zeta_Dmod') (U=498, N_lam=16) from table_bihalofit_cut15360_r4.npz
[etl-callable] loaded 6/6 nonzero channels ('zeta_TTT', 'zeta_TTP', 'zeta_TPP', 'zeta_PPP', 'zeta_Bmod', 'zeta_Dmod') (U=498, N_lam=16) from table_bihalofit_cut15360_r4.npz
[etl-callable] loaded 6/6 nonzero channels ('zeta_TTT', 'zeta_TTP', 'zeta_TPP', 'zeta_PPP', 'zeta_Bmod', 'zeta_Dmod') (U=498, N_lam=16) from table_bihalofit_cut15360_r4.npz
[etl-callable] loaded 6/6 nonzero channels ('zeta_TTT', 'zeta_TTP', 'zeta_TPP', 'zeta_PPP', 'zeta_Bmod', 'zeta_Dmod') (U=498, N_lam=16) from table_bihalofit_cut15360_r4.npz
[etl-callable] loaded 6/6 nonzero channels ('zeta_TTT', 'zeta_TTP', 'zeta_TPP', 'zeta_PPP', 'zeta_Bmod', 'zeta_Dmod') (U=498, N_lam=16) from table_bihalofit_cut15360_r4.npz
[etl-callable] loaded 6/6 nonzero channels ('zeta_TTT', 'zeta_TTP', 'zeta_TPP', 'zeta_PPP', 'zeta_Bmod', 'zeta_Dmod') (U=498, N_lam=16) from table_bihalofit_cut15360_r4.npz
[etl-callable] loaded 6/6 nonzero channels ('zeta_TTT', 'zeta_TTP', 'zeta_TPP', 'zeta_PPP', 'zeta_Bmod', 'zeta_Dmod') (U=498, N_lam=16) from table_bihalofit_cut15360_r4.npz
[etl-callable] loaded 6/6 nonzero channels ('zeta_TTT', 'zeta_TTP', 'zeta_TPP', 'zeta_PPP', 'zeta_Bmod', 'zeta_Dmod') (U=498, N_lam=16) from table_bihalofit_cut15360_r4.npz
[etl-callable] loaded 6/6 nonzero channels ('zeta_TTT', 'zeta_TTP', 'zeta_TPP', 'zeta_PPP', 'zeta_Bmod', 'zeta_Dmod') (U=498, N_lam=16) from table_bihalofit_cut15360_r4.npz
[etl-callable] loaded 6/6 nonzero channels ('zeta_TTT', 'zeta_TTP', 'zeta_TPP', 'zeta_PPP', 'zeta_Bmod', 'zeta_Dmod') (U=498, N_lam=16) from table_bihalofit_cut15360_r4.npz
[etl-callable] loaded 6/6 nonzero channels ('zeta_TTT', 'zeta_TTP', 'zeta_TPP', 'zeta_PPP', 'zeta_Bmod', 'zeta_Dmod') (U=498, N_lam=16) from table_bihalofit_cut15360_r4.npz
[etl-callable] loaded 6/6 nonzero channels ('zeta_TTT', 'zeta_TTP', 'zeta_TPP', 'zeta_PPP', 'zeta_Bmod', 'zeta_Dmod') (U=498, N_lam=16) from table_bihalofit_cut15360_r4.npz
[etl-callable] loaded 6/6 nonzero channels ('zeta_TTT', 'zeta_TTP', 'zeta_TPP', 'zeta_PPP', 'zeta_Bmod', 'zeta_Dmod') (U=498, N_lam=16) from table_bihalofit_cut15360_r4.npz
[etl-callable] loaded 6/6 nonzero channels ('zeta_TTT', 'zeta_TTP', 'zeta_TPP', 'zeta_PPP', 'zeta_Bmod', 'zeta_Dmod') (U=498, N_lam=16) from table_bihalofit_cut15360_r4.npz
[etl-callable] loaded 6/6 nonzero channels ('zeta_TTT', 'zeta_TTP', 'zeta_TPP', 'zeta_PPP', 'zeta_Bmod', 'zeta_Dmod') (U=498, N_lam=16) from table_bihalofit_cut15360_r4.npz
[etl-callable] loaded 6/6 nonzero channels ('zeta_TTT', 'zeta_TTP', 'zeta_TPP', 'zeta_PPP', 'zeta_Bmod', 'zeta_Dmod') (U=498, N_lam=16) from table_bihalofit_cut15360_r4.npz
[etl-callable] loaded 6/6 nonzero channels ('zeta_TTT', 'zeta_TTP', 'zeta_TPP', 'zeta_PPP', 'zeta_Bmod', 'zeta_Dmod') (U=498, N_lam=16) from table_bihalofit_cut15360_r4.npz
[etl-callable] loaded 6/6 nonzero channels ('zeta_TTT', 'zeta_TTP', 'zeta_TPP', 'zeta_PPP', 'zeta_Bmod', 'zeta_Dmod') (U=498, N_lam=16) from table_bihalofit_cut15360_r4.npz
[etl-callable] loaded 6/6 nonzero channels ('zeta_TTT', 'zeta_TTP', 'zeta_TPP', 'zeta_PPP', 'zeta_Bmod', 'zeta_Dmod') (U=498, N_lam=16) from table_bihalofit_cut15360_r4.npz
[etl-callable] loaded 6/6 nonzero channels ('zeta_TTT', 'zeta_TTP', 'zeta_TPP', 'zeta_PPP', 'zeta_Bmod', 'zeta_Dmod') (U=498, N_lam=16) from table_bihalofit_cut15360_r4.npz
[etl-callable] loaded 6/6 nonzero channels ('zeta_TTT', 'zeta_TTP', 'zeta_TPP', 'zeta_PPP', 'zeta_Bmod', 'zeta_Dmod') (U=498, N_lam=16) from table_bihalofit_cut15360_r4.npz
[etl-callable] loaded 6/6 nonzero channels ('zeta_TTT', 'zeta_TTP', 'zeta_TPP', 'zeta_PPP', 'zeta_Bmod', 'zeta_Dmod') (U=498, N_lam=16) from table_bihalofit_cut15360_r4.npz
[etl-callable] loaded 6/6 nonzero channels ('zeta_TTT', 'zeta_TTP', 'zeta_TPP', 'zeta_PPP', 'zeta_Bmod', 'zeta_Dmod') (U=498, N_lam=16) from table_bihalofit_cut15360_r4.npz
[etl-callable] loaded 6/6 nonzero channels ('zeta_TTT', 'zeta_TTP', 'zeta_TPP', 'zeta_PPP', 'zeta_Bmod', 'zeta_Dmod') (U=498, N_lam=16) from table_bihalofit_cut15360_r4.npz
[etl-callable] loaded 6/6 nonzero channels ('zeta_TTT', 'zeta_TTP', 'zeta_TPP', 'zeta_PPP', 'zeta_Bmod', 'zeta_Dmod') (U=498, N_lam=16) from table_bihalofit_cut15360_r4.npz
[etl-callable] loaded 6/6 nonzero channels ('zeta_TTT', 'zeta_TTP', 'zeta_TPP', 'zeta_PPP', 'zeta_Bmod', 'zeta_Dmod') (U=498, N_lam=16) from table_bihalofit_cut15360_r4.npz
[etl-callable] loaded 6/6 nonzero channels ('zeta_TTT', 'zeta_TTP', 'zeta_TPP', 'zeta_PPP', 'zeta_Bmod', 'zeta_Dmod') (U=498, N_lam=16) from table_bihalofit_cut15360_r4.npz
[etl-callable] loaded 6/6 nonzero channels ('zeta_TTT', 'zeta_TTP', 'zeta_TPP', 'zeta_PPP', 'zeta_Bmod', 'zeta_Dmod') (U=498, N_lam=16) from table_bihalofit_cut15360_r4.npz
[etl-callable] loaded 6/6 nonzero channels ('zeta_TTT', 'zeta_TTP', 'zeta_TPP', 'zeta_PPP', 'zeta_Bmod', 'zeta_Dmod') (U=498, N_lam=16) from table_bihalofit_cut15360_r4.npz
[etl-callable] loaded 6/6 nonzero channels ('zeta_TTT', 'zeta_TTP', 'zeta_TPP', 'zeta_PPP', 'zeta_Bmod', 'zeta_Dmod') (U=498, N_lam=16) from table_bihalofit_cut15360_r4.npz
[etl-callable] loaded 6/6 nonzero channels ('zeta_TTT', 'zeta_TTP', 'zeta_TPP', 'zeta_PPP', 'zeta_Bmod', 'zeta_Dmod') (U=498, N_lam=16) from table_bihalofit_cut15360_r4.npz
[etl-callable] loaded 6/6 nonzero channels ('zeta_TTT', 'zeta_TTP', 'zeta_TPP', 'zeta_PPP', 'zeta_Bmod', 'zeta_Dmod') (U=498, N_lam=16) from table_bihalofit_cut15360_r4.npz
[etl-callable] loaded 6/6 nonzero channels ('zeta_TTT', 'zeta_TTP', 'zeta_TPP', 'zeta_PPP', 'zeta_Bmod', 'zeta_Dmod') (U=498, N_lam=16) from table_bihalofit_cut15360_r4.npz
[etl-callable] loaded 6/6 nonzero channels ('zeta_TTT', 'zeta_TTP', 'zeta_TPP', 'zeta_PPP', 'zeta_Bmod', 'zeta_Dmod') (U=498, N_lam=16) from table_bihalofit_cut15360_r4.npz
[etl-callable] loaded 6/6 nonzero channels ('zeta_TTT', 'zeta_TTP', 'zeta_TPP', 'zeta_PPP', 'zeta_Bmod', 'zeta_Dmod') (U=498, N_lam=16) from table_bihalofit_cut15360_r4.npz
[etl-callable] loaded 6/6 nonzero channels ('zeta_TTT', 'zeta_TTP', 'zeta_TPP', 'zeta_PPP', 'zeta_Bmod', 'zeta_Dmod') (U=498, N_lam=16) from table_bihalofit_cut15360_r4.npz
[etl-callable] loaded 6/6 nonzero channels ('zeta_TTT', 'zeta_TTP', 'zeta_TPP', 'zeta_PPP', 'zeta_Bmod', 'zeta_Dmod') (U=498, N_lam=16) from table_bihalofit_cut15360_r4.npz
[etl-callable] loaded 6/6 nonzero channels ('zeta_TTT', 'zeta_TTP', 'zeta_TPP', 'zeta_PPP', 'zeta_Bmod', 'zeta_Dmod') (U=498, N_lam=16) from table_bihalofit_cut15360_r4.npz
[etl-callable] loaded 6/6 nonzero channels ('zeta_TTT', 'zeta_TTP', 'zeta_TPP', 'zeta_PPP', 'zeta_Bmod', 'zeta_Dmod') (U=498, N_lam=16) from table_bihalofit_cut15360_r4.npz
[etl-callable] loaded 6/6 nonzero channels ('zeta_TTT', 'zeta_TTP', 'zeta_TPP', 'zeta_PPP', 'zeta_Bmod', 'zeta_Dmod') (U=498, N_lam=16) from table_bihalofit_cut15360_r4.npz
[etl-callable] loaded 6/6 nonzero channels ('zeta_TTT', 'zeta_TTP', 'zeta_TPP', 'zeta_PPP', 'zeta_Bmod', 'zeta_Dmod') (U=498, N_lam=16) from table_bihalofit_cut15360_r4.npz
[etl-callable] loaded 6/6 nonzero channels ('zeta_TTT', 'zeta_TTP', 'zeta_TPP', 'zeta_PPP', 'zeta_Bmod', 'zeta_Dmod') (U=498, N_lam=16) from table_bihalofit_cut15360_r4.npz
[etl-callable] loaded 6/6 nonzero channels ('zeta_TTT', 'zeta_TTP', 'zeta_TPP', 'zeta_PPP', 'zeta_Bmod', 'zeta_Dmod') (U=498, N_lam=16) from table_bihalofit_cut15360_r4.npz
[etl-callable] loaded 6/6 nonzero channels ('zeta_TTT', 'zeta_TTP', 'zeta_TPP', 'zeta_PPP', 'zeta_Bmod', 'zeta_Dmod') (U=498, N_lam=16) from table_bihalofit_cut15360_r4.npz
[etl-callable] loaded 6/6 nonzero channels ('zeta_TTT', 'zeta_TTP', 'zeta_TPP', 'zeta_PPP', 'zeta_Bmod', 'zeta_Dmod') (U=498, N_lam=16) from table_bihalofit_cut15360_r4.npz
[etl-callable] loaded 6/6 nonzero channels ('zeta_TTT', 'zeta_TTP', 'zeta_TPP', 'zeta_PPP', 'zeta_Bmod', 'zeta_Dmod') (U=498, N_lam=16) from table_bihalofit_cut15360_r4.npz
[etl-callable] loaded 6/6 nonzero channels ('zeta_TTT', 'zeta_TTP', 'zeta_TPP', 'zeta_PPP', 'zeta_Bmod', 'zeta_Dmod') (U=498, N_lam=16) from table_bihalofit_cut15360_r4.npz
[etl-callable] loaded 6/6 nonzero channels ('zeta_TTT', 'zeta_TTP', 'zeta_TPP', 'zeta_PPP', 'zeta_Bmod', 'zeta_Dmod') (U=498, N_lam=16) from table_bihalofit_cut15360_r4.npz
[etl-callable] loaded 6/6 nonzero channels ('zeta_TTT', 'zeta_TTP', 'zeta_TPP', 'zeta_PPP', 'zeta_Bmod', 'zeta_Dmod') (U=498, N_lam=16) from table_bihalofit_cut15360_r4.npz
[etl-callable] loaded 6/6 nonzero channels ('zeta_TTT', 'zeta_TTP', 'zeta_TPP', 'zeta_PPP', 'zeta_Bmod', 'zeta_Dmod') (U=498, N_lam=16) from table_bihalofit_cut15360_r4.npz
[etl-callable] loaded 6/6 nonzero channels ('zeta_TTT', 'zeta_TTP', 'zeta_TPP', 'zeta_PPP', 'zeta_Bmod', 'zeta_Dmod') (U=498, N_lam=16) from table_bihalofit_cut15360_r4.npz
[etl-callable] loaded 6/6 nonzero channels ('zeta_TTT', 'zeta_TTP', 'zeta_TPP', 'zeta_PPP', 'zeta_Bmod', 'zeta_Dmod') (U=498, N_lam=16) from table_bihalofit_cut15360_r4.npz
[etl-callable] loaded 6/6 nonzero channels ('zeta_TTT', 'zeta_TTP', 'zeta_TPP', 'zeta_PPP', 'zeta_Bmod', 'zeta_Dmod') (U=498, N_lam=16) from table_bihalofit_cut15360_r4.npz
[etl-callable] loaded 6/6 nonzero channels ('zeta_TTT', 'zeta_TTP', 'zeta_TPP', 'zeta_PPP', 'zeta_Bmod', 'zeta_Dmod') (U=498, N_lam=16) from table_bihalofit_cut15360_r4.npz
[etl-callable] loaded 6/6 nonzero channels ('zeta_TTT', 'zeta_TTP', 'zeta_TPP', 'zeta_PPP', 'zeta_Bmod', 'zeta_Dmod') (U=498, N_lam=16) from table_bihalofit_cut15360_r4.npz
[etl-callable] loaded 6/6 nonzero channels ('zeta_TTT', 'zeta_TTP', 'zeta_TPP', 'zeta_PPP', 'zeta_Bmod', 'zeta_Dmod') (U=498, N_lam=16) from table_bihalofit_cut15360_r4.npz
[etl-callable] loaded 6/6 nonzero channels ('zeta_TTT', 'zeta_TTP', 'zeta_TPP', 'zeta_PPP', 'zeta_Bmod', 'zeta_Dmod') (U=498, N_lam=16) from table_bihalofit_cut15360_r4.npz
[etl-callable] loaded 6/6 nonzero channels ('zeta_TTT', 'zeta_TTP', 'zeta_TPP', 'zeta_PPP', 'zeta_Bmod', 'zeta_Dmod') (U=498, N_lam=16) from table_bihalofit_cut15360_r4.npz
[etl-callable] loaded 6/6 nonzero channels ('zeta_TTT', 'zeta_TTP', 'zeta_TPP', 'zeta_PPP', 'zeta_Bmod', 'zeta_Dmod') (U=498, N_lam=16) from table_bihalofit_cut15360_r4.npz
[etl-callable] loaded 6/6 nonzero channels ('zeta_TTT', 'zeta_TTP', 'zeta_TPP', 'zeta_PPP', 'zeta_Bmod', 'zeta_Dmod') (U=498, N_lam=16) from table_bihalofit_cut15360_r4.npz
[etl-callable] loaded 6/6 nonzero channels ('zeta_TTT', 'zeta_TTP', 'zeta_TPP', 'zeta_PPP', 'zeta_Bmod', 'zeta_Dmod') (U=498, N_lam=16) from table_bihalofit_cut15360_r4.npz
[etl-callable] loaded 6/6 nonzero channels ('zeta_TTT', 'zeta_TTP', 'zeta_TPP', 'zeta_PPP', 'zeta_Bmod', 'zeta_Dmod') (U=498, N_lam=16) from table_bihalofit_cut15360_r4.npz
[etl-callable] loaded 6/6 nonzero channels ('zeta_TTT', 'zeta_TTP', 'zeta_TPP', 'zeta_PPP', 'zeta_Bmod', 'zeta_Dmod') (U=498, N_lam=16) from table_bihalofit_cut15360_r4.npz
[etl-callable] loaded 6/6 nonzero channels ('zeta_TTT', 'zeta_TTP', 'zeta_TPP', 'zeta_PPP', 'zeta_Bmod', 'zeta_Dmod') (U=498, N_lam=16) from table_bihalofit_cut15360_r4.npz
[etl-callable] loaded 6/6 nonzero channels ('zeta_TTT', 'zeta_TTP', 'zeta_TPP', 'zeta_PPP', 'zeta_Bmod', 'zeta_Dmod') (U=498, N_lam=16) from table_bihalofit_cut15360_r4.npz
[etl-callable] loaded 6/6 nonzero channels ('zeta_TTT', 'zeta_TTP', 'zeta_TPP', 'zeta_PPP', 'zeta_Bmod', 'zeta_Dmod') (U=498, N_lam=16) from table_bihalofit_cut15360_r4.npz
[etl-callable] loaded 6/6 nonzero channels ('zeta_TTT', 'zeta_TTP', 'zeta_TPP', 'zeta_PPP', 'zeta_Bmod', 'zeta_Dmod') (U=498, N_lam=16) from table_bihalofit_cut15360_r4.npz
[etl-callable] loaded 6/6 nonzero channels ('zeta_TTT', 'zeta_TTP', 'zeta_TPP', 'zeta_PPP', 'zeta_Bmod', 'zeta_Dmod') (U=498, N_lam=16) from table_bihalofit_cut15360_r4.npz
[etl-callable] loaded 6/6 nonzero channels ('zeta_TTT', 'zeta_TTP', 'zeta_TPP', 'zeta_PPP', 'zeta_Bmod', 'zeta_Dmod') (U=498, N_lam=16) from table_bihalofit_cut15360_r4.npz
[etl-callable] loaded 6/6 nonzero channels ('zeta_TTT', 'zeta_TTP', 'zeta_TPP', 'zeta_PPP', 'zeta_Bmod', 'zeta_Dmod') (U=498, N_lam=16) from table_bihalofit_cut15360_r4.npz
[etl-callable] loaded 6/6 nonzero channels ('zeta_TTT', 'zeta_TTP', 'zeta_TPP', 'zeta_PPP', 'zeta_Bmod', 'zeta_Dmod') (U=498, N_lam=16) from table_bihalofit_cut15360_r4.npz
[etl-callable] loaded 6/6 nonzero channels ('zeta_TTT', 'zeta_TTP', 'zeta_TPP', 'zeta_PPP', 'zeta_Bmod', 'zeta_Dmod') (U=498, N_lam=16) from table_bihalofit_cut15360_r4.npz
[etl-callable] loaded 6/6 nonzero channels ('zeta_TTT', 'zeta_TTP', 'zeta_TPP', 'zeta_PPP', 'zeta_Bmod', 'zeta_Dmod') (U=498, N_lam=16) from table_bihalofit_cut15360_r4.npz
[etl-callable] loaded 6/6 nonzero channels ('zeta_TTT', 'zeta_TTP', 'zeta_TPP', 'zeta_PPP', 'zeta_Bmod', 'zeta_Dmod') (U=498, N_lam=16) from table_bihalofit_cut15360_r4.npz
[etl-callable] loaded 6/6 nonzero channels ('zeta_TTT', 'zeta_TTP', 'zeta_TPP', 'zeta_PPP', 'zeta_Bmod', 'zeta_Dmod') (U=498, N_lam=16) from table_bihalofit_cut15360_r4.npz
[etl-callable] loaded 6/6 nonzero channels ('zeta_TTT', 'zeta_TTP', 'zeta_TPP', 'zeta_PPP', 'zeta_Bmod', 'zeta_Dmod') (U=498, N_lam=16) from table_bihalofit_cut15360_r4.npz
[etl-callable] loaded 6/6 nonzero channels ('zeta_TTT', 'zeta_TTP', 'zeta_TPP', 'zeta_PPP', 'zeta_Bmod', 'zeta_Dmod') (U=498, N_lam=16) from table_bihalofit_cut15360_r4.npz
[etl-callable] loaded 6/6 nonzero channels ('zeta_TTT', 'zeta_TTP', 'zeta_TPP', 'zeta_PPP', 'zeta_Bmod', 'zeta_Dmod') (U=498, N_lam=16) from table_bihalofit_cut15360_r4.npz
[etl-callable] loaded 6/6 nonzero channels ('zeta_TTT', 'zeta_TTP', 'zeta_TPP', 'zeta_PPP', 'zeta_Bmod', 'zeta_Dmod') (U=498, N_lam=16) from table_bihalofit_cut15360_r4.npz
[etl-callable] loaded 6/6 nonzero channels ('zeta_TTT', 'zeta_TTP', 'zeta_TPP', 'zeta_PPP', 'zeta_Bmod', 'zeta_Dmod') (U=498, N_lam=16) from table_bihalofit_cut15360_r4.npz
[etl-callable] loaded 6/6 nonzero channels ('zeta_TTT', 'zeta_TTP', 'zeta_TPP', 'zeta_PPP', 'zeta_Bmod', 'zeta_Dmod') (U=498, N_lam=16) from table_bihalofit_cut15360_r4.npz
[etl-callable] loaded 6/6 nonzero channels ('zeta_TTT', 'zeta_TTP', 'zeta_TPP', 'zeta_PPP', 'zeta_Bmod', 'zeta_Dmod') (U=498, N_lam=16) from table_bihalofit_cut15360_r4.npz
[etl-callable] loaded 6/6 nonzero channels ('zeta_TTT', 'zeta_TTP', 'zeta_TPP', 'zeta_PPP', 'zeta_Bmod', 'zeta_Dmod') (U=498, N_lam=16) from table_bihalofit_cut15360_r4.npz
[etl-callable] loaded 6/6 nonzero channels ('zeta_TTT', 'zeta_TTP', 'zeta_TPP', 'zeta_PPP', 'zeta_Bmod', 'zeta_Dmod') (U=498, N_lam=16) from table_bihalofit_cut15360_r4.npz
[etl-callable] loaded 6/6 nonzero channels ('zeta_TTT', 'zeta_TTP', 'zeta_TPP', 'zeta_PPP', 'zeta_Bmod', 'zeta_Dmod') (U=498, N_lam=16) from table_bihalofit_cut15360_r4.npz
[etl-callable] loaded 6/6 nonzero channels ('zeta_TTT', 'zeta_TTP', 'zeta_TPP', 'zeta_PPP', 'zeta_Bmod', 'zeta_Dmod') (U=498, N_lam=16) from table_bihalofit_cut15360_r4.npz
[etl-callable] loaded 6/6 nonzero channels ('zeta_TTT', 'zeta_TTP', 'zeta_TPP', 'zeta_PPP', 'zeta_Bmod', 'zeta_Dmod') (U=498, N_lam=16) from table_bihalofit_cut15360_r4.npz
[etl-callable] loaded 6/6 nonzero channels ('zeta_TTT', 'zeta_TTP', 'zeta_TPP', 'zeta_PPP', 'zeta_Bmod', 'zeta_Dmod') (U=498, N_lam=16) from table_bihalofit_cut15360_r4.npz
[etl-callable] loaded 6/6 nonzero channels ('zeta_TTT', 'zeta_TTP', 'zeta_TPP', 'zeta_PPP', 'zeta_Bmod', 'zeta_Dmod') (U=498, N_lam=16) from table_bihalofit_cut15360_r4.npz
[etl-callable] loaded 6/6 nonzero channels ('zeta_TTT', 'zeta_TTP', 'zeta_TPP', 'zeta_PPP', 'zeta_Bmod', 'zeta_Dmod') (U=498, N_lam=16) from table_bihalofit_cut15360_r4.npz
[etl-callable] loaded 6/6 nonzero channels ('zeta_TTT', 'zeta_TTP', 'zeta_TPP', 'zeta_PPP', 'zeta_Bmod', 'zeta_Dmod') (U=498, N_lam=16) from table_bihalofit_cut15360_r4.npz
[etl-callable] loaded 6/6 nonzero channels ('zeta_TTT', 'zeta_TTP', 'zeta_TPP', 'zeta_PPP', 'zeta_Bmod', 'zeta_Dmod') (U=498, N_lam=16) from table_bihalofit_cut15360_r4.npz
[etl-callable] loaded 6/6 nonzero channels ('zeta_TTT', 'zeta_TTP', 'zeta_TPP', 'zeta_PPP', 'zeta_Bmod', 'zeta_Dmod') (U=498, N_lam=16) from table_bihalofit_cut15360_r4.npz
[etl-callable] loaded 6/6 nonzero channels ('zeta_TTT', 'zeta_TTP', 'zeta_TPP', 'zeta_PPP', 'zeta_Bmod', 'zeta_Dmod') (U=498, N_lam=16) from table_bihalofit_cut15360_r4.npz
[etl-callable] loaded 6/6 nonzero channels ('zeta_TTT', 'zeta_TTP', 'zeta_TPP', 'zeta_PPP', 'zeta_Bmod', 'zeta_Dmod') (U=498, N_lam=16) from table_bihalofit_cut15360_r4.npz
[run_FF_single] done in 188.3 s
[etl-callable] loaded 6/6 nonzero channels ('zeta_TTT', 'zeta_TTP', 'zeta_TPP', 'zeta_PPP', 'zeta_Bmod', 'zeta_Dmod') (U=498, N_lam=16) from table_bihalofit_cut15360_r4.npz
[etl-callable] loaded 6/6 nonzero channels ('zeta_TTT', 'zeta_TTP', 'zeta_TPP', 'zeta_PPP', 'zeta_Bmod', 'zeta_Dmod') (U=498, N_lam=16) from table_bihalofit_cut15360_r4.npz
[fk] /opt/homebrew/Caskroom/miniconda/base/envs/sft-wick/bin/python /Users/zzhang/Documents/MyDrafts/STF_lensing/SFT-lensing-paper-analyses/sachs_sft/scripts/run_FF_single.py /Users/zzhang/Documents/MyDrafts/STF_lensing/SFT-lensing-paper-analyses/sachs_sft/scripts/inputs/kappa2_grid_lcut0_low_empty.npz /Users/zzhang/Documents/MyDrafts/STF_lensing/driver_field_emulators/products/table_bihalofit_cut15360_r4_xi.npz
[fk] wrote /Users/zzhang/Documents/MyDrafts/STF_lensing/driver_field_emulators/products/table_bihalofit_cut15360_r4_xi.npz
[sweep] bihalofit done for cutoffs: 3840 7680 15360
