[run_FF_single] kappa2 = kappa2_grid_lcut0_low_empty.npz
[run_FF_single] sigma2 = disabled
[run_FF_single] sweep.n_gauss = 24
[run_FF_single] expand.orders = (0, 2)
[run_FF_single] -> /Users/zzhang/Documents/MyDrafts/STF_lensing/driver_field_emulators/products/table_tree_cut1000_r4_multiz_xi.npz
[etl-callable] loaded 6/6 nonzero channels ('zeta_TTT', 'zeta_TTP', 'zeta_TPP', 'zeta_PPP', 'zeta_Bmod', 'zeta_Dmod') (U=498, N_lam=16) from table_tree_cut1000_r4.npz
[etl-callable] loaded 6/6 nonzero channels ('zeta_TTT', 'zeta_TTP', 'zeta_TPP', 'zeta_PPP', 'zeta_Bmod', 'zeta_Dmod') (U=498, N_lam=16) from table_tree_cut1000_r4.npz
/opt/homebrew/Caskroom/miniconda/base/envs/sft-wick/lib/python3.14/site-packages/joblib/externals/loky/process_executor.py:782: UserWarning: A worker stopped while some jobs were given to the executor. This can be caused by a too short worker timeout or by a memory leak.
  warnings.warn(
[etl-callable] loaded 6/6 nonzero channels ('zeta_TTT', 'zeta_TTP', 'zeta_TPP', 'zeta_PPP', 'zeta_Bmod', 'zeta_Dmod') (U=498, N_lam=16) from table_tree_cut1000_r4.npz
[etl-callable] loaded 6/6 nonzero channels ('zeta_TTT', 'zeta_TTP', 'zeta_TPP', 'zeta_PPP', 'zeta_Bmod', 'zeta_Dmod') (U=498, N_lam=16) from table_tree_cut1000_r4.npz
[etl-callable] loaded 6/6 nonzero channels ('zeta_TTT', 'zeta_TTP', 'zeta_TPP', 'zeta_PPP', 'zeta_Bmod', 'zeta_Dmod') (U=498, N_lam=16) from table_tree_cut1000_r4.npz
[etl-callable] loaded 6/6 nonzero channels ('zeta_TTT', 'zeta_TTP', 'zeta_TPP', 'zeta_PPP', 'zeta_Bmod', 'zeta_Dmod') (U=498, N_lam=16) from table_tree_cut1000_r4.npz
[etl-callable] loaded 6/6 nonzero channels ('zeta_TTT', 'zeta_TTP', 'zeta_TPP', 'zeta_PPP', 'zeta_Bmod', 'zeta_Dmod') (U=498, N_lam=16) from table_tree_cut1000_r4.npz
[etl-callable] loaded 6/6 nonzero channels ('zeta_TTT', 'zeta_TTP', 'zeta_TPP', 'zeta_PPP', 'zeta_Bmod', 'zeta_Dmod') (U=498, N_lam=16) from table_tree_cut1000_r4.npz
[etl-callable] loaded 6/6 nonzero channels ('zeta_TTT', 'zeta_TTP', 'zeta_TPP', 'zeta_PPP', 'zeta_Bmod', 'zeta_Dmod') (U=498, N_lam=16) from table_tree_cut1000_r4.npz
[etl-callable] loaded 6/6 nonzero channels ('zeta_TTT', 'zeta_TTP', 'zeta_TPP', 'zeta_PPP', 'zeta_Bmod', 'zeta_Dmod') (U=498, N_lam=16) from table_tree_cut1000_r4.npz
[etl-callable] loaded 6/6 nonzero channels ('zeta_TTT', 'zeta_TTP', 'zeta_TPP', 'zeta_PPP', 'zeta_Bmod', 'zeta_Dmod') (U=498, N_lam=16) from table_tree_cut1000_r4.npz
[etl-callable] loaded 6/6 nonzero channels ('zeta_TTT', 'zeta_TTP', 'zeta_TPP', 'zeta_PPP', 'zeta_Bmod', 'zeta_Dmod') (U=498, N_lam=16) from table_tree_cut1000_r4.npz
[etl-callable] loaded 6/6 nonzero channels ('zeta_TTT', 'zeta_TTP', 'zeta_TPP', 'zeta_PPP', 'zeta_Bmod', 'zeta_Dmod') (U=498, N_lam=16) from table_tree_cut1000_r4.npz
[etl-callable] loaded 6/6 nonzero channels ('zeta_TTT', 'zeta_TTP', 'zeta_TPP', 'zeta_PPP', 'zeta_Bmod', 'zeta_Dmod') (U=498, N_lam=16) from table_tree_cut1000_r4.npz
[etl-callable] loaded 6/6 nonzero channels ('zeta_TTT', 'zeta_TTP', 'zeta_TPP', 'zeta_PPP', 'zeta_Bmod', 'zeta_Dmod') (U=498, N_lam=16) from table_tree_cut1000_r4.npz
[etl-callable] loaded 6/6 nonzero channels ('zeta_TTT', 'zeta_TTP', 'zeta_TPP', 'zeta_PPP', 'zeta_Bmod', 'zeta_Dmod') (U=498, N_lam=16) from table_tree_cut1000_r4.npz
[etl-callable] loaded 6/6 nonzero channels ('zeta_TTT', 'zeta_TTP', 'zeta_TPP', 'zeta_PPP', 'zeta_Bmod', 'zeta_Dmod') (U=498, N_lam=16) from table_tree_cut1000_r4.npz
[etl-callable] loaded 6/6 nonzero channels ('zeta_TTT', 'zeta_TTP', 'zeta_TPP', 'zeta_PPP', 'zeta_Bmod', 'zeta_Dmod') (U=498, N_lam=16) from table_tree_cut1000_r4.npz
[etl-callable] loaded 6/6 nonzero channels ('zeta_TTT', 'zeta_TTP', 'zeta_TPP', 'zeta_PPP', 'zeta_Bmod', 'zeta_Dmod') (U=498, N_lam=16) from table_tree_cut1000_r4.npz
[etl-callable] loaded 6/6 nonzero channels ('zeta_TTT', 'zeta_TTP', 'zeta_TPP', 'zeta_PPP', 'zeta_Bmod', 'zeta_Dmod') (U=498, N_lam=16) from table_tree_cut1000_r4.npz
[etl-callable] loaded 6/6 nonzero channels ('zeta_TTT', 'zeta_TTP', 'zeta_TPP', 'zeta_PPP', 'zeta_Bmod', 'zeta_Dmod') (U=498, N_lam=16) from table_tree_cut1000_r4.npz
[etl-callable] loaded 6/6 nonzero channels ('zeta_TTT', 'zeta_TTP', 'zeta_TPP', 'zeta_PPP', 'zeta_Bmod', 'zeta_Dmod') (U=498, N_lam=16) from table_tree_cut1000_r4.npz
[etl-callable] loaded 6/6 nonzero channels ('zeta_TTT', 'zeta_TTP', 'zeta_TPP', 'zeta_PPP', 'zeta_Bmod', 'zeta_Dmod') (U=498, N_lam=16) from table_tree_cut1000_r4.npz
[etl-callable] loaded 6/6 nonzero channels ('zeta_TTT', 'zeta_TTP', 'zeta_TPP', 'zeta_PPP', 'zeta_Bmod', 'zeta_Dmod') (U=498, N_lam=16) from table_tree_cut1000_r4.npz
[etl-callable] loaded 6/6 nonzero channels ('zeta_TTT', 'zeta_TTP', 'zeta_TPP', 'zeta_PPP', 'zeta_Bmod', 'zeta_Dmod') (U=498, N_lam=16) from table_tree_cut1000_r4.npz
[etl-callable] loaded 6/6 nonzero channels ('zeta_TTT', 'zeta_TTP', 'zeta_TPP', 'zeta_PPP', 'zeta_Bmod', 'zeta_Dmod') (U=498, N_lam=16) from table_tree_cut1000_r4.npz
[etl-callable] loaded 6/6 nonzero channels ('zeta_TTT', 'zeta_TTP', 'zeta_TPP', 'zeta_PPP', 'zeta_Bmod', 'zeta_Dmod') (U=498, N_lam=16) from table_tree_cut1000_r4.npz
[etl-callable] loaded 6/6 nonzero channels ('zeta_TTT', 'zeta_TTP', 'zeta_TPP', 'zeta_PPP', 'zeta_Bmod', 'zeta_Dmod') (U=498, N_lam=16) from table_tree_cut1000_r4.npz
[etl-callable] loaded 6/6 nonzero channels ('zeta_TTT', 'zeta_TTP', 'zeta_TPP', 'zeta_PPP', 'zeta_Bmod', 'zeta_Dmod') (U=498, N_lam=16) from table_tree_cut1000_r4.npz
[etl-callable] loaded 6/6 nonzero channels ('zeta_TTT', 'zeta_TTP', 'zeta_TPP', 'zeta_PPP', 'zeta_Bmod', 'zeta_Dmod') (U=498, N_lam=16) from table_tree_cut1000_r4.npz
[etl-callable] loaded 6/6 nonzero channels ('zeta_TTT', 'zeta_TTP', 'zeta_TPP', 'zeta_PPP', 'zeta_Bmod', 'zeta_Dmod') (U=498, N_lam=16) from table_tree_cut1000_r4.npz
[etl-callable] loaded 6/6 nonzero channels ('zeta_TTT', 'zeta_TTP', 'zeta_TPP', 'zeta_PPP', 'zeta_Bmod', 'zeta_Dmod') (U=498, N_lam=16) from table_tree_cut1000_r4.npz
[etl-callable] loaded 6/6 nonzero channels ('zeta_TTT', 'zeta_TTP', 'zeta_TPP', 'zeta_PPP', 'zeta_Bmod', 'zeta_Dmod') (U=498, N_lam=16) from table_tree_cut1000_r4.npz
[etl-callable] loaded 6/6 nonzero channels ('zeta_TTT', 'zeta_TTP', 'zeta_TPP', 'zeta_PPP', 'zeta_Bmod', 'zeta_Dmod') (U=498, N_lam=16) from table_tree_cut1000_r4.npz
[etl-callable] loaded 6/6 nonzero channels ('zeta_TTT', 'zeta_TTP', 'zeta_TPP', 'zeta_PPP', 'zeta_Bmod', 'zeta_Dmod') (U=498, N_lam=16) from table_tree_cut1000_r4.npz
[etl-callable] loaded 6/6 nonzero channels ('zeta_TTT', 'zeta_TTP', 'zeta_TPP', 'zeta_PPP', 'zeta_Bmod', 'zeta_Dmod') (U=498, N_lam=16) from table_tree_cut1000_r4.npz
[etl-callable] loaded 6/6 nonzero channels ('zeta_TTT', 'zeta_TTP', 'zeta_TPP', 'zeta_PPP', 'zeta_Bmod', 'zeta_Dmod') (U=498, N_lam=16) from table_tree_cut1000_r4.npz
[etl-callable] loaded 6/6 nonzero channels ('zeta_TTT', 'zeta_TTP', 'zeta_TPP', 'zeta_PPP', 'zeta_Bmod', 'zeta_Dmod') (U=498, N_lam=16) from table_tree_cut1000_r4.npz
[etl-callable] loaded 6/6 nonzero channels ('zeta_TTT', 'zeta_TTP', 'zeta_TPP', 'zeta_PPP', 'zeta_Bmod', 'zeta_Dmod') (U=498, N_lam=16) from table_tree_cut1000_r4.npz
[etl-callable] loaded 6/6 nonzero channels ('zeta_TTT', 'zeta_TTP', 'zeta_TPP', 'zeta_PPP', 'zeta_Bmod', 'zeta_Dmod') (U=498, N_lam=16) from table_tree_cut1000_r4.npz
[etl-callable] loaded 6/6 nonzero channels ('zeta_TTT', 'zeta_TTP', 'zeta_TPP', 'zeta_PPP', 'zeta_Bmod', 'zeta_Dmod') (U=498, N_lam=16) from table_tree_cut1000_r4.npz
[etl-callable] loaded 6/6 nonzero channels ('zeta_TTT', 'zeta_TTP', 'zeta_TPP', 'zeta_PPP', 'zeta_Bmod', 'zeta_Dmod') (U=498, N_lam=16) from table_tree_cut1000_r4.npz
[etl-callable] loaded 6/6 nonzero channels ('zeta_TTT', 'zeta_TTP', 'zeta_TPP', 'zeta_PPP', 'zeta_Bmod', 'zeta_Dmod') (U=498, N_lam=16) from table_tree_cut1000_r4.npz
[etl-callable] loaded 6/6 nonzero channels ('zeta_TTT', 'zeta_TTP', 'zeta_TPP', 'zeta_PPP', 'zeta_Bmod', 'zeta_Dmod') (U=498, N_lam=16) from table_tree_cut1000_r4.npz
[etl-callable] loaded 6/6 nonzero channels ('zeta_TTT', 'zeta_TTP', 'zeta_TPP', 'zeta_PPP', 'zeta_Bmod', 'zeta_Dmod') (U=498, N_lam=16) from table_tree_cut1000_r4.npz
[etl-callable] loaded 6/6 nonzero channels ('zeta_TTT', 'zeta_TTP', 'zeta_TPP', 'zeta_PPP', 'zeta_Bmod', 'zeta_Dmod') (U=498, N_lam=16) from table_tree_cut1000_r4.npz
[etl-callable] loaded 6/6 nonzero channels ('zeta_TTT', 'zeta_TTP', 'zeta_TPP', 'zeta_PPP', 'zeta_Bmod', 'zeta_Dmod') (U=498, N_lam=16) from table_tree_cut1000_r4.npz
[etl-callable] loaded 6/6 nonzero channels ('zeta_TTT', 'zeta_TTP', 'zeta_TPP', 'zeta_PPP', 'zeta_Bmod', 'zeta_Dmod') (U=498, N_lam=16) from table_tree_cut1000_r4.npz
[etl-callable] loaded 6/6 nonzero channels ('zeta_TTT', 'zeta_TTP', 'zeta_TPP', 'zeta_PPP', 'zeta_Bmod', 'zeta_Dmod') (U=498, N_lam=16) from table_tree_cut1000_r4.npz
[etl-callable] loaded 6/6 nonzero channels ('zeta_TTT', 'zeta_TTP', 'zeta_TPP', 'zeta_PPP', 'zeta_Bmod', 'zeta_Dmod') (U=498, N_lam=16) from table_tree_cut1000_r4.npz
[etl-callable] loaded 6/6 nonzero channels ('zeta_TTT', 'zeta_TTP', 'zeta_TPP', 'zeta_PPP', 'zeta_Bmod', 'zeta_Dmod') (U=498, N_lam=16) from table_tree_cut1000_r4.npz
[etl-callable] loaded 6/6 nonzero channels ('zeta_TTT', 'zeta_TTP', 'zeta_TPP', 'zeta_PPP', 'zeta_Bmod', 'zeta_Dmod') (U=498, N_lam=16) from table_tree_cut1000_r4.npz
[etl-callable] loaded 6/6 nonzero channels ('zeta_TTT', 'zeta_TTP', 'zeta_TPP', 'zeta_PPP', 'zeta_Bmod', 'zeta_Dmod') (U=498, N_lam=16) from table_tree_cut1000_r4.npz
[etl-callable] loaded 6/6 nonzero channels ('zeta_TTT', 'zeta_TTP', 'zeta_TPP', 'zeta_PPP', 'zeta_Bmod', 'zeta_Dmod') (U=498, N_lam=16) from table_tree_cut1000_r4.npz
[etl-callable] loaded 6/6 nonzero channels ('zeta_TTT', 'zeta_TTP', 'zeta_TPP', 'zeta_PPP', 'zeta_Bmod', 'zeta_Dmod') (U=498, N_lam=16) from table_tree_cut1000_r4.npz
[etl-callable] loaded 6/6 nonzero channels ('zeta_TTT', 'zeta_TTP', 'zeta_TPP', 'zeta_PPP', 'zeta_Bmod', 'zeta_Dmod') (U=498, N_lam=16) from table_tree_cut1000_r4.npz
[etl-callable] loaded 6/6 nonzero channels ('zeta_TTT', 'zeta_TTP', 'zeta_TPP', 'zeta_PPP', 'zeta_Bmod', 'zeta_Dmod') (U=498, N_lam=16) from table_tree_cut1000_r4.npz
[etl-callable] loaded 6/6 nonzero channels ('zeta_TTT', 'zeta_TTP', 'zeta_TPP', 'zeta_PPP', 'zeta_Bmod', 'zeta_Dmod') (U=498, N_lam=16) from table_tree_cut1000_r4.npz
[etl-callable] loaded 6/6 nonzero channels ('zeta_TTT', 'zeta_TTP', 'zeta_TPP', 'zeta_PPP', 'zeta_Bmod', 'zeta_Dmod') (U=498, N_lam=16) from table_tree_cut1000_r4.npz
[etl-callable] loaded 6/6 nonzero channels ('zeta_TTT', 'zeta_TTP', 'zeta_TPP', 'zeta_PPP', 'zeta_Bmod', 'zeta_Dmod') (U=498, N_lam=16) from table_tree_cut1000_r4.npz
[etl-callable] loaded 6/6 nonzero channels ('zeta_TTT', 'zeta_TTP', 'zeta_TPP', 'zeta_PPP', 'zeta_Bmod', 'zeta_Dmod') (U=498, N_lam=16) from table_tree_cut1000_r4.npz
[etl-callable] loaded 6/6 nonzero channels ('zeta_TTT', 'zeta_TTP', 'zeta_TPP', 'zeta_PPP', 'zeta_Bmod', 'zeta_Dmod') (U=498, N_lam=16) from table_tree_cut1000_r4.npz
[etl-callable] loaded 6/6 nonzero channels ('zeta_TTT', 'zeta_TTP', 'zeta_TPP', 'zeta_PPP', 'zeta_Bmod', 'zeta_Dmod') (U=498, N_lam=16) from table_tree_cut1000_r4.npz
[etl-callable] loaded 6/6 nonzero channels ('zeta_TTT', 'zeta_TTP', 'zeta_TPP', 'zeta_PPP', 'zeta_Bmod', 'zeta_Dmod') (U=498, N_lam=16) from table_tree_cut1000_r4.npz
[etl-callable] loaded 6/6 nonzero channels ('zeta_TTT', 'zeta_TTP', 'zeta_TPP', 'zeta_PPP', 'zeta_Bmod', 'zeta_Dmod') (U=498, N_lam=16) from table_tree_cut1000_r4.npz
[etl-callable] loaded 6/6 nonzero channels ('zeta_TTT', 'zeta_TTP', 'zeta_TPP', 'zeta_PPP', 'zeta_Bmod', 'zeta_Dmod') (U=498, N_lam=16) from table_tree_cut1000_r4.npz
[etl-callable] loaded 6/6 nonzero channels ('zeta_TTT', 'zeta_TTP', 'zeta_TPP', 'zeta_PPP', 'zeta_Bmod', 'zeta_Dmod') (U=498, N_lam=16) from table_tree_cut1000_r4.npz
[etl-callable] loaded 6/6 nonzero channels ('zeta_TTT', 'zeta_TTP', 'zeta_TPP', 'zeta_PPP', 'zeta_Bmod', 'zeta_Dmod') (U=498, N_lam=16) from table_tree_cut1000_r4.npz
[etl-callable] loaded 6/6 nonzero channels ('zeta_TTT', 'zeta_TTP', 'zeta_TPP', 'zeta_PPP', 'zeta_Bmod', 'zeta_Dmod') (U=498, N_lam=16) from table_tree_cut1000_r4.npz
[etl-callable] loaded 6/6 nonzero channels ('zeta_TTT', 'zeta_TTP', 'zeta_TPP', 'zeta_PPP', 'zeta_Bmod', 'zeta_Dmod') (U=498, N_lam=16) from table_tree_cut1000_r4.npz
[etl-callable] loaded 6/6 nonzero channels ('zeta_TTT', 'zeta_TTP', 'zeta_TPP', 'zeta_PPP', 'zeta_Bmod', 'zeta_Dmod') (U=498, N_lam=16) from table_tree_cut1000_r4.npz
[etl-callable] loaded 6/6 nonzero channels ('zeta_TTT', 'zeta_TTP', 'zeta_TPP', 'zeta_PPP', 'zeta_Bmod', 'zeta_Dmod') (U=498, N_lam=16) from table_tree_cut1000_r4.npz
[etl-callable] loaded 6/6 nonzero channels ('zeta_TTT', 'zeta_TTP', 'zeta_TPP', 'zeta_PPP', 'zeta_Bmod', 'zeta_Dmod') (U=498, N_lam=16) from table_tree_cut1000_r4.npz
[etl-callable] loaded 6/6 nonzero channels ('zeta_TTT', 'zeta_TTP', 'zeta_TPP', 'zeta_PPP', 'zeta_Bmod', 'zeta_Dmod') (U=498, N_lam=16) from table_tree_cut1000_r4.npz
[etl-callable] loaded 6/6 nonzero channels ('zeta_TTT', 'zeta_TTP', 'zeta_TPP', 'zeta_PPP', 'zeta_Bmod', 'zeta_Dmod') (U=498, N_lam=16) from table_tree_cut1000_r4.npz
[etl-callable] loaded 6/6 nonzero channels ('zeta_TTT', 'zeta_TTP', 'zeta_TPP', 'zeta_PPP', 'zeta_Bmod', 'zeta_Dmod') (U=498, N_lam=16) from table_tree_cut1000_r4.npz
[etl-callable] loaded 6/6 nonzero channels ('zeta_TTT', 'zeta_TTP', 'zeta_TPP', 'zeta_PPP', 'zeta_Bmod', 'zeta_Dmod') (U=498, N_lam=16) from table_tree_cut1000_r4.npz
[etl-callable] loaded 6/6 nonzero channels ('zeta_TTT', 'zeta_TTP', 'zeta_TPP', 'zeta_PPP', 'zeta_Bmod', 'zeta_Dmod') (U=498, N_lam=16) from table_tree_cut1000_r4.npz
[etl-callable] loaded 6/6 nonzero channels ('zeta_TTT', 'zeta_TTP', 'zeta_TPP', 'zeta_PPP', 'zeta_Bmod', 'zeta_Dmod') (U=498, N_lam=16) from table_tree_cut1000_r4.npz
[etl-callable] loaded 6/6 nonzero channels ('zeta_TTT', 'zeta_TTP', 'zeta_TPP', 'zeta_PPP', 'zeta_Bmod', 'zeta_Dmod') (U=498, N_lam=16) from table_tree_cut1000_r4.npz
[etl-callable] loaded 6/6 nonzero channels ('zeta_TTT', 'zeta_TTP', 'zeta_TPP', 'zeta_PPP', 'zeta_Bmod', 'zeta_Dmod') (U=498, N_lam=16) from table_tree_cut1000_r4.npz
[etl-callable] loaded 6/6 nonzero channels ('zeta_TTT', 'zeta_TTP', 'zeta_TPP', 'zeta_PPP', 'zeta_Bmod', 'zeta_Dmod') (U=498, N_lam=16) from table_tree_cut1000_r4.npz
[etl-callable] loaded 6/6 nonzero channels ('zeta_TTT', 'zeta_TTP', 'zeta_TPP', 'zeta_PPP', 'zeta_Bmod', 'zeta_Dmod') (U=498, N_lam=16) from table_tree_cut1000_r4.npz
[etl-callable] loaded 6/6 nonzero channels ('zeta_TTT', 'zeta_TTP', 'zeta_TPP', 'zeta_PPP', 'zeta_Bmod', 'zeta_Dmod') (U=498, N_lam=16) from table_tree_cut1000_r4.npz
[etl-callable] loaded 6/6 nonzero channels ('zeta_TTT', 'zeta_TTP', 'zeta_TPP', 'zeta_PPP', 'zeta_Bmod', 'zeta_Dmod') (U=498, N_lam=16) from table_tree_cut1000_r4.npz
[etl-callable] loaded 6/6 nonzero channels ('zeta_TTT', 'zeta_TTP', 'zeta_TPP', 'zeta_PPP', 'zeta_Bmod', 'zeta_Dmod') (U=498, N_lam=16) from table_tree_cut1000_r4.npz
[etl-callable] loaded 6/6 nonzero channels ('zeta_TTT', 'zeta_TTP', 'zeta_TPP', 'zeta_PPP', 'zeta_Bmod', 'zeta_Dmod') (U=498, N_lam=16) from table_tree_cut1000_r4.npz
[etl-callable] loaded 6/6 nonzero channels ('zeta_TTT', 'zeta_TTP', 'zeta_TPP', 'zeta_PPP', 'zeta_Bmod', 'zeta_Dmod') (U=498, N_lam=16) from table_tree_cut1000_r4.npz
[etl-callable] loaded 6/6 nonzero channels ('zeta_TTT', 'zeta_TTP', 'zeta_TPP', 'zeta_PPP', 'zeta_Bmod', 'zeta_Dmod') (U=498, N_lam=16) from table_tree_cut1000_r4.npz
[etl-callable] loaded 6/6 nonzero channels ('zeta_TTT', 'zeta_TTP', 'zeta_TPP', 'zeta_PPP', 'zeta_Bmod', 'zeta_Dmod') (U=498, N_lam=16) from table_tree_cut1000_r4.npz
[etl-callable] loaded 6/6 nonzero channels ('zeta_TTT', 'zeta_TTP', 'zeta_TPP', 'zeta_PPP', 'zeta_Bmod', 'zeta_Dmod') (U=498, N_lam=16) from table_tree_cut1000_r4.npz
[etl-callable] loaded 6/6 nonzero channels ('zeta_TTT', 'zeta_TTP', 'zeta_TPP', 'zeta_PPP', 'zeta_Bmod', 'zeta_Dmod') (U=498, N_lam=16) from table_tree_cut1000_r4.npz
[etl-callable] loaded 6/6 nonzero channels ('zeta_TTT', 'zeta_TTP', 'zeta_TPP', 'zeta_PPP', 'zeta_Bmod', 'zeta_Dmod') (U=498, N_lam=16) from table_tree_cut1000_r4.npz
[etl-callable] loaded 6/6 nonzero channels ('zeta_TTT', 'zeta_TTP', 'zeta_TPP', 'zeta_PPP', 'zeta_Bmod', 'zeta_Dmod') (U=498, N_lam=16) from table_tree_cut1000_r4.npz
[etl-callable] loaded 6/6 nonzero channels ('zeta_TTT', 'zeta_TTP', 'zeta_TPP', 'zeta_PPP', 'zeta_Bmod', 'zeta_Dmod') (U=498, N_lam=16) from table_tree_cut1000_r4.npz
[etl-callable] loaded 6/6 nonzero channels ('zeta_TTT', 'zeta_TTP', 'zeta_TPP', 'zeta_PPP', 'zeta_Bmod', 'zeta_Dmod') (U=498, N_lam=16) from table_tree_cut1000_r4.npz
[etl-callable] loaded 6/6 nonzero channels ('zeta_TTT', 'zeta_TTP', 'zeta_TPP', 'zeta_PPP', 'zeta_Bmod', 'zeta_Dmod') (U=498, N_lam=16) from table_tree_cut1000_r4.npz
[etl-callable] loaded 6/6 nonzero channels ('zeta_TTT', 'zeta_TTP', 'zeta_TPP', 'zeta_PPP', 'zeta_Bmod', 'zeta_Dmod') (U=498, N_lam=16) from table_tree_cut1000_r4.npz
[etl-callable] loaded 6/6 nonzero channels ('zeta_TTT', 'zeta_TTP', 'zeta_TPP', 'zeta_PPP', 'zeta_Bmod', 'zeta_Dmod') (U=498, N_lam=16) from table_tree_cut1000_r4.npz
[etl-callable] loaded 6/6 nonzero channels ('zeta_TTT', 'zeta_TTP', 'zeta_TPP', 'zeta_PPP', 'zeta_Bmod', 'zeta_Dmod') (U=498, N_lam=16) from table_tree_cut1000_r4.npz
[etl-callable] loaded 6/6 nonzero channels ('zeta_TTT', 'zeta_TTP', 'zeta_TPP', 'zeta_PPP', 'zeta_Bmod', 'zeta_Dmod') (U=498, N_lam=16) from table_tree_cut1000_r4.npz
[etl-callable] loaded 6/6 nonzero channels ('zeta_TTT', 'zeta_TTP', 'zeta_TPP', 'zeta_PPP', 'zeta_Bmod', 'zeta_Dmod') (U=498, N_lam=16) from table_tree_cut1000_r4.npz
[etl-callable] loaded 6/6 nonzero channels ('zeta_TTT', 'zeta_TTP', 'zeta_TPP', 'zeta_PPP', 'zeta_Bmod', 'zeta_Dmod') (U=498, N_lam=16) from table_tree_cut1000_r4.npz
[etl-callable] loaded 6/6 nonzero channels ('zeta_TTT', 'zeta_TTP', 'zeta_TPP', 'zeta_PPP', 'zeta_Bmod', 'zeta_Dmod') (U=498, N_lam=16) from table_tree_cut1000_r4.npz
[etl-callable] loaded 6/6 nonzero channels ('zeta_TTT', 'zeta_TTP', 'zeta_TPP', 'zeta_PPP', 'zeta_Bmod', 'zeta_Dmod') (U=498, N_lam=16) from table_tree_cut1000_r4.npz
[etl-callable] loaded 6/6 nonzero channels ('zeta_TTT', 'zeta_TTP', 'zeta_TPP', 'zeta_PPP', 'zeta_Bmod', 'zeta_Dmod') (U=498, N_lam=16) from table_tree_cut1000_r4.npz
[etl-callable] loaded 6/6 nonzero channels ('zeta_TTT', 'zeta_TTP', 'zeta_TPP', 'zeta_PPP', 'zeta_Bmod', 'zeta_Dmod') (U=498, N_lam=16) from table_tree_cut1000_r4.npz
[etl-callable] loaded 6/6 nonzero channels ('zeta_TTT', 'zeta_TTP', 'zeta_TPP', 'zeta_PPP', 'zeta_Bmod', 'zeta_Dmod') (U=498, N_lam=16) from table_tree_cut1000_r4.npz
[etl-callable] loaded 6/6 nonzero channels ('zeta_TTT', 'zeta_TTP', 'zeta_TPP', 'zeta_PPP', 'zeta_Bmod', 'zeta_Dmod') (U=498, N_lam=16) from table_tree_cut1000_r4.npz
[etl-callable] loaded 6/6 nonzero channels ('zeta_TTT', 'zeta_TTP', 'zeta_TPP', 'zeta_PPP', 'zeta_Bmod', 'zeta_Dmod') (U=498, N_lam=16) from table_tree_cut1000_r4.npz
[etl-callable] loaded 6/6 nonzero channels ('zeta_TTT', 'zeta_TTP', 'zeta_TPP', 'zeta_PPP', 'zeta_Bmod', 'zeta_Dmod') (U=498, N_lam=16) from table_tree_cut1000_r4.npz
[etl-callable] loaded 6/6 nonzero channels ('zeta_TTT', 'zeta_TTP', 'zeta_TPP', 'zeta_PPP', 'zeta_Bmod', 'zeta_Dmod') (U=498, N_lam=16) from table_tree_cut1000_r4.npz
[etl-callable] loaded 6/6 nonzero channels ('zeta_TTT', 'zeta_TTP', 'zeta_TPP', 'zeta_PPP', 'zeta_Bmod', 'zeta_Dmod') (U=498, N_lam=16) from table_tree_cut1000_r4.npz
[etl-callable] loaded 6/6 nonzero channels ('zeta_TTT', 'zeta_TTP', 'zeta_TPP', 'zeta_PPP', 'zeta_Bmod', 'zeta_Dmod') (U=498, N_lam=16) from table_tree_cut1000_r4.npz
[etl-callable] loaded 6/6 nonzero channels ('zeta_TTT', 'zeta_TTP', 'zeta_TPP', 'zeta_PPP', 'zeta_Bmod', 'zeta_Dmod') (U=498, N_lam=16) from table_tree_cut1000_r4.npz
[etl-callable] loaded 6/6 nonzero channels ('zeta_TTT', 'zeta_TTP', 'zeta_TPP', 'zeta_PPP', 'zeta_Bmod', 'zeta_Dmod') (U=498, N_lam=16) from table_tree_cut1000_r4.npz
[etl-callable] loaded 6/6 nonzero channels ('zeta_TTT', 'zeta_TTP', 'zeta_TPP', 'zeta_PPP', 'zeta_Bmod', 'zeta_Dmod') (U=498, N_lam=16) from table_tree_cut1000_r4.npz
[etl-callable] loaded 6/6 nonzero channels ('zeta_TTT', 'zeta_TTP', 'zeta_TPP', 'zeta_PPP', 'zeta_Bmod', 'zeta_Dmod') (U=498, N_lam=16) from table_tree_cut1000_r4.npz
[etl-callable] loaded 6/6 nonzero channels ('zeta_TTT', 'zeta_TTP', 'zeta_TPP', 'zeta_PPP', 'zeta_Bmod', 'zeta_Dmod') (U=498, N_lam=16) from table_tree_cut1000_r4.npz
[etl-callable] loaded 6/6 nonzero channels ('zeta_TTT', 'zeta_TTP', 'zeta_TPP', 'zeta_PPP', 'zeta_Bmod', 'zeta_Dmod') (U=498, N_lam=16) from table_tree_cut1000_r4.npz
[etl-callable] loaded 6/6 nonzero channels ('zeta_TTT', 'zeta_TTP', 'zeta_TPP', 'zeta_PPP', 'zeta_Bmod', 'zeta_Dmod') (U=498, N_lam=16) from table_tree_cut1000_r4.npz
[etl-callable] loaded 6/6 nonzero channels ('zeta_TTT', 'zeta_TTP', 'zeta_TPP', 'zeta_PPP', 'zeta_Bmod', 'zeta_Dmod') (U=498, N_lam=16) from table_tree_cut1000_r4.npz
[etl-callable] loaded 6/6 nonzero channels ('zeta_TTT', 'zeta_TTP', 'zeta_TPP', 'zeta_PPP', 'zeta_Bmod', 'zeta_Dmod') (U=498, N_lam=16) from table_tree_cut1000_r4.npz
[etl-callable] loaded 6/6 nonzero channels ('zeta_TTT', 'zeta_TTP', 'zeta_TPP', 'zeta_PPP', 'zeta_Bmod', 'zeta_Dmod') (U=498, N_lam=16) from table_tree_cut1000_r4.npz
[etl-callable] loaded 6/6 nonzero channels ('zeta_TTT', 'zeta_TTP', 'zeta_TPP', 'zeta_PPP', 'zeta_Bmod', 'zeta_Dmod') (U=498, N_lam=16) from table_tree_cut1000_r4.npz
[etl-callable] loaded 6/6 nonzero channels ('zeta_TTT', 'zeta_TTP', 'zeta_TPP', 'zeta_PPP', 'zeta_Bmod', 'zeta_Dmod') (U=498, N_lam=16) from table_tree_cut1000_r4.npz
[etl-callable] loaded 6/6 nonzero channels ('zeta_TTT', 'zeta_TTP', 'zeta_TPP', 'zeta_PPP', 'zeta_Bmod', 'zeta_Dmod') (U=498, N_lam=16) from table_tree_cut1000_r4.npz
[etl-callable] loaded 6/6 nonzero channels ('zeta_TTT', 'zeta_TTP', 'zeta_TPP', 'zeta_PPP', 'zeta_Bmod', 'zeta_Dmod') (U=498, N_lam=16) from table_tree_cut1000_r4.npz
[etl-callable] loaded 6/6 nonzero channels ('zeta_TTT', 'zeta_TTP', 'zeta_TPP', 'zeta_PPP', 'zeta_Bmod', 'zeta_Dmod') (U=498, N_lam=16) from table_tree_cut1000_r4.npz
[etl-callable] loaded 6/6 nonzero channels ('zeta_TTT', 'zeta_TTP', 'zeta_TPP', 'zeta_PPP', 'zeta_Bmod', 'zeta_Dmod') (U=498, N_lam=16) from table_tree_cut1000_r4.npz
[etl-callable] loaded 6/6 nonzero channels ('zeta_TTT', 'zeta_TTP', 'zeta_TPP', 'zeta_PPP', 'zeta_Bmod', 'zeta_Dmod') (U=498, N_lam=16) from table_tree_cut1000_r4.npz
[etl-callable] loaded 6/6 nonzero channels ('zeta_TTT', 'zeta_TTP', 'zeta_TPP', 'zeta_PPP', 'zeta_Bmod', 'zeta_Dmod') (U=498, N_lam=16) from table_tree_cut1000_r4.npz
[etl-callable] loaded 6/6 nonzero channels ('zeta_TTT', 'zeta_TTP', 'zeta_TPP', 'zeta_PPP', 'zeta_Bmod', 'zeta_Dmod') (U=498, N_lam=16) from table_tree_cut1000_r4.npz
[etl-callable] loaded 6/6 nonzero channels ('zeta_TTT', 'zeta_TTP', 'zeta_TPP', 'zeta_PPP', 'zeta_Bmod', 'zeta_Dmod') (U=498, N_lam=16) from table_tree_cut1000_r4.npz
[etl-callable] loaded 6/6 nonzero channels ('zeta_TTT', 'zeta_TTP', 'zeta_TPP', 'zeta_PPP', 'zeta_Bmod', 'zeta_Dmod') (U=498, N_lam=16) from table_tree_cut1000_r4.npz
[etl-callable] loaded 6/6 nonzero channels ('zeta_TTT', 'zeta_TTP', 'zeta_TPP', 'zeta_PPP', 'zeta_Bmod', 'zeta_Dmod') (U=498, N_lam=16) from table_tree_cut1000_r4.npz
[etl-callable] loaded 6/6 nonzero channels ('zeta_TTT', 'zeta_TTP', 'zeta_TPP', 'zeta_PPP', 'zeta_Bmod', 'zeta_Dmod') (U=498, N_lam=16) from table_tree_cut1000_r4.npz
[etl-callable] loaded 6/6 nonzero channels ('zeta_TTT', 'zeta_TTP', 'zeta_TPP', 'zeta_PPP', 'zeta_Bmod', 'zeta_Dmod') (U=498, N_lam=16) from table_tree_cut1000_r4.npz
[etl-callable] loaded 6/6 nonzero channels ('zeta_TTT', 'zeta_TTP', 'zeta_TPP', 'zeta_PPP', 'zeta_Bmod', 'zeta_Dmod') (U=498, N_lam=16) from table_tree_cut1000_r4.npz
[etl-callable] loaded 6/6 nonzero channels ('zeta_TTT', 'zeta_TTP', 'zeta_TPP', 'zeta_PPP', 'zeta_Bmod', 'zeta_Dmod') (U=498, N_lam=16) from table_tree_cut1000_r4.npz
[etl-callable] loaded 6/6 nonzero channels ('zeta_TTT', 'zeta_TTP', 'zeta_TPP', 'zeta_PPP', 'zeta_Bmod', 'zeta_Dmod') (U=498, N_lam=16) from table_tree_cut1000_r4.npz
[etl-callable] loaded 6/6 nonzero channels ('zeta_TTT', 'zeta_TTP', 'zeta_TPP', 'zeta_PPP', 'zeta_Bmod', 'zeta_Dmod') (U=498, N_lam=16) from table_tree_cut1000_r4.npz
[etl-callable] loaded 6/6 nonzero channels ('zeta_TTT', 'zeta_TTP', 'zeta_TPP', 'zeta_PPP', 'zeta_Bmod', 'zeta_Dmod') (U=498, N_lam=16) from table_tree_cut1000_r4.npz
[etl-callable] loaded 6/6 nonzero channels ('zeta_TTT', 'zeta_TTP', 'zeta_TPP', 'zeta_PPP', 'zeta_Bmod', 'zeta_Dmod') (U=498, N_lam=16) from table_tree_cut1000_r4.npz
[etl-callable] loaded 6/6 nonzero channels ('zeta_TTT', 'zeta_TTP', 'zeta_TPP', 'zeta_PPP', 'zeta_Bmod', 'zeta_Dmod') (U=498, N_lam=16) from table_tree_cut1000_r4.npz
[etl-callable] loaded 6/6 nonzero channels ('zeta_TTT', 'zeta_TTP', 'zeta_TPP', 'zeta_PPP', 'zeta_Bmod', 'zeta_Dmod') (U=498, N_lam=16) from table_tree_cut1000_r4.npz
[etl-callable] loaded 6/6 nonzero channels ('zeta_TTT', 'zeta_TTP', 'zeta_TPP', 'zeta_PPP', 'zeta_Bmod', 'zeta_Dmod') (U=498, N_lam=16) from table_tree_cut1000_r4.npz
[etl-callable] loaded 6/6 nonzero channels ('zeta_TTT', 'zeta_TTP', 'zeta_TPP', 'zeta_PPP', 'zeta_Bmod', 'zeta_Dmod') (U=498, N_lam=16) from table_tree_cut1000_r4.npz
[etl-callable] loaded 6/6 nonzero channels ('zeta_TTT', 'zeta_TTP', 'zeta_TPP', 'zeta_PPP', 'zeta_Bmod', 'zeta_Dmod') (U=498, N_lam=16) from table_tree_cut1000_r4.npz
[etl-callable] loaded 6/6 nonzero channels ('zeta_TTT', 'zeta_TTP', 'zeta_TPP', 'zeta_PPP', 'zeta_Bmod', 'zeta_Dmod') (U=498, N_lam=16) from table_tree_cut1000_r4.npz
[etl-callable] loaded 6/6 nonzero channels ('zeta_TTT', 'zeta_TTP', 'zeta_TPP', 'zeta_PPP', 'zeta_Bmod', 'zeta_Dmod') (U=498, N_lam=16) from table_tree_cut1000_r4.npz
[etl-callable] loaded 6/6 nonzero channels ('zeta_TTT', 'zeta_TTP', 'zeta_TPP', 'zeta_PPP', 'zeta_Bmod', 'zeta_Dmod') (U=498, N_lam=16) from table_tree_cut1000_r4.npz
[etl-callable] loaded 6/6 nonzero channels ('zeta_TTT', 'zeta_TTP', 'zeta_TPP', 'zeta_PPP', 'zeta_Bmod', 'zeta_Dmod') (U=498, N_lam=16) from table_tree_cut1000_r4.npz
[etl-callable] loaded 6/6 nonzero channels ('zeta_TTT', 'zeta_TTP', 'zeta_TPP', 'zeta_PPP', 'zeta_Bmod', 'zeta_Dmod') (U=498, N_lam=16) from table_tree_cut1000_r4.npz
[etl-callable] loaded 6/6 nonzero channels ('zeta_TTT', 'zeta_TTP', 'zeta_TPP', 'zeta_PPP', 'zeta_Bmod', 'zeta_Dmod') (U=498, N_lam=16) from table_tree_cut1000_r4.npz
[etl-callable] loaded 6/6 nonzero channels ('zeta_TTT', 'zeta_TTP', 'zeta_TPP', 'zeta_PPP', 'zeta_Bmod', 'zeta_Dmod') (U=498, N_lam=16) from table_tree_cut1000_r4.npz
[etl-callable] loaded 6/6 nonzero channels ('zeta_TTT', 'zeta_TTP', 'zeta_TPP', 'zeta_PPP', 'zeta_Bmod', 'zeta_Dmod') (U=498, N_lam=16) from table_tree_cut1000_r4.npz
[etl-callable] loaded 6/6 nonzero channels ('zeta_TTT', 'zeta_TTP', 'zeta_TPP', 'zeta_PPP', 'zeta_Bmod', 'zeta_Dmod') (U=498, N_lam=16) from table_tree_cut1000_r4.npz
[etl-callable] loaded 6/6 nonzero channels ('zeta_TTT', 'zeta_TTP', 'zeta_TPP', 'zeta_PPP', 'zeta_Bmod', 'zeta_Dmod') (U=498, N_lam=16) from table_tree_cut1000_r4.npz
[etl-callable] loaded 6/6 nonzero channels ('zeta_TTT', 'zeta_TTP', 'zeta_TPP', 'zeta_PPP', 'zeta_Bmod', 'zeta_Dmod') (U=498, N_lam=16) from table_tree_cut1000_r4.npz
[etl-callable] loaded 6/6 nonzero channels ('zeta_TTT', 'zeta_TTP', 'zeta_TPP', 'zeta_PPP', 'zeta_Bmod', 'zeta_Dmod') (U=498, N_lam=16) from table_tree_cut1000_r4.npz
[etl-callable] loaded 6/6 nonzero channels ('zeta_TTT', 'zeta_TTP', 'zeta_TPP', 'zeta_PPP', 'zeta_Bmod', 'zeta_Dmod') (U=498, N_lam=16) from table_tree_cut1000_r4.npz
[etl-callable] loaded 6/6 nonzero channels ('zeta_TTT', 'zeta_TTP', 'zeta_TPP', 'zeta_PPP', 'zeta_Bmod', 'zeta_Dmod') (U=498, N_lam=16) from table_tree_cut1000_r4.npz
[etl-callable] loaded 6/6 nonzero channels ('zeta_TTT', 'zeta_TTP', 'zeta_TPP', 'zeta_PPP', 'zeta_Bmod', 'zeta_Dmod') (U=498, N_lam=16) from table_tree_cut1000_r4.npz
[etl-callable] loaded 6/6 nonzero channels ('zeta_TTT', 'zeta_TTP', 'zeta_TPP', 'zeta_PPP', 'zeta_Bmod', 'zeta_Dmod') (U=498, N_lam=16) from table_tree_cut1000_r4.npz
[etl-callable] loaded 6/6 nonzero channels ('zeta_TTT', 'zeta_TTP', 'zeta_TPP', 'zeta_PPP', 'zeta_Bmod', 'zeta_Dmod') (U=498, N_lam=16) from table_tree_cut1000_r4.npz
[etl-callable] loaded 6/6 nonzero channels ('zeta_TTT', 'zeta_TTP', 'zeta_TPP', 'zeta_PPP', 'zeta_Bmod', 'zeta_Dmod') (U=498, N_lam=16) from table_tree_cut1000_r4.npz
[etl-callable] loaded 6/6 nonzero channels ('zeta_TTT', 'zeta_TTP', 'zeta_TPP', 'zeta_PPP', 'zeta_Bmod', 'zeta_Dmod') (U=498, N_lam=16) from table_tree_cut1000_r4.npz
[etl-callable] loaded 6/6 nonzero channels ('zeta_TTT', 'zeta_TTP', 'zeta_TPP', 'zeta_PPP', 'zeta_Bmod', 'zeta_Dmod') (U=498, N_lam=16) from table_tree_cut1000_r4.npz
[etl-callable] loaded 6/6 nonzero channels ('zeta_TTT', 'zeta_TTP', 'zeta_TPP', 'zeta_PPP', 'zeta_Bmod', 'zeta_Dmod') (U=498, N_lam=16) from table_tree_cut1000_r4.npz
[etl-callable] loaded 6/6 nonzero channels ('zeta_TTT', 'zeta_TTP', 'zeta_TPP', 'zeta_PPP', 'zeta_Bmod', 'zeta_Dmod') (U=498, N_lam=16) from table_tree_cut1000_r4.npz
[etl-callable] loaded 6/6 nonzero channels ('zeta_TTT', 'zeta_TTP', 'zeta_TPP', 'zeta_PPP', 'zeta_Bmod', 'zeta_Dmod') (U=498, N_lam=16) from table_tree_cut1000_r4.npz
[etl-callable] loaded 6/6 nonzero channels ('zeta_TTT', 'zeta_TTP', 'zeta_TPP', 'zeta_PPP', 'zeta_Bmod', 'zeta_Dmod') (U=498, N_lam=16) from table_tree_cut1000_r4.npz
[etl-callable] loaded 6/6 nonzero channels ('zeta_TTT', 'zeta_TTP', 'zeta_TPP', 'zeta_PPP', 'zeta_Bmod', 'zeta_Dmod') (U=498, N_lam=16) from table_tree_cut1000_r4.npz
[etl-callable] loaded 6/6 nonzero channels ('zeta_TTT', 'zeta_TTP', 'zeta_TPP', 'zeta_PPP', 'zeta_Bmod', 'zeta_Dmod') (U=498, N_lam=16) from table_tree_cut1000_r4.npz
[etl-callable] loaded 6/6 nonzero channels ('zeta_TTT', 'zeta_TTP', 'zeta_TPP', 'zeta_PPP', 'zeta_Bmod', 'zeta_Dmod') (U=498, N_lam=16) from table_tree_cut1000_r4.npz
[etl-callable] loaded 6/6 nonzero channels ('zeta_TTT', 'zeta_TTP', 'zeta_TPP', 'zeta_PPP', 'zeta_Bmod', 'zeta_Dmod') (U=498, N_lam=16) from table_tree_cut1000_r4.npz
[etl-callable] loaded 6/6 nonzero channels ('zeta_TTT', 'zeta_TTP', 'zeta_TPP', 'zeta_PPP', 'zeta_Bmod', 'zeta_Dmod') (U=498, N_lam=16) from table_tree_cut1000_r4.npz
[etl-callable] loaded 6/6 nonzero channels ('zeta_TTT', 'zeta_TTP', 'zeta_TPP', 'zeta_PPP', 'zeta_Bmod', 'zeta_Dmod') (U=498, N_lam=16) from table_tree_cut1000_r4.npz
[etl-callable] loaded 6/6 nonzero channels ('zeta_TTT', 'zeta_TTP', 'zeta_TPP', 'zeta_PPP', 'zeta_Bmod', 'zeta_Dmod') (U=498, N_lam=16) from table_tree_cut1000_r4.npz
[etl-callable] loaded 6/6 nonzero channels ('zeta_TTT', 'zeta_TTP', 'zeta_TPP', 'zeta_PPP', 'zeta_Bmod', 'zeta_Dmod') (U=498, N_lam=16) from table_tree_cut1000_r4.npz
[etl-callable] loaded 6/6 nonzero channels ('zeta_TTT', 'zeta_TTP', 'zeta_TPP', 'zeta_PPP', 'zeta_Bmod', 'zeta_Dmod') (U=498, N_lam=16) from table_tree_cut1000_r4.npz
[etl-callable] loaded 6/6 nonzero channels ('zeta_TTT', 'zeta_TTP', 'zeta_TPP', 'zeta_PPP', 'zeta_Bmod', 'zeta_Dmod') (U=498, N_lam=16) from table_tree_cut1000_r4.npz
[etl-callable] loaded 6/6 nonzero channels ('zeta_TTT', 'zeta_TTP', 'zeta_TPP', 'zeta_PPP', 'zeta_Bmod', 'zeta_Dmod') (U=498, N_lam=16) from table_tree_cut1000_r4.npz
[etl-callable] loaded 6/6 nonzero channels ('zeta_TTT', 'zeta_TTP', 'zeta_TPP', 'zeta_PPP', 'zeta_Bmod', 'zeta_Dmod') (U=498, N_lam=16) from table_tree_cut1000_r4.npz
[etl-callable] loaded 6/6 nonzero channels ('zeta_TTT', 'zeta_TTP', 'zeta_TPP', 'zeta_PPP', 'zeta_Bmod', 'zeta_Dmod') (U=498, N_lam=16) from table_tree_cut1000_r4.npz
[etl-callable] loaded 6/6 nonzero channels ('zeta_TTT', 'zeta_TTP', 'zeta_TPP', 'zeta_PPP', 'zeta_Bmod', 'zeta_Dmod') (U=498, N_lam=16) from table_tree_cut1000_r4.npz
[etl-callable] loaded 6/6 nonzero channels ('zeta_TTT', 'zeta_TTP', 'zeta_TPP', 'zeta_PPP', 'zeta_Bmod', 'zeta_Dmod') (U=498, N_lam=16) from table_tree_cut1000_r4.npz
[etl-callable] loaded 6/6 nonzero channels ('zeta_TTT', 'zeta_TTP', 'zeta_TPP', 'zeta_PPP', 'zeta_Bmod', 'zeta_Dmod') (U=498, N_lam=16) from table_tree_cut1000_r4.npz
[etl-callable] loaded 6/6 nonzero channels ('zeta_TTT', 'zeta_TTP', 'zeta_TPP', 'zeta_PPP', 'zeta_Bmod', 'zeta_Dmod') (U=498, N_lam=16) from table_tree_cut1000_r4.npz
[etl-callable] loaded 6/6 nonzero channels ('zeta_TTT', 'zeta_TTP', 'zeta_TPP', 'zeta_PPP', 'zeta_Bmod', 'zeta_Dmod') (U=498, N_lam=16) from table_tree_cut1000_r4.npz
[etl-callable] loaded 6/6 nonzero channels ('zeta_TTT', 'zeta_TTP', 'zeta_TPP', 'zeta_PPP', 'zeta_Bmod', 'zeta_Dmod') (U=498, N_lam=16) from table_tree_cut1000_r4.npz
[etl-callable] loaded 6/6 nonzero channels ('zeta_TTT', 'zeta_TTP', 'zeta_TPP', 'zeta_PPP', 'zeta_Bmod', 'zeta_Dmod') (U=498, N_lam=16) from table_tree_cut1000_r4.npz
[etl-callable] loaded 6/6 nonzero channels ('zeta_TTT', 'zeta_TTP', 'zeta_TPP', 'zeta_PPP', 'zeta_Bmod', 'zeta_Dmod') (U=498, N_lam=16) from table_tree_cut1000_r4.npz
[etl-callable] loaded 6/6 nonzero channels ('zeta_TTT', 'zeta_TTP', 'zeta_TPP', 'zeta_PPP', 'zeta_Bmod', 'zeta_Dmod') (U=498, N_lam=16) from table_tree_cut1000_r4.npz
[etl-callable] loaded 6/6 nonzero channels ('zeta_TTT', 'zeta_TTP', 'zeta_TPP', 'zeta_PPP', 'zeta_Bmod', 'zeta_Dmod') (U=498, N_lam=16) from table_tree_cut1000_r4.npz
[etl-callable] loaded 6/6 nonzero channels ('zeta_TTT', 'zeta_TTP', 'zeta_TPP', 'zeta_PPP', 'zeta_Bmod', 'zeta_Dmod') (U=498, N_lam=16) from table_tree_cut1000_r4.npz
[etl-callable] loaded 6/6 nonzero channels ('zeta_TTT', 'zeta_TTP', 'zeta_TPP', 'zeta_PPP', 'zeta_Bmod', 'zeta_Dmod') (U=498, N_lam=16) from table_tree_cut1000_r4.npz
[etl-callable] loaded 6/6 nonzero channels ('zeta_TTT', 'zeta_TTP', 'zeta_TPP', 'zeta_PPP', 'zeta_Bmod', 'zeta_Dmod') (U=498, N_lam=16) from table_tree_cut1000_r4.npz
[etl-callable] loaded 6/6 nonzero channels ('zeta_TTT', 'zeta_TTP', 'zeta_TPP', 'zeta_PPP', 'zeta_Bmod', 'zeta_Dmod') (U=498, N_lam=16) from table_tree_cut1000_r4.npz
[etl-callable] loaded 6/6 nonzero channels ('zeta_TTT', 'zeta_TTP', 'zeta_TPP', 'zeta_PPP', 'zeta_Bmod', 'zeta_Dmod') (U=498, N_lam=16) from table_tree_cut1000_r4.npz
[etl-callable] loaded 6/6 nonzero channels ('zeta_TTT', 'zeta_TTP', 'zeta_TPP', 'zeta_PPP', 'zeta_Bmod', 'zeta_Dmod') (U=498, N_lam=16) from table_tree_cut1000_r4.npz
[etl-callable] loaded 6/6 nonzero channels ('zeta_TTT', 'zeta_TTP', 'zeta_TPP', 'zeta_PPP', 'zeta_Bmod', 'zeta_Dmod') (U=498, N_lam=16) from table_tree_cut1000_r4.npz
[etl-callable] loaded 6/6 nonzero channels ('zeta_TTT', 'zeta_TTP', 'zeta_TPP', 'zeta_PPP', 'zeta_Bmod', 'zeta_Dmod') (U=498, N_lam=16) from table_tree_cut1000_r4.npz
[etl-callable] loaded 6/6 nonzero channels ('zeta_TTT', 'zeta_TTP', 'zeta_TPP', 'zeta_PPP', 'zeta_Bmod', 'zeta_Dmod') (U=498, N_lam=16) from table_tree_cut1000_r4.npz
[etl-callable] loaded 6/6 nonzero channels ('zeta_TTT', 'zeta_TTP', 'zeta_TPP', 'zeta_PPP', 'zeta_Bmod', 'zeta_Dmod') (U=498, N_lam=16) from table_tree_cut1000_r4.npz
[etl-callable] loaded 6/6 nonzero channels ('zeta_TTT', 'zeta_TTP', 'zeta_TPP', 'zeta_PPP', 'zeta_Bmod', 'zeta_Dmod') (U=498, N_lam=16) from table_tree_cut1000_r4.npz
[etl-callable] loaded 6/6 nonzero channels ('zeta_TTT', 'zeta_TTP', 'zeta_TPP', 'zeta_PPP', 'zeta_Bmod', 'zeta_Dmod') (U=498, N_lam=16) from table_tree_cut1000_r4.npz
[etl-callable] loaded 6/6 nonzero channels ('zeta_TTT', 'zeta_TTP', 'zeta_TPP', 'zeta_PPP', 'zeta_Bmod', 'zeta_Dmod') (U=498, N_lam=16) from table_tree_cut1000_r4.npz
[etl-callable] loaded 6/6 nonzero channels ('zeta_TTT', 'zeta_TTP', 'zeta_TPP', 'zeta_PPP', 'zeta_Bmod', 'zeta_Dmod') (U=498, N_lam=16) from table_tree_cut1000_r4.npz
[etl-callable] loaded 6/6 nonzero channels ('zeta_TTT', 'zeta_TTP', 'zeta_TPP', 'zeta_PPP', 'zeta_Bmod', 'zeta_Dmod') (U=498, N_lam=16) from table_tree_cut1000_r4.npz
[etl-callable] loaded 6/6 nonzero channels ('zeta_TTT', 'zeta_TTP', 'zeta_TPP', 'zeta_PPP', 'zeta_Bmod', 'zeta_Dmod') (U=498, N_lam=16) from table_tree_cut1000_r4.npz
[etl-callable] loaded 6/6 nonzero channels ('zeta_TTT', 'zeta_TTP', 'zeta_TPP', 'zeta_PPP', 'zeta_Bmod', 'zeta_Dmod') (U=498, N_lam=16) from table_tree_cut1000_r4.npz
[etl-callable] loaded 6/6 nonzero channels ('zeta_TTT', 'zeta_TTP', 'zeta_TPP', 'zeta_PPP', 'zeta_Bmod', 'zeta_Dmod') (U=498, N_lam=16) from table_tree_cut1000_r4.npz
[etl-callable] loaded 6/6 nonzero channels ('zeta_TTT', 'zeta_TTP', 'zeta_TPP', 'zeta_PPP', 'zeta_Bmod', 'zeta_Dmod') (U=498, N_lam=16) from table_tree_cut1000_r4.npz
[etl-callable] loaded 6/6 nonzero channels ('zeta_TTT', 'zeta_TTP', 'zeta_TPP', 'zeta_PPP', 'zeta_Bmod', 'zeta_Dmod') (U=498, N_lam=16) from table_tree_cut1000_r4.npz
[etl-callable] loaded 6/6 nonzero channels ('zeta_TTT', 'zeta_TTP', 'zeta_TPP', 'zeta_PPP', 'zeta_Bmod', 'zeta_Dmod') (U=498, N_lam=16) from table_tree_cut1000_r4.npz
[etl-callable] loaded 6/6 nonzero channels ('zeta_TTT', 'zeta_TTP', 'zeta_TPP', 'zeta_PPP', 'zeta_Bmod', 'zeta_Dmod') (U=498, N_lam=16) from table_tree_cut1000_r4.npz
[etl-callable] loaded 6/6 nonzero channels ('zeta_TTT', 'zeta_TTP', 'zeta_TPP', 'zeta_PPP', 'zeta_Bmod', 'zeta_Dmod') (U=498, N_lam=16) from table_tree_cut1000_r4.npz
[etl-callable] loaded 6/6 nonzero channels ('zeta_TTT', 'zeta_TTP', 'zeta_TPP', 'zeta_PPP', 'zeta_Bmod', 'zeta_Dmod') (U=498, N_lam=16) from table_tree_cut1000_r4.npz
[etl-callable] loaded 6/6 nonzero channels ('zeta_TTT', 'zeta_TTP', 'zeta_TPP', 'zeta_PPP', 'zeta_Bmod', 'zeta_Dmod') (U=498, N_lam=16) from table_tree_cut1000_r4.npz
[etl-callable] loaded 6/6 nonzero channels ('zeta_TTT', 'zeta_TTP', 'zeta_TPP', 'zeta_PPP', 'zeta_Bmod', 'zeta_Dmod') (U=498, N_lam=16) from table_tree_cut1000_r4.npz
[etl-callable] loaded 6/6 nonzero channels ('zeta_TTT', 'zeta_TTP', 'zeta_TPP', 'zeta_PPP', 'zeta_Bmod', 'zeta_Dmod') (U=498, N_lam=16) from table_tree_cut1000_r4.npz
[etl-callable] loaded 6/6 nonzero channels ('zeta_TTT', 'zeta_TTP', 'zeta_TPP', 'zeta_PPP', 'zeta_Bmod', 'zeta_Dmod') (U=498, N_lam=16) from table_tree_cut1000_r4.npz
[etl-callable] loaded 6/6 nonzero channels ('zeta_TTT', 'zeta_TTP', 'zeta_TPP', 'zeta_PPP', 'zeta_Bmod', 'zeta_Dmod') (U=498, N_lam=16) from table_tree_cut1000_r4.npz
[etl-callable] loaded 6/6 nonzero channels ('zeta_TTT', 'zeta_TTP', 'zeta_TPP', 'zeta_PPP', 'zeta_Bmod', 'zeta_Dmod') (U=498, N_lam=16) from table_tree_cut1000_r4.npz
[etl-callable] loaded 6/6 nonzero channels ('zeta_TTT', 'zeta_TTP', 'zeta_TPP', 'zeta_PPP', 'zeta_Bmod', 'zeta_Dmod') (U=498, N_lam=16) from table_tree_cut1000_r4.npz
[etl-callable] loaded 6/6 nonzero channels ('zeta_TTT', 'zeta_TTP', 'zeta_TPP', 'zeta_PPP', 'zeta_Bmod', 'zeta_Dmod') (U=498, N_lam=16) from table_tree_cut1000_r4.npz
[etl-callable] loaded 6/6 nonzero channels ('zeta_TTT', 'zeta_TTP', 'zeta_TPP', 'zeta_PPP', 'zeta_Bmod', 'zeta_Dmod') (U=498, N_lam=16) from table_tree_cut1000_r4.npz
[etl-callable] loaded 6/6 nonzero channels ('zeta_TTT', 'zeta_TTP', 'zeta_TPP', 'zeta_PPP', 'zeta_Bmod', 'zeta_Dmod') (U=498, N_lam=16) from table_tree_cut1000_r4.npz
[etl-callable] loaded 6/6 nonzero channels ('zeta_TTT', 'zeta_TTP', 'zeta_TPP', 'zeta_PPP', 'zeta_Bmod', 'zeta_Dmod') (U=498, N_lam=16) from table_tree_cut1000_r4.npz
[etl-callable] loaded 6/6 nonzero channels ('zeta_TTT', 'zeta_TTP', 'zeta_TPP', 'zeta_PPP', 'zeta_Bmod', 'zeta_Dmod') (U=498, N_lam=16) from table_tree_cut1000_r4.npz
[etl-callable] loaded 6/6 nonzero channels ('zeta_TTT', 'zeta_TTP', 'zeta_TPP', 'zeta_PPP', 'zeta_Bmod', 'zeta_Dmod') (U=498, N_lam=16) from table_tree_cut1000_r4.npz
[etl-callable] loaded 6/6 nonzero channels ('zeta_TTT', 'zeta_TTP', 'zeta_TPP', 'zeta_PPP', 'zeta_Bmod', 'zeta_Dmod') (U=498, N_lam=16) from table_tree_cut1000_r4.npz
[etl-callable] loaded 6/6 nonzero channels ('zeta_TTT', 'zeta_TTP', 'zeta_TPP', 'zeta_PPP', 'zeta_Bmod', 'zeta_Dmod') (U=498, N_lam=16) from table_tree_cut1000_r4.npz
[etl-callable] loaded 6/6 nonzero channels ('zeta_TTT', 'zeta_TTP', 'zeta_TPP', 'zeta_PPP', 'zeta_Bmod', 'zeta_Dmod') (U=498, N_lam=16) from table_tree_cut1000_r4.npz
[etl-callable] loaded 6/6 nonzero channels ('zeta_TTT', 'zeta_TTP', 'zeta_TPP', 'zeta_PPP', 'zeta_Bmod', 'zeta_Dmod') (U=498, N_lam=16) from table_tree_cut1000_r4.npz
[etl-callable] loaded 6/6 nonzero channels ('zeta_TTT', 'zeta_TTP', 'zeta_TPP', 'zeta_PPP', 'zeta_Bmod', 'zeta_Dmod') (U=498, N_lam=16) from table_tree_cut1000_r4.npz
[etl-callable] loaded 6/6 nonzero channels ('zeta_TTT', 'zeta_TTP', 'zeta_TPP', 'zeta_PPP', 'zeta_Bmod', 'zeta_Dmod') (U=498, N_lam=16) from table_tree_cut1000_r4.npz
[etl-callable] loaded 6/6 nonzero channels ('zeta_TTT', 'zeta_TTP', 'zeta_TPP', 'zeta_PPP', 'zeta_Bmod', 'zeta_Dmod') (U=498, N_lam=16) from table_tree_cut1000_r4.npz
[etl-callable] loaded 6/6 nonzero channels ('zeta_TTT', 'zeta_TTP', 'zeta_TPP', 'zeta_PPP', 'zeta_Bmod', 'zeta_Dmod') (U=498, N_lam=16) from table_tree_cut1000_r4.npz
[etl-callable] loaded 6/6 nonzero channels ('zeta_TTT', 'zeta_TTP', 'zeta_TPP', 'zeta_PPP', 'zeta_Bmod', 'zeta_Dmod') (U=498, N_lam=16) from table_tree_cut1000_r4.npz
[etl-callable] loaded 6/6 nonzero channels ('zeta_TTT', 'zeta_TTP', 'zeta_TPP', 'zeta_PPP', 'zeta_Bmod', 'zeta_Dmod') (U=498, N_lam=16) from table_tree_cut1000_r4.npz
[etl-callable] loaded 6/6 nonzero channels ('zeta_TTT', 'zeta_TTP', 'zeta_TPP', 'zeta_PPP', 'zeta_Bmod', 'zeta_Dmod') (U=498, N_lam=16) from table_tree_cut1000_r4.npz
[etl-callable] loaded 6/6 nonzero channels ('zeta_TTT', 'zeta_TTP', 'zeta_TPP', 'zeta_PPP', 'zeta_Bmod', 'zeta_Dmod') (U=498, N_lam=16) from table_tree_cut1000_r4.npz
[etl-callable] loaded 6/6 nonzero channels ('zeta_TTT', 'zeta_TTP', 'zeta_TPP', 'zeta_PPP', 'zeta_Bmod', 'zeta_Dmod') (U=498, N_lam=16) from table_tree_cut1000_r4.npz
[etl-callable] loaded 6/6 nonzero channels ('zeta_TTT', 'zeta_TTP', 'zeta_TPP', 'zeta_PPP', 'zeta_Bmod', 'zeta_Dmod') (U=498, N_lam=16) from table_tree_cut1000_r4.npz
[etl-callable] loaded 6/6 nonzero channels ('zeta_TTT', 'zeta_TTP', 'zeta_TPP', 'zeta_PPP', 'zeta_Bmod', 'zeta_Dmod') (U=498, N_lam=16) from table_tree_cut1000_r4.npz
[etl-callable] loaded 6/6 nonzero channels ('zeta_TTT', 'zeta_TTP', 'zeta_TPP', 'zeta_PPP', 'zeta_Bmod', 'zeta_Dmod') (U=498, N_lam=16) from table_tree_cut1000_r4.npz
[etl-callable] loaded 6/6 nonzero channels ('zeta_TTT', 'zeta_TTP', 'zeta_TPP', 'zeta_PPP', 'zeta_Bmod', 'zeta_Dmod') (U=498, N_lam=16) from table_tree_cut1000_r4.npz
[etl-callable] loaded 6/6 nonzero channels ('zeta_TTT', 'zeta_TTP', 'zeta_TPP', 'zeta_PPP', 'zeta_Bmod', 'zeta_Dmod') (U=498, N_lam=16) from table_tree_cut1000_r4.npz
[etl-callable] loaded 6/6 nonzero channels ('zeta_TTT', 'zeta_TTP', 'zeta_TPP', 'zeta_PPP', 'zeta_Bmod', 'zeta_Dmod') (U=498, N_lam=16) from table_tree_cut1000_r4.npz
[etl-callable] loaded 6/6 nonzero channels ('zeta_TTT', 'zeta_TTP', 'zeta_TPP', 'zeta_PPP', 'zeta_Bmod', 'zeta_Dmod') (U=498, N_lam=16) from table_tree_cut1000_r4.npz
[etl-callable] loaded 6/6 nonzero channels ('zeta_TTT', 'zeta_TTP', 'zeta_TPP', 'zeta_PPP', 'zeta_Bmod', 'zeta_Dmod') (U=498, N_lam=16) from table_tree_cut1000_r4.npz
[etl-callable] loaded 6/6 nonzero channels ('zeta_TTT', 'zeta_TTP', 'zeta_TPP', 'zeta_PPP', 'zeta_Bmod', 'zeta_Dmod') (U=498, N_lam=16) from table_tree_cut1000_r4.npz
[etl-callable] loaded 6/6 nonzero channels ('zeta_TTT', 'zeta_TTP', 'zeta_TPP', 'zeta_PPP', 'zeta_Bmod', 'zeta_Dmod') (U=498, N_lam=16) from table_tree_cut1000_r4.npz
[etl-callable] loaded 6/6 nonzero channels ('zeta_TTT', 'zeta_TTP', 'zeta_TPP', 'zeta_PPP', 'zeta_Bmod', 'zeta_Dmod') (U=498, N_lam=16) from table_tree_cut1000_r4.npz
[etl-callable] loaded 6/6 nonzero channels ('zeta_TTT', 'zeta_TTP', 'zeta_TPP', 'zeta_PPP', 'zeta_Bmod', 'zeta_Dmod') (U=498, N_lam=16) from table_tree_cut1000_r4.npz
[etl-callable] loaded 6/6 nonzero channels ('zeta_TTT', 'zeta_TTP', 'zeta_TPP', 'zeta_PPP', 'zeta_Bmod', 'zeta_Dmod') (U=498, N_lam=16) from table_tree_cut1000_r4.npz
[etl-callable] loaded 6/6 nonzero channels ('zeta_TTT', 'zeta_TTP', 'zeta_TPP', 'zeta_PPP', 'zeta_Bmod', 'zeta_Dmod') (U=498, N_lam=16) from table_tree_cut1000_r4.npz
[etl-callable] loaded 6/6 nonzero channels ('zeta_TTT', 'zeta_TTP', 'zeta_TPP', 'zeta_PPP', 'zeta_Bmod', 'zeta_Dmod') (U=498, N_lam=16) from table_tree_cut1000_r4.npz
[etl-callable] loaded 6/6 nonzero channels ('zeta_TTT', 'zeta_TTP', 'zeta_TPP', 'zeta_PPP', 'zeta_Bmod', 'zeta_Dmod') (U=498, N_lam=16) from table_tree_cut1000_r4.npz
[etl-callable] loaded 6/6 nonzero channels ('zeta_TTT', 'zeta_TTP', 'zeta_TPP', 'zeta_PPP', 'zeta_Bmod', 'zeta_Dmod') (U=498, N_lam=16) from table_tree_cut1000_r4.npz
[etl-callable] loaded 6/6 nonzero channels ('zeta_TTT', 'zeta_TTP', 'zeta_TPP', 'zeta_PPP', 'zeta_Bmod', 'zeta_Dmod') (U=498, N_lam=16) from table_tree_cut1000_r4.npz
[etl-callable] loaded 6/6 nonzero channels ('zeta_TTT', 'zeta_TTP', 'zeta_TPP', 'zeta_PPP', 'zeta_Bmod', 'zeta_Dmod') (U=498, N_lam=16) from table_tree_cut1000_r4.npz
[etl-callable] loaded 6/6 nonzero channels ('zeta_TTT', 'zeta_TTP', 'zeta_TPP', 'zeta_PPP', 'zeta_Bmod', 'zeta_Dmod') (U=498, N_lam=16) from table_tree_cut1000_r4.npz
[etl-callable] loaded 6/6 nonzero channels ('zeta_TTT', 'zeta_TTP', 'zeta_TPP', 'zeta_PPP', 'zeta_Bmod', 'zeta_Dmod') (U=498, N_lam=16) from table_tree_cut1000_r4.npz
[etl-callable] loaded 6/6 nonzero channels ('zeta_TTT', 'zeta_TTP', 'zeta_TPP', 'zeta_PPP', 'zeta_Bmod', 'zeta_Dmod') (U=498, N_lam=16) from table_tree_cut1000_r4.npz
[etl-callable] loaded 6/6 nonzero channels ('zeta_TTT', 'zeta_TTP', 'zeta_TPP', 'zeta_PPP', 'zeta_Bmod', 'zeta_Dmod') (U=498, N_lam=16) from table_tree_cut1000_r4.npz
[etl-callable] loaded 6/6 nonzero channels ('zeta_TTT', 'zeta_TTP', 'zeta_TPP', 'zeta_PPP', 'zeta_Bmod', 'zeta_Dmod') (U=498, N_lam=16) from table_tree_cut1000_r4.npz
[etl-callable] loaded 6/6 nonzero channels ('zeta_TTT', 'zeta_TTP', 'zeta_TPP', 'zeta_PPP', 'zeta_Bmod', 'zeta_Dmod') (U=498, N_lam=16) from table_tree_cut1000_r4.npz
[etl-callable] loaded 6/6 nonzero channels ('zeta_TTT', 'zeta_TTP', 'zeta_TPP', 'zeta_PPP', 'zeta_Bmod', 'zeta_Dmod') (U=498, N_lam=16) from table_tree_cut1000_r4.npz
[etl-callable] loaded 6/6 nonzero channels ('zeta_TTT', 'zeta_TTP', 'zeta_TPP', 'zeta_PPP', 'zeta_Bmod', 'zeta_Dmod') (U=498, N_lam=16) from table_tree_cut1000_r4.npz
[etl-callable] loaded 6/6 nonzero channels ('zeta_TTT', 'zeta_TTP', 'zeta_TPP', 'zeta_PPP', 'zeta_Bmod', 'zeta_Dmod') (U=498, N_lam=16) from table_tree_cut1000_r4.npz
[etl-callable] loaded 6/6 nonzero channels ('zeta_TTT', 'zeta_TTP', 'zeta_TPP', 'zeta_PPP', 'zeta_Bmod', 'zeta_Dmod') (U=498, N_lam=16) from table_tree_cut1000_r4.npz
[etl-callable] loaded 6/6 nonzero channels ('zeta_TTT', 'zeta_TTP', 'zeta_TPP', 'zeta_PPP', 'zeta_Bmod', 'zeta_Dmod') (U=498, N_lam=16) from table_tree_cut1000_r4.npz
[etl-callable] loaded 6/6 nonzero channels ('zeta_TTT', 'zeta_TTP', 'zeta_TPP', 'zeta_PPP', 'zeta_Bmod', 'zeta_Dmod') (U=498, N_lam=16) from table_tree_cut1000_r4.npz
[etl-callable] loaded 6/6 nonzero channels ('zeta_TTT', 'zeta_TTP', 'zeta_TPP', 'zeta_PPP', 'zeta_Bmod', 'zeta_Dmod') (U=498, N_lam=16) from table_tree_cut1000_r4.npz
[etl-callable] loaded 6/6 nonzero channels ('zeta_TTT', 'zeta_TTP', 'zeta_TPP', 'zeta_PPP', 'zeta_Bmod', 'zeta_Dmod') (U=498, N_lam=16) from table_tree_cut1000_r4.npz
[etl-callable] loaded 6/6 nonzero channels ('zeta_TTT', 'zeta_TTP', 'zeta_TPP', 'zeta_PPP', 'zeta_Bmod', 'zeta_Dmod') (U=498, N_lam=16) from table_tree_cut1000_r4.npz
[etl-callable] loaded 6/6 nonzero channels ('zeta_TTT', 'zeta_TTP', 'zeta_TPP', 'zeta_PPP', 'zeta_Bmod', 'zeta_Dmod') (U=498, N_lam=16) from table_tree_cut1000_r4.npz
[etl-callable] loaded 6/6 nonzero channels ('zeta_TTT', 'zeta_TTP', 'zeta_TPP', 'zeta_PPP', 'zeta_Bmod', 'zeta_Dmod') (U=498, N_lam=16) from table_tree_cut1000_r4.npz
[etl-callable] loaded 6/6 nonzero channels ('zeta_TTT', 'zeta_TTP', 'zeta_TPP', 'zeta_PPP', 'zeta_Bmod', 'zeta_Dmod') (U=498, N_lam=16) from table_tree_cut1000_r4.npz
[etl-callable] loaded 6/6 nonzero channels ('zeta_TTT', 'zeta_TTP', 'zeta_TPP', 'zeta_PPP', 'zeta_Bmod', 'zeta_Dmod') (U=498, N_lam=16) from table_tree_cut1000_r4.npz
[etl-callable] loaded 6/6 nonzero channels ('zeta_TTT', 'zeta_TTP', 'zeta_TPP', 'zeta_PPP', 'zeta_Bmod', 'zeta_Dmod') (U=498, N_lam=16) from table_tree_cut1000_r4.npz
[etl-callable] loaded 6/6 nonzero channels ('zeta_TTT', 'zeta_TTP', 'zeta_TPP', 'zeta_PPP', 'zeta_Bmod', 'zeta_Dmod') (U=498, N_lam=16) from table_tree_cut1000_r4.npz
[etl-callable] loaded 6/6 nonzero channels ('zeta_TTT', 'zeta_TTP', 'zeta_TPP', 'zeta_PPP', 'zeta_Bmod', 'zeta_Dmod') (U=498, N_lam=16) from table_tree_cut1000_r4.npz
[etl-callable] loaded 6/6 nonzero channels ('zeta_TTT', 'zeta_TTP', 'zeta_TPP', 'zeta_PPP', 'zeta_Bmod', 'zeta_Dmod') (U=498, N_lam=16) from table_tree_cut1000_r4.npz
[etl-callable] loaded 6/6 nonzero channels ('zeta_TTT', 'zeta_TTP', 'zeta_TPP', 'zeta_PPP', 'zeta_Bmod', 'zeta_Dmod') (U=498, N_lam=16) from table_tree_cut1000_r4.npz
[etl-callable] loaded 6/6 nonzero channels ('zeta_TTT', 'zeta_TTP', 'zeta_TPP', 'zeta_PPP', 'zeta_Bmod', 'zeta_Dmod') (U=498, N_lam=16) from table_tree_cut1000_r4.npz
[etl-callable] loaded 6/6 nonzero channels ('zeta_TTT', 'zeta_TTP', 'zeta_TPP', 'zeta_PPP', 'zeta_Bmod', 'zeta_Dmod') (U=498, N_lam=16) from table_tree_cut1000_r4.npz
[etl-callable] loaded 6/6 nonzero channels ('zeta_TTT', 'zeta_TTP', 'zeta_TPP', 'zeta_PPP', 'zeta_Bmod', 'zeta_Dmod') (U=498, N_lam=16) from table_tree_cut1000_r4.npz
[etl-callable] loaded 6/6 nonzero channels ('zeta_TTT', 'zeta_TTP', 'zeta_TPP', 'zeta_PPP', 'zeta_Bmod', 'zeta_Dmod') (U=498, N_lam=16) from table_tree_cut1000_r4.npz
[etl-callable] loaded 6/6 nonzero channels ('zeta_TTT', 'zeta_TTP', 'zeta_TPP', 'zeta_PPP', 'zeta_Bmod', 'zeta_Dmod') (U=498, N_lam=16) from table_tree_cut1000_r4.npz
[etl-callable] loaded 6/6 nonzero channels ('zeta_TTT', 'zeta_TTP', 'zeta_TPP', 'zeta_PPP', 'zeta_Bmod', 'zeta_Dmod') (U=498, N_lam=16) from table_tree_cut1000_r4.npz
[etl-callable] loaded 6/6 nonzero channels ('zeta_TTT', 'zeta_TTP', 'zeta_TPP', 'zeta_PPP', 'zeta_Bmod', 'zeta_Dmod') (U=498, N_lam=16) from table_tree_cut1000_r4.npz
[etl-callable] loaded 6/6 nonzero channels ('zeta_TTT', 'zeta_TTP', 'zeta_TPP', 'zeta_PPP', 'zeta_Bmod', 'zeta_Dmod') (U=498, N_lam=16) from table_tree_cut1000_r4.npz
[etl-callable] loaded 6/6 nonzero channels ('zeta_TTT', 'zeta_TTP', 'zeta_TPP', 'zeta_PPP', 'zeta_Bmod', 'zeta_Dmod') (U=498, N_lam=16) from table_tree_cut1000_r4.npz
[etl-callable] loaded 6/6 nonzero channels ('zeta_TTT', 'zeta_TTP', 'zeta_TPP', 'zeta_PPP', 'zeta_Bmod', 'zeta_Dmod') (U=498, N_lam=16) from table_tree_cut1000_r4.npz
[etl-callable] loaded 6/6 nonzero channels ('zeta_TTT', 'zeta_TTP', 'zeta_TPP', 'zeta_PPP', 'zeta_Bmod', 'zeta_Dmod') (U=498, N_lam=16) from table_tree_cut1000_r4.npz
[etl-callable] loaded 6/6 nonzero channels ('zeta_TTT', 'zeta_TTP', 'zeta_TPP', 'zeta_PPP', 'zeta_Bmod', 'zeta_Dmod') (U=498, N_lam=16) from table_tree_cut1000_r4.npz
[etl-callable] loaded 6/6 nonzero channels ('zeta_TTT', 'zeta_TTP', 'zeta_TPP', 'zeta_PPP', 'zeta_Bmod', 'zeta_Dmod') (U=498, N_lam=16) from table_tree_cut1000_r4.npz
[etl-callable] loaded 6/6 nonzero channels ('zeta_TTT', 'zeta_TTP', 'zeta_TPP', 'zeta_PPP', 'zeta_Bmod', 'zeta_Dmod') (U=498, N_lam=16) from table_tree_cut1000_r4.npz
[etl-callable] loaded 6/6 nonzero channels ('zeta_TTT', 'zeta_TTP', 'zeta_TPP', 'zeta_PPP', 'zeta_Bmod', 'zeta_Dmod') (U=498, N_lam=16) from table_tree_cut1000_r4.npz
[etl-callable] loaded 6/6 nonzero channels ('zeta_TTT', 'zeta_TTP', 'zeta_TPP', 'zeta_PPP', 'zeta_Bmod', 'zeta_Dmod') (U=498, N_lam=16) from table_tree_cut1000_r4.npz
[etl-callable] loaded 6/6 nonzero channels ('zeta_TTT', 'zeta_TTP', 'zeta_TPP', 'zeta_PPP', 'zeta_Bmod', 'zeta_Dmod') (U=498, N_lam=16) from table_tree_cut1000_r4.npz
[etl-callable] loaded 6/6 nonzero channels ('zeta_TTT', 'zeta_TTP', 'zeta_TPP', 'zeta_PPP', 'zeta_Bmod', 'zeta_Dmod') (U=498, N_lam=16) from table_tree_cut1000_r4.npz
[etl-callable] loaded 6/6 nonzero channels ('zeta_TTT', 'zeta_TTP', 'zeta_TPP', 'zeta_PPP', 'zeta_Bmod', 'zeta_Dmod') (U=498, N_lam=16) from table_tree_cut1000_r4.npz
[etl-callable] loaded 6/6 nonzero channels ('zeta_TTT', 'zeta_TTP', 'zeta_TPP', 'zeta_PPP', 'zeta_Bmod', 'zeta_Dmod') (U=498, N_lam=16) from table_tree_cut1000_r4.npz
[etl-callable] loaded 6/6 nonzero channels ('zeta_TTT', 'zeta_TTP', 'zeta_TPP', 'zeta_PPP', 'zeta_Bmod', 'zeta_Dmod') (U=498, N_lam=16) from table_tree_cut1000_r4.npz
[etl-callable] loaded 6/6 nonzero channels ('zeta_TTT', 'zeta_TTP', 'zeta_TPP', 'zeta_PPP', 'zeta_Bmod', 'zeta_Dmod') (U=498, N_lam=16) from table_tree_cut1000_r4.npz
[etl-callable] loaded 6/6 nonzero channels ('zeta_TTT', 'zeta_TTP', 'zeta_TPP', 'zeta_PPP', 'zeta_Bmod', 'zeta_Dmod') (U=498, N_lam=16) from table_tree_cut1000_r4.npz
[etl-callable] loaded 6/6 nonzero channels ('zeta_TTT', 'zeta_TTP', 'zeta_TPP', 'zeta_PPP', 'zeta_Bmod', 'zeta_Dmod') (U=498, N_lam=16) from table_tree_cut1000_r4.npz
[etl-callable] loaded 6/6 nonzero channels ('zeta_TTT', 'zeta_TTP', 'zeta_TPP', 'zeta_PPP', 'zeta_Bmod', 'zeta_Dmod') (U=498, N_lam=16) from table_tree_cut1000_r4.npz
[etl-callable] loaded 6/6 nonzero channels ('zeta_TTT', 'zeta_TTP', 'zeta_TPP', 'zeta_PPP', 'zeta_Bmod', 'zeta_Dmod') (U=498, N_lam=16) from table_tree_cut1000_r4.npz
[etl-callable] loaded 6/6 nonzero channels ('zeta_TTT', 'zeta_TTP', 'zeta_TPP', 'zeta_PPP', 'zeta_Bmod', 'zeta_Dmod') (U=498, N_lam=16) from table_tree_cut1000_r4.npz
[etl-callable] loaded 6/6 nonzero channels ('zeta_TTT', 'zeta_TTP', 'zeta_TPP', 'zeta_PPP', 'zeta_Bmod', 'zeta_Dmod') (U=498, N_lam=16) from table_tree_cut1000_r4.npz
[etl-callable] loaded 6/6 nonzero channels ('zeta_TTT', 'zeta_TTP', 'zeta_TPP', 'zeta_PPP', 'zeta_Bmod', 'zeta_Dmod') (U=498, N_lam=16) from table_tree_cut1000_r4.npz
[etl-callable] loaded 6/6 nonzero channels ('zeta_TTT', 'zeta_TTP', 'zeta_TPP', 'zeta_PPP', 'zeta_Bmod', 'zeta_Dmod') (U=498, N_lam=16) from table_tree_cut1000_r4.npz
[etl-callable] loaded 6/6 nonzero channels ('zeta_TTT', 'zeta_TTP', 'zeta_TPP', 'zeta_PPP', 'zeta_Bmod', 'zeta_Dmod') (U=498, N_lam=16) from table_tree_cut1000_r4.npz
[etl-callable] loaded 6/6 nonzero channels ('zeta_TTT', 'zeta_TTP', 'zeta_TPP', 'zeta_PPP', 'zeta_Bmod', 'zeta_Dmod') (U=498, N_lam=16) from table_tree_cut1000_r4.npz
[etl-callable] loaded 6/6 nonzero channels ('zeta_TTT', 'zeta_TTP', 'zeta_TPP', 'zeta_PPP', 'zeta_Bmod', 'zeta_Dmod') (U=498, N_lam=16) from table_tree_cut1000_r4.npz
[etl-callable] loaded 6/6 nonzero channels ('zeta_TTT', 'zeta_TTP', 'zeta_TPP', 'zeta_PPP', 'zeta_Bmod', 'zeta_Dmod') (U=498, N_lam=16) from table_tree_cut1000_r4.npz
[etl-callable] loaded 6/6 nonzero channels ('zeta_TTT', 'zeta_TTP', 'zeta_TPP', 'zeta_PPP', 'zeta_Bmod', 'zeta_Dmod') (U=498, N_lam=16) from table_tree_cut1000_r4.npz
[etl-callable] loaded 6/6 nonzero channels ('zeta_TTT', 'zeta_TTP', 'zeta_TPP', 'zeta_PPP', 'zeta_Bmod', 'zeta_Dmod') (U=498, N_lam=16) from table_tree_cut1000_r4.npz
[etl-callable] loaded 6/6 nonzero channels ('zeta_TTT', 'zeta_TTP', 'zeta_TPP', 'zeta_PPP', 'zeta_Bmod', 'zeta_Dmod') (U=498, N_lam=16) from table_tree_cut1000_r4.npz
[etl-callable] loaded 6/6 nonzero channels ('zeta_TTT', 'zeta_TTP', 'zeta_TPP', 'zeta_PPP', 'zeta_Bmod', 'zeta_Dmod') (U=498, N_lam=16) from table_tree_cut1000_r4.npz
[etl-callable] loaded 6/6 nonzero channels ('zeta_TTT', 'zeta_TTP', 'zeta_TPP', 'zeta_PPP', 'zeta_Bmod', 'zeta_Dmod') (U=498, N_lam=16) from table_tree_cut1000_r4.npz
[etl-callable] loaded 6/6 nonzero channels ('zeta_TTT', 'zeta_TTP', 'zeta_TPP', 'zeta_PPP', 'zeta_Bmod', 'zeta_Dmod') (U=498, N_lam=16) from table_tree_cut1000_r4.npz
[etl-callable] loaded 6/6 nonzero channels ('zeta_TTT', 'zeta_TTP', 'zeta_TPP', 'zeta_PPP', 'zeta_Bmod', 'zeta_Dmod') (U=498, N_lam=16) from table_tree_cut1000_r4.npz
[etl-callable] loaded 6/6 nonzero channels ('zeta_TTT', 'zeta_TTP', 'zeta_TPP', 'zeta_PPP', 'zeta_Bmod', 'zeta_Dmod') (U=498, N_lam=16) from table_tree_cut1000_r4.npz
[etl-callable] loaded 6/6 nonzero channels ('zeta_TTT', 'zeta_TTP', 'zeta_TPP', 'zeta_PPP', 'zeta_Bmod', 'zeta_Dmod') (U=498, N_lam=16) from table_tree_cut1000_r4.npz
[etl-callable] loaded 6/6 nonzero channels ('zeta_TTT', 'zeta_TTP', 'zeta_TPP', 'zeta_PPP', 'zeta_Bmod', 'zeta_Dmod') (U=498, N_lam=16) from table_tree_cut1000_r4.npz
[etl-callable] loaded 6/6 nonzero channels ('zeta_TTT', 'zeta_TTP', 'zeta_TPP', 'zeta_PPP', 'zeta_Bmod', 'zeta_Dmod') (U=498, N_lam=16) from table_tree_cut1000_r4.npz
[etl-callable] loaded 6/6 nonzero channels ('zeta_TTT', 'zeta_TTP', 'zeta_TPP', 'zeta_PPP', 'zeta_Bmod', 'zeta_Dmod') (U=498, N_lam=16) from table_tree_cut1000_r4.npz
[etl-callable] loaded 6/6 nonzero channels ('zeta_TTT', 'zeta_TTP', 'zeta_TPP', 'zeta_PPP', 'zeta_Bmod', 'zeta_Dmod') (U=498, N_lam=16) from table_tree_cut1000_r4.npz
[etl-callable] loaded 6/6 nonzero channels ('zeta_TTT', 'zeta_TTP', 'zeta_TPP', 'zeta_PPP', 'zeta_Bmod', 'zeta_Dmod') (U=498, N_lam=16) from table_tree_cut1000_r4.npz
[etl-callable] loaded 6/6 nonzero channels ('zeta_TTT', 'zeta_TTP', 'zeta_TPP', 'zeta_PPP', 'zeta_Bmod', 'zeta_Dmod') (U=498, N_lam=16) from table_tree_cut1000_r4.npz
[etl-callable] loaded 6/6 nonzero channels ('zeta_TTT', 'zeta_TTP', 'zeta_TPP', 'zeta_PPP', 'zeta_Bmod', 'zeta_Dmod') (U=498, N_lam=16) from table_tree_cut1000_r4.npz
[etl-callable] loaded 6/6 nonzero channels ('zeta_TTT', 'zeta_TTP', 'zeta_TPP', 'zeta_PPP', 'zeta_Bmod', 'zeta_Dmod') (U=498, N_lam=16) from table_tree_cut1000_r4.npz
[etl-callable] loaded 6/6 nonzero channels ('zeta_TTT', 'zeta_TTP', 'zeta_TPP', 'zeta_PPP', 'zeta_Bmod', 'zeta_Dmod') (U=498, N_lam=16) from table_tree_cut1000_r4.npz
[etl-callable] loaded 6/6 nonzero channels ('zeta_TTT', 'zeta_TTP', 'zeta_TPP', 'zeta_PPP', 'zeta_Bmod', 'zeta_Dmod') (U=498, N_lam=16) from table_tree_cut1000_r4.npz
[etl-callable] loaded 6/6 nonzero channels ('zeta_TTT', 'zeta_TTP', 'zeta_TPP', 'zeta_PPP', 'zeta_Bmod', 'zeta_Dmod') (U=498, N_lam=16) from table_tree_cut1000_r4.npz
[etl-callable] loaded 6/6 nonzero channels ('zeta_TTT', 'zeta_TTP', 'zeta_TPP', 'zeta_PPP', 'zeta_Bmod', 'zeta_Dmod') (U=498, N_lam=16) from table_tree_cut1000_r4.npz
[etl-callable] loaded 6/6 nonzero channels ('zeta_TTT', 'zeta_TTP', 'zeta_TPP', 'zeta_PPP', 'zeta_Bmod', 'zeta_Dmod') (U=498, N_lam=16) from table_tree_cut1000_r4.npz
[etl-callable] loaded 6/6 nonzero channels ('zeta_TTT', 'zeta_TTP', 'zeta_TPP', 'zeta_PPP', 'zeta_Bmod', 'zeta_Dmod') (U=498, N_lam=16) from table_tree_cut1000_r4.npz
[etl-callable] loaded 6/6 nonzero channels ('zeta_TTT', 'zeta_TTP', 'zeta_TPP', 'zeta_PPP', 'zeta_Bmod', 'zeta_Dmod') (U=498, N_lam=16) from table_tree_cut1000_r4.npz
[etl-callable] loaded 6/6 nonzero channels ('zeta_TTT', 'zeta_TTP', 'zeta_TPP', 'zeta_PPP', 'zeta_Bmod', 'zeta_Dmod') (U=498, N_lam=16) from table_tree_cut1000_r4.npz
[etl-callable] loaded 6/6 nonzero channels ('zeta_TTT', 'zeta_TTP', 'zeta_TPP', 'zeta_PPP', 'zeta_Bmod', 'zeta_Dmod') (U=498, N_lam=16) from table_tree_cut1000_r4.npz
[etl-callable] loaded 6/6 nonzero channels ('zeta_TTT', 'zeta_TTP', 'zeta_TPP', 'zeta_PPP', 'zeta_Bmod', 'zeta_Dmod') (U=498, N_lam=16) from table_tree_cut1000_r4.npz
[etl-callable] loaded 6/6 nonzero channels ('zeta_TTT', 'zeta_TTP', 'zeta_TPP', 'zeta_PPP', 'zeta_Bmod', 'zeta_Dmod') (U=498, N_lam=16) from table_tree_cut1000_r4.npz
[etl-callable] loaded 6/6 nonzero channels ('zeta_TTT', 'zeta_TTP', 'zeta_TPP', 'zeta_PPP', 'zeta_Bmod', 'zeta_Dmod') (U=498, N_lam=16) from table_tree_cut1000_r4.npz
[etl-callable] loaded 6/6 nonzero channels ('zeta_TTT', 'zeta_TTP', 'zeta_TPP', 'zeta_PPP', 'zeta_Bmod', 'zeta_Dmod') (U=498, N_lam=16) from table_tree_cut1000_r4.npz
[etl-callable] loaded 6/6 nonzero channels ('zeta_TTT', 'zeta_TTP', 'zeta_TPP', 'zeta_PPP', 'zeta_Bmod', 'zeta_Dmod') (U=498, N_lam=16) from table_tree_cut1000_r4.npz
[etl-callable] loaded 6/6 nonzero channels ('zeta_TTT', 'zeta_TTP', 'zeta_TPP', 'zeta_PPP', 'zeta_Bmod', 'zeta_Dmod') (U=498, N_lam=16) from table_tree_cut1000_r4.npz
[etl-callable] loaded 6/6 nonzero channels ('zeta_TTT', 'zeta_TTP', 'zeta_TPP', 'zeta_PPP', 'zeta_Bmod', 'zeta_Dmod') (U=498, N_lam=16) from table_tree_cut1000_r4.npz
[etl-callable] loaded 6/6 nonzero channels ('zeta_TTT', 'zeta_TTP', 'zeta_TPP', 'zeta_PPP', 'zeta_Bmod', 'zeta_Dmod') (U=498, N_lam=16) from table_tree_cut1000_r4.npz
[etl-callable] loaded 6/6 nonzero channels ('zeta_TTT', 'zeta_TTP', 'zeta_TPP', 'zeta_PPP', 'zeta_Bmod', 'zeta_Dmod') (U=498, N_lam=16) from table_tree_cut1000_r4.npz
[etl-callable] loaded 6/6 nonzero channels ('zeta_TTT', 'zeta_TTP', 'zeta_TPP', 'zeta_PPP', 'zeta_Bmod', 'zeta_Dmod') (U=498, N_lam=16) from table_tree_cut1000_r4.npz
[etl-callable] loaded 6/6 nonzero channels ('zeta_TTT', 'zeta_TTP', 'zeta_TPP', 'zeta_PPP', 'zeta_Bmod', 'zeta_Dmod') (U=498, N_lam=16) from table_tree_cut1000_r4.npz
[etl-callable] loaded 6/6 nonzero channels ('zeta_TTT', 'zeta_TTP', 'zeta_TPP', 'zeta_PPP', 'zeta_Bmod', 'zeta_Dmod') (U=498, N_lam=16) from table_tree_cut1000_r4.npz
[etl-callable] loaded 6/6 nonzero channels ('zeta_TTT', 'zeta_TTP', 'zeta_TPP', 'zeta_PPP', 'zeta_Bmod', 'zeta_Dmod') (U=498, N_lam=16) from table_tree_cut1000_r4.npz
[etl-callable] loaded 6/6 nonzero channels ('zeta_TTT', 'zeta_TTP', 'zeta_TPP', 'zeta_PPP', 'zeta_Bmod', 'zeta_Dmod') (U=498, N_lam=16) from table_tree_cut1000_r4.npz
[etl-callable] loaded 6/6 nonzero channels ('zeta_TTT', 'zeta_TTP', 'zeta_TPP', 'zeta_PPP', 'zeta_Bmod', 'zeta_Dmod') (U=498, N_lam=16) from table_tree_cut1000_r4.npz
[etl-callable] loaded 6/6 nonzero channels ('zeta_TTT', 'zeta_TTP', 'zeta_TPP', 'zeta_PPP', 'zeta_Bmod', 'zeta_Dmod') (U=498, N_lam=16) from table_tree_cut1000_r4.npz
[etl-callable] loaded 6/6 nonzero channels ('zeta_TTT', 'zeta_TTP', 'zeta_TPP', 'zeta_PPP', 'zeta_Bmod', 'zeta_Dmod') (U=498, N_lam=16) from table_tree_cut1000_r4.npz
[etl-callable] loaded 6/6 nonzero channels ('zeta_TTT', 'zeta_TTP', 'zeta_TPP', 'zeta_PPP', 'zeta_Bmod', 'zeta_Dmod') (U=498, N_lam=16) from table_tree_cut1000_r4.npz
[etl-callable] loaded 6/6 nonzero channels ('zeta_TTT', 'zeta_TTP', 'zeta_TPP', 'zeta_PPP', 'zeta_Bmod', 'zeta_Dmod') (U=498, N_lam=16) from table_tree_cut1000_r4.npz
[etl-callable] loaded 6/6 nonzero channels ('zeta_TTT', 'zeta_TTP', 'zeta_TPP', 'zeta_PPP', 'zeta_Bmod', 'zeta_Dmod') (U=498, N_lam=16) from table_tree_cut1000_r4.npz
[etl-callable] loaded 6/6 nonzero channels ('zeta_TTT', 'zeta_TTP', 'zeta_TPP', 'zeta_PPP', 'zeta_Bmod', 'zeta_Dmod') (U=498, N_lam=16) from table_tree_cut1000_r4.npz
[etl-callable] loaded 6/6 nonzero channels ('zeta_TTT', 'zeta_TTP', 'zeta_TPP', 'zeta_PPP', 'zeta_Bmod', 'zeta_Dmod') (U=498, N_lam=16) from table_tree_cut1000_r4.npz
[etl-callable] loaded 6/6 nonzero channels ('zeta_TTT', 'zeta_TTP', 'zeta_TPP', 'zeta_PPP', 'zeta_Bmod', 'zeta_Dmod') (U=498, N_lam=16) from table_tree_cut1000_r4.npz
[etl-callable] loaded 6/6 nonzero channels ('zeta_TTT', 'zeta_TTP', 'zeta_TPP', 'zeta_PPP', 'zeta_Bmod', 'zeta_Dmod') (U=498, N_lam=16) from table_tree_cut1000_r4.npz
[etl-callable] loaded 6/6 nonzero channels ('zeta_TTT', 'zeta_TTP', 'zeta_TPP', 'zeta_PPP', 'zeta_Bmod', 'zeta_Dmod') (U=498, N_lam=16) from table_tree_cut1000_r4.npz
[etl-callable] loaded 6/6 nonzero channels ('zeta_TTT', 'zeta_TTP', 'zeta_TPP', 'zeta_PPP', 'zeta_Bmod', 'zeta_Dmod') (U=498, N_lam=16) from table_tree_cut1000_r4.npz
[etl-callable] loaded 6/6 nonzero channels ('zeta_TTT', 'zeta_TTP', 'zeta_TPP', 'zeta_PPP', 'zeta_Bmod', 'zeta_Dmod') (U=498, N_lam=16) from table_tree_cut1000_r4.npz
[etl-callable] loaded 6/6 nonzero channels ('zeta_TTT', 'zeta_TTP', 'zeta_TPP', 'zeta_PPP', 'zeta_Bmod', 'zeta_Dmod') (U=498, N_lam=16) from table_tree_cut1000_r4.npz
[etl-callable] loaded 6/6 nonzero channels ('zeta_TTT', 'zeta_TTP', 'zeta_TPP', 'zeta_PPP', 'zeta_Bmod', 'zeta_Dmod') (U=498, N_lam=16) from table_tree_cut1000_r4.npz
[etl-callable] loaded 6/6 nonzero channels ('zeta_TTT', 'zeta_TTP', 'zeta_TPP', 'zeta_PPP', 'zeta_Bmod', 'zeta_Dmod') (U=498, N_lam=16) from table_tree_cut1000_r4.npz
[etl-callable] loaded 6/6 nonzero channels ('zeta_TTT', 'zeta_TTP', 'zeta_TPP', 'zeta_PPP', 'zeta_Bmod', 'zeta_Dmod') (U=498, N_lam=16) from table_tree_cut1000_r4.npz
[etl-callable] loaded 6/6 nonzero channels ('zeta_TTT', 'zeta_TTP', 'zeta_TPP', 'zeta_PPP', 'zeta_Bmod', 'zeta_Dmod') (U=498, N_lam=16) from table_tree_cut1000_r4.npz
[etl-callable] loaded 6/6 nonzero channels ('zeta_TTT', 'zeta_TTP', 'zeta_TPP', 'zeta_PPP', 'zeta_Bmod', 'zeta_Dmod') (U=498, N_lam=16) from table_tree_cut1000_r4.npz
[etl-callable] loaded 6/6 nonzero channels ('zeta_TTT', 'zeta_TTP', 'zeta_TPP', 'zeta_PPP', 'zeta_Bmod', 'zeta_Dmod') (U=498, N_lam=16) from table_tree_cut1000_r4.npz
[etl-callable] loaded 6/6 nonzero channels ('zeta_TTT', 'zeta_TTP', 'zeta_TPP', 'zeta_PPP', 'zeta_Bmod', 'zeta_Dmod') (U=498, N_lam=16) from table_tree_cut1000_r4.npz
[etl-callable] loaded 6/6 nonzero channels ('zeta_TTT', 'zeta_TTP', 'zeta_TPP', 'zeta_PPP', 'zeta_Bmod', 'zeta_Dmod') (U=498, N_lam=16) from table_tree_cut1000_r4.npz
[etl-callable] loaded 6/6 nonzero channels ('zeta_TTT', 'zeta_TTP', 'zeta_TPP', 'zeta_PPP', 'zeta_Bmod', 'zeta_Dmod') (U=498, N_lam=16) from table_tree_cut1000_r4.npz
[etl-callable] loaded 6/6 nonzero channels ('zeta_TTT', 'zeta_TTP', 'zeta_TPP', 'zeta_PPP', 'zeta_Bmod', 'zeta_Dmod') (U=498, N_lam=16) from table_tree_cut1000_r4.npz
[etl-callable] loaded 6/6 nonzero channels ('zeta_TTT', 'zeta_TTP', 'zeta_TPP', 'zeta_PPP', 'zeta_Bmod', 'zeta_Dmod') (U=498, N_lam=16) from table_tree_cut1000_r4.npz
[etl-callable] loaded 6/6 nonzero channels ('zeta_TTT', 'zeta_TTP', 'zeta_TPP', 'zeta_PPP', 'zeta_Bmod', 'zeta_Dmod') (U=498, N_lam=16) from table_tree_cut1000_r4.npz
[etl-callable] loaded 6/6 nonzero channels ('zeta_TTT', 'zeta_TTP', 'zeta_TPP', 'zeta_PPP', 'zeta_Bmod', 'zeta_Dmod') (U=498, N_lam=16) from table_tree_cut1000_r4.npz
[etl-callable] loaded 6/6 nonzero channels ('zeta_TTT', 'zeta_TTP', 'zeta_TPP', 'zeta_PPP', 'zeta_Bmod', 'zeta_Dmod') (U=498, N_lam=16) from table_tree_cut1000_r4.npz
[etl-callable] loaded 6/6 nonzero channels ('zeta_TTT', 'zeta_TTP', 'zeta_TPP', 'zeta_PPP', 'zeta_Bmod', 'zeta_Dmod') (U=498, N_lam=16) from table_tree_cut1000_r4.npz
[etl-callable] loaded 6/6 nonzero channels ('zeta_TTT', 'zeta_TTP', 'zeta_TPP', 'zeta_PPP', 'zeta_Bmod', 'zeta_Dmod') (U=498, N_lam=16) from table_tree_cut1000_r4.npz
[etl-callable] loaded 6/6 nonzero channels ('zeta_TTT', 'zeta_TTP', 'zeta_TPP', 'zeta_PPP', 'zeta_Bmod', 'zeta_Dmod') (U=498, N_lam=16) from table_tree_cut1000_r4.npz
[etl-callable] loaded 6/6 nonzero channels ('zeta_TTT', 'zeta_TTP', 'zeta_TPP', 'zeta_PPP', 'zeta_Bmod', 'zeta_Dmod') (U=498, N_lam=16) from table_tree_cut1000_r4.npz
[etl-callable] loaded 6/6 nonzero channels ('zeta_TTT', 'zeta_TTP', 'zeta_TPP', 'zeta_PPP', 'zeta_Bmod', 'zeta_Dmod') (U=498, N_lam=16) from table_tree_cut1000_r4.npz
[etl-callable] loaded 6/6 nonzero channels ('zeta_TTT', 'zeta_TTP', 'zeta_TPP', 'zeta_PPP', 'zeta_Bmod', 'zeta_Dmod') (U=498, N_lam=16) from table_tree_cut1000_r4.npz
[etl-callable] loaded 6/6 nonzero channels ('zeta_TTT', 'zeta_TTP', 'zeta_TPP', 'zeta_PPP', 'zeta_Bmod', 'zeta_Dmod') (U=498, N_lam=16) from table_tree_cut1000_r4.npz
[etl-callable] loaded 6/6 nonzero channels ('zeta_TTT', 'zeta_TTP', 'zeta_TPP', 'zeta_PPP', 'zeta_Bmod', 'zeta_Dmod') (U=498, N_lam=16) from table_tree_cut1000_r4.npz
[etl-callable] loaded 6/6 nonzero channels ('zeta_TTT', 'zeta_TTP', 'zeta_TPP', 'zeta_PPP', 'zeta_Bmod', 'zeta_Dmod') (U=498, N_lam=16) from table_tree_cut1000_r4.npz
[etl-callable] loaded 6/6 nonzero channels ('zeta_TTT', 'zeta_TTP', 'zeta_TPP', 'zeta_PPP', 'zeta_Bmod', 'zeta_Dmod') (U=498, N_lam=16) from table_tree_cut1000_r4.npz
[etl-callable] loaded 6/6 nonzero channels ('zeta_TTT', 'zeta_TTP', 'zeta_TPP', 'zeta_PPP', 'zeta_Bmod', 'zeta_Dmod') (U=498, N_lam=16) from table_tree_cut1000_r4.npz
[etl-callable] loaded 6/6 nonzero channels ('zeta_TTT', 'zeta_TTP', 'zeta_TPP', 'zeta_PPP', 'zeta_Bmod', 'zeta_Dmod') (U=498, N_lam=16) from table_tree_cut1000_r4.npz
[etl-callable] loaded 6/6 nonzero channels ('zeta_TTT', 'zeta_TTP', 'zeta_TPP', 'zeta_PPP', 'zeta_Bmod', 'zeta_Dmod') (U=498, N_lam=16) from table_tree_cut1000_r4.npz
[etl-callable] loaded 6/6 nonzero channels ('zeta_TTT', 'zeta_TTP', 'zeta_TPP', 'zeta_PPP', 'zeta_Bmod', 'zeta_Dmod') (U=498, N_lam=16) from table_tree_cut1000_r4.npz
[etl-callable] loaded 6/6 nonzero channels ('zeta_TTT', 'zeta_TTP', 'zeta_TPP', 'zeta_PPP', 'zeta_Bmod', 'zeta_Dmod') (U=498, N_lam=16) from table_tree_cut1000_r4.npz
[etl-callable] loaded 6/6 nonzero channels ('zeta_TTT', 'zeta_TTP', 'zeta_TPP', 'zeta_PPP', 'zeta_Bmod', 'zeta_Dmod') (U=498, N_lam=16) from table_tree_cut1000_r4.npz
[etl-callable] loaded 6/6 nonzero channels ('zeta_TTT', 'zeta_TTP', 'zeta_TPP', 'zeta_PPP', 'zeta_Bmod', 'zeta_Dmod') (U=498, N_lam=16) from table_tree_cut1000_r4.npz
[etl-callable] loaded 6/6 nonzero channels ('zeta_TTT', 'zeta_TTP', 'zeta_TPP', 'zeta_PPP', 'zeta_Bmod', 'zeta_Dmod') (U=498, N_lam=16) from table_tree_cut1000_r4.npz
[etl-callable] loaded 6/6 nonzero channels ('zeta_TTT', 'zeta_TTP', 'zeta_TPP', 'zeta_PPP', 'zeta_Bmod', 'zeta_Dmod') (U=498, N_lam=16) from table_tree_cut1000_r4.npz
[etl-callable] loaded 6/6 nonzero channels ('zeta_TTT', 'zeta_TTP', 'zeta_TPP', 'zeta_PPP', 'zeta_Bmod', 'zeta_Dmod') (U=498, N_lam=16) from table_tree_cut1000_r4.npz
[etl-callable] loaded 6/6 nonzero channels ('zeta_TTT', 'zeta_TTP', 'zeta_TPP', 'zeta_PPP', 'zeta_Bmod', 'zeta_Dmod') (U=498, N_lam=16) from table_tree_cut1000_r4.npz
[etl-callable] loaded 6/6 nonzero channels ('zeta_TTT', 'zeta_TTP', 'zeta_TPP', 'zeta_PPP', 'zeta_Bmod', 'zeta_Dmod') (U=498, N_lam=16) from table_tree_cut1000_r4.npz
[etl-callable] loaded 6/6 nonzero channels ('zeta_TTT', 'zeta_TTP', 'zeta_TPP', 'zeta_PPP', 'zeta_Bmod', 'zeta_Dmod') (U=498, N_lam=16) from table_tree_cut1000_r4.npz
[etl-callable] loaded 6/6 nonzero channels ('zeta_TTT', 'zeta_TTP', 'zeta_TPP', 'zeta_PPP', 'zeta_Bmod', 'zeta_Dmod') (U=498, N_lam=16) from table_tree_cut1000_r4.npz
[etl-callable] loaded 6/6 nonzero channels ('zeta_TTT', 'zeta_TTP', 'zeta_TPP', 'zeta_PPP', 'zeta_Bmod', 'zeta_Dmod') (U=498, N_lam=16) from table_tree_cut1000_r4.npz
[etl-callable] loaded 6/6 nonzero channels ('zeta_TTT', 'zeta_TTP', 'zeta_TPP', 'zeta_PPP', 'zeta_Bmod', 'zeta_Dmod') (U=498, N_lam=16) from table_tree_cut1000_r4.npz
[etl-callable] loaded 6/6 nonzero channels ('zeta_TTT', 'zeta_TTP', 'zeta_TPP', 'zeta_PPP', 'zeta_Bmod', 'zeta_Dmod') (U=498, N_lam=16) from table_tree_cut1000_r4.npz
[etl-callable] loaded 6/6 nonzero channels ('zeta_TTT', 'zeta_TTP', 'zeta_TPP', 'zeta_PPP', 'zeta_Bmod', 'zeta_Dmod') (U=498, N_lam=16) from table_tree_cut1000_r4.npz
[etl-callable] loaded 6/6 nonzero channels ('zeta_TTT', 'zeta_TTP', 'zeta_TPP', 'zeta_PPP', 'zeta_Bmod', 'zeta_Dmod') (U=498, N_lam=16) from table_tree_cut1000_r4.npz
[etl-callable] loaded 6/6 nonzero channels ('zeta_TTT', 'zeta_TTP', 'zeta_TPP', 'zeta_PPP', 'zeta_Bmod', 'zeta_Dmod') (U=498, N_lam=16) from table_tree_cut1000_r4.npz
[etl-callable] loaded 6/6 nonzero channels ('zeta_TTT', 'zeta_TTP', 'zeta_TPP', 'zeta_PPP', 'zeta_Bmod', 'zeta_Dmod') (U=498, N_lam=16) from table_tree_cut1000_r4.npz
[etl-callable] loaded 6/6 nonzero channels ('zeta_TTT', 'zeta_TTP', 'zeta_TPP', 'zeta_PPP', 'zeta_Bmod', 'zeta_Dmod') (U=498, N_lam=16) from table_tree_cut1000_r4.npz
[etl-callable] loaded 6/6 nonzero channels ('zeta_TTT', 'zeta_TTP', 'zeta_TPP', 'zeta_PPP', 'zeta_Bmod', 'zeta_Dmod') (U=498, N_lam=16) from table_tree_cut1000_r4.npz
[etl-callable] loaded 6/6 nonzero channels ('zeta_TTT', 'zeta_TTP', 'zeta_TPP', 'zeta_PPP', 'zeta_Bmod', 'zeta_Dmod') (U=498, N_lam=16) from table_tree_cut1000_r4.npz
[etl-callable] loaded 6/6 nonzero channels ('zeta_TTT', 'zeta_TTP', 'zeta_TPP', 'zeta_PPP', 'zeta_Bmod', 'zeta_Dmod') (U=498, N_lam=16) from table_tree_cut1000_r4.npz
[etl-callable] loaded 6/6 nonzero channels ('zeta_TTT', 'zeta_TTP', 'zeta_TPP', 'zeta_PPP', 'zeta_Bmod', 'zeta_Dmod') (U=498, N_lam=16) from table_tree_cut1000_r4.npz
[etl-callable] loaded 6/6 nonzero channels ('zeta_TTT', 'zeta_TTP', 'zeta_TPP', 'zeta_PPP', 'zeta_Bmod', 'zeta_Dmod') (U=498, N_lam=16) from table_tree_cut1000_r4.npz
[etl-callable] loaded 6/6 nonzero channels ('zeta_TTT', 'zeta_TTP', 'zeta_TPP', 'zeta_PPP', 'zeta_Bmod', 'zeta_Dmod') (U=498, N_lam=16) from table_tree_cut1000_r4.npz
[etl-callable] loaded 6/6 nonzero channels ('zeta_TTT', 'zeta_TTP', 'zeta_TPP', 'zeta_PPP', 'zeta_Bmod', 'zeta_Dmod') (U=498, N_lam=16) from table_tree_cut1000_r4.npz
[etl-callable] loaded 6/6 nonzero channels ('zeta_TTT', 'zeta_TTP', 'zeta_TPP', 'zeta_PPP', 'zeta_Bmod', 'zeta_Dmod') (U=498, N_lam=16) from table_tree_cut1000_r4.npz
[etl-callable] loaded 6/6 nonzero channels ('zeta_TTT', 'zeta_TTP', 'zeta_TPP', 'zeta_PPP', 'zeta_Bmod', 'zeta_Dmod') (U=498, N_lam=16) from table_tree_cut1000_r4.npz
[etl-callable] loaded 6/6 nonzero channels ('zeta_TTT', 'zeta_TTP', 'zeta_TPP', 'zeta_PPP', 'zeta_Bmod', 'zeta_Dmod') (U=498, N_lam=16) from table_tree_cut1000_r4.npz
[etl-callable] loaded 6/6 nonzero channels ('zeta_TTT', 'zeta_TTP', 'zeta_TPP', 'zeta_PPP', 'zeta_Bmod', 'zeta_Dmod') (U=498, N_lam=16) from table_tree_cut1000_r4.npz
[etl-callable] loaded 6/6 nonzero channels ('zeta_TTT', 'zeta_TTP', 'zeta_TPP', 'zeta_PPP', 'zeta_Bmod', 'zeta_Dmod') (U=498, N_lam=16) from table_tree_cut1000_r4.npz
[etl-callable] loaded 6/6 nonzero channels ('zeta_TTT', 'zeta_TTP', 'zeta_TPP', 'zeta_PPP', 'zeta_Bmod', 'zeta_Dmod') (U=498, N_lam=16) from table_tree_cut1000_r4.npz
[etl-callable] loaded 6/6 nonzero channels ('zeta_TTT', 'zeta_TTP', 'zeta_TPP', 'zeta_PPP', 'zeta_Bmod', 'zeta_Dmod') (U=498, N_lam=16) from table_tree_cut1000_r4.npz
[etl-callable] loaded 6/6 nonzero channels ('zeta_TTT', 'zeta_TTP', 'zeta_TPP', 'zeta_PPP', 'zeta_Bmod', 'zeta_Dmod') (U=498, N_lam=16) from table_tree_cut1000_r4.npz
[etl-callable] loaded 6/6 nonzero channels ('zeta_TTT', 'zeta_TTP', 'zeta_TPP', 'zeta_PPP', 'zeta_Bmod', 'zeta_Dmod') (U=498, N_lam=16) from table_tree_cut1000_r4.npz
[etl-callable] loaded 6/6 nonzero channels ('zeta_TTT', 'zeta_TTP', 'zeta_TPP', 'zeta_PPP', 'zeta_Bmod', 'zeta_Dmod') (U=498, N_lam=16) from table_tree_cut1000_r4.npz
[etl-callable] loaded 6/6 nonzero channels ('zeta_TTT', 'zeta_TTP', 'zeta_TPP', 'zeta_PPP', 'zeta_Bmod', 'zeta_Dmod') (U=498, N_lam=16) from table_tree_cut1000_r4.npz
[etl-callable] loaded 6/6 nonzero channels ('zeta_TTT', 'zeta_TTP', 'zeta_TPP', 'zeta_PPP', 'zeta_Bmod', 'zeta_Dmod') (U=498, N_lam=16) from table_tree_cut1000_r4.npz
[etl-callable] loaded 6/6 nonzero channels ('zeta_TTT', 'zeta_TTP', 'zeta_TPP', 'zeta_PPP', 'zeta_Bmod', 'zeta_Dmod') (U=498, N_lam=16) from table_tree_cut1000_r4.npz
[etl-callable] loaded 6/6 nonzero channels ('zeta_TTT', 'zeta_TTP', 'zeta_TPP', 'zeta_PPP', 'zeta_Bmod', 'zeta_Dmod') (U=498, N_lam=16) from table_tree_cut1000_r4.npz
[etl-callable] loaded 6/6 nonzero channels ('zeta_TTT', 'zeta_TTP', 'zeta_TPP', 'zeta_PPP', 'zeta_Bmod', 'zeta_Dmod') (U=498, N_lam=16) from table_tree_cut1000_r4.npz
[etl-callable] loaded 6/6 nonzero channels ('zeta_TTT', 'zeta_TTP', 'zeta_TPP', 'zeta_PPP', 'zeta_Bmod', 'zeta_Dmod') (U=498, N_lam=16) from table_tree_cut1000_r4.npz
[etl-callable] loaded 6/6 nonzero channels ('zeta_TTT', 'zeta_TTP', 'zeta_TPP', 'zeta_PPP', 'zeta_Bmod', 'zeta_Dmod') (U=498, N_lam=16) from table_tree_cut1000_r4.npz
[etl-callable] loaded 6/6 nonzero channels ('zeta_TTT', 'zeta_TTP', 'zeta_TPP', 'zeta_PPP', 'zeta_Bmod', 'zeta_Dmod') (U=498, N_lam=16) from table_tree_cut1000_r4.npz
[etl-callable] loaded 6/6 nonzero channels ('zeta_TTT', 'zeta_TTP', 'zeta_TPP', 'zeta_PPP', 'zeta_Bmod', 'zeta_Dmod') (U=498, N_lam=16) from table_tree_cut1000_r4.npz
[etl-callable] loaded 6/6 nonzero channels ('zeta_TTT', 'zeta_TTP', 'zeta_TPP', 'zeta_PPP', 'zeta_Bmod', 'zeta_Dmod') (U=498, N_lam=16) from table_tree_cut1000_r4.npz
[etl-callable] loaded 6/6 nonzero channels ('zeta_TTT', 'zeta_TTP', 'zeta_TPP', 'zeta_PPP', 'zeta_Bmod', 'zeta_Dmod') (U=498, N_lam=16) from table_tree_cut1000_r4.npz
[etl-callable] loaded 6/6 nonzero channels ('zeta_TTT', 'zeta_TTP', 'zeta_TPP', 'zeta_PPP', 'zeta_Bmod', 'zeta_Dmod') (U=498, N_lam=16) from table_tree_cut1000_r4.npz
[etl-callable] loaded 6/6 nonzero channels ('zeta_TTT', 'zeta_TTP', 'zeta_TPP', 'zeta_PPP', 'zeta_Bmod', 'zeta_Dmod') (U=498, N_lam=16) from table_tree_cut1000_r4.npz
[etl-callable] loaded 6/6 nonzero channels ('zeta_TTT', 'zeta_TTP', 'zeta_TPP', 'zeta_PPP', 'zeta_Bmod', 'zeta_Dmod') (U=498, N_lam=16) from table_tree_cut1000_r4.npz
[etl-callable] loaded 6/6 nonzero channels ('zeta_TTT', 'zeta_TTP', 'zeta_TPP', 'zeta_PPP', 'zeta_Bmod', 'zeta_Dmod') (U=498, N_lam=16) from table_tree_cut1000_r4.npz
[etl-callable] loaded 6/6 nonzero channels ('zeta_TTT', 'zeta_TTP', 'zeta_TPP', 'zeta_PPP', 'zeta_Bmod', 'zeta_Dmod') (U=498, N_lam=16) from table_tree_cut1000_r4.npz
[etl-callable] loaded 6/6 nonzero channels ('zeta_TTT', 'zeta_TTP', 'zeta_TPP', 'zeta_PPP', 'zeta_Bmod', 'zeta_Dmod') (U=498, N_lam=16) from table_tree_cut1000_r4.npz
[etl-callable] loaded 6/6 nonzero channels ('zeta_TTT', 'zeta_TTP', 'zeta_TPP', 'zeta_PPP', 'zeta_Bmod', 'zeta_Dmod') (U=498, N_lam=16) from table_tree_cut1000_r4.npz
[etl-callable] loaded 6/6 nonzero channels ('zeta_TTT', 'zeta_TTP', 'zeta_TPP', 'zeta_PPP', 'zeta_Bmod', 'zeta_Dmod') (U=498, N_lam=16) from table_tree_cut1000_r4.npz
[etl-callable] loaded 6/6 nonzero channels ('zeta_TTT', 'zeta_TTP', 'zeta_TPP', 'zeta_PPP', 'zeta_Bmod', 'zeta_Dmod') (U=498, N_lam=16) from table_tree_cut1000_r4.npz
[etl-callable] loaded 6/6 nonzero channels ('zeta_TTT', 'zeta_TTP', 'zeta_TPP', 'zeta_PPP', 'zeta_Bmod', 'zeta_Dmod') (U=498, N_lam=16) from table_tree_cut1000_r4.npz
[etl-callable] loaded 6/6 nonzero channels ('zeta_TTT', 'zeta_TTP', 'zeta_TPP', 'zeta_PPP', 'zeta_Bmod', 'zeta_Dmod') (U=498, N_lam=16) from table_tree_cut1000_r4.npz
[etl-callable] loaded 6/6 nonzero channels ('zeta_TTT', 'zeta_TTP', 'zeta_TPP', 'zeta_PPP', 'zeta_Bmod', 'zeta_Dmod') (U=498, N_lam=16) from table_tree_cut1000_r4.npz
[etl-callable] loaded 6/6 nonzero channels ('zeta_TTT', 'zeta_TTP', 'zeta_TPP', 'zeta_PPP', 'zeta_Bmod', 'zeta_Dmod') (U=498, N_lam=16) from table_tree_cut1000_r4.npz
[etl-callable] loaded 6/6 nonzero channels ('zeta_TTT', 'zeta_TTP', 'zeta_TPP', 'zeta_PPP', 'zeta_Bmod', 'zeta_Dmod') (U=498, N_lam=16) from table_tree_cut1000_r4.npz
[etl-callable] loaded 6/6 nonzero channels ('zeta_TTT', 'zeta_TTP', 'zeta_TPP', 'zeta_PPP', 'zeta_Bmod', 'zeta_Dmod') (U=498, N_lam=16) from table_tree_cut1000_r4.npz
[etl-callable] loaded 6/6 nonzero channels ('zeta_TTT', 'zeta_TTP', 'zeta_TPP', 'zeta_PPP', 'zeta_Bmod', 'zeta_Dmod') (U=498, N_lam=16) from table_tree_cut1000_r4.npz
[etl-callable] loaded 6/6 nonzero channels ('zeta_TTT', 'zeta_TTP', 'zeta_TPP', 'zeta_PPP', 'zeta_Bmod', 'zeta_Dmod') (U=498, N_lam=16) from table_tree_cut1000_r4.npz
[etl-callable] loaded 6/6 nonzero channels ('zeta_TTT', 'zeta_TTP', 'zeta_TPP', 'zeta_PPP', 'zeta_Bmod', 'zeta_Dmod') (U=498, N_lam=16) from table_tree_cut1000_r4.npz
[etl-callable] loaded 6/6 nonzero channels ('zeta_TTT', 'zeta_TTP', 'zeta_TPP', 'zeta_PPP', 'zeta_Bmod', 'zeta_Dmod') (U=498, N_lam=16) from table_tree_cut1000_r4.npz
[etl-callable] loaded 6/6 nonzero channels ('zeta_TTT', 'zeta_TTP', 'zeta_TPP', 'zeta_PPP', 'zeta_Bmod', 'zeta_Dmod') (U=498, N_lam=16) from table_tree_cut1000_r4.npz
[etl-callable] loaded 6/6 nonzero channels ('zeta_TTT', 'zeta_TTP', 'zeta_TPP', 'zeta_PPP', 'zeta_Bmod', 'zeta_Dmod') (U=498, N_lam=16) from table_tree_cut1000_r4.npz
[etl-callable] loaded 6/6 nonzero channels ('zeta_TTT', 'zeta_TTP', 'zeta_TPP', 'zeta_PPP', 'zeta_Bmod', 'zeta_Dmod') (U=498, N_lam=16) from table_tree_cut1000_r4.npz
[etl-callable] loaded 6/6 nonzero channels ('zeta_TTT', 'zeta_TTP', 'zeta_TPP', 'zeta_PPP', 'zeta_Bmod', 'zeta_Dmod') (U=498, N_lam=16) from table_tree_cut1000_r4.npz
[etl-callable] loaded 6/6 nonzero channels ('zeta_TTT', 'zeta_TTP', 'zeta_TPP', 'zeta_PPP', 'zeta_Bmod', 'zeta_Dmod') (U=498, N_lam=16) from table_tree_cut1000_r4.npz
[etl-callable] loaded 6/6 nonzero channels ('zeta_TTT', 'zeta_TTP', 'zeta_TPP', 'zeta_PPP', 'zeta_Bmod', 'zeta_Dmod') (U=498, N_lam=16) from table_tree_cut1000_r4.npz
[etl-callable] loaded 6/6 nonzero channels ('zeta_TTT', 'zeta_TTP', 'zeta_TPP', 'zeta_PPP', 'zeta_Bmod', 'zeta_Dmod') (U=498, N_lam=16) from table_tree_cut1000_r4.npz
[etl-callable] loaded 6/6 nonzero channels ('zeta_TTT', 'zeta_TTP', 'zeta_TPP', 'zeta_PPP', 'zeta_Bmod', 'zeta_Dmod') (U=498, N_lam=16) from table_tree_cut1000_r4.npz
[etl-callable] loaded 6/6 nonzero channels ('zeta_TTT', 'zeta_TTP', 'zeta_TPP', 'zeta_PPP', 'zeta_Bmod', 'zeta_Dmod') (U=498, N_lam=16) from table_tree_cut1000_r4.npz
[etl-callable] loaded 6/6 nonzero channels ('zeta_TTT', 'zeta_TTP', 'zeta_TPP', 'zeta_PPP', 'zeta_Bmod', 'zeta_Dmod') (U=498, N_lam=16) from table_tree_cut1000_r4.npz
[etl-callable] loaded 6/6 nonzero channels ('zeta_TTT', 'zeta_TTP', 'zeta_TPP', 'zeta_PPP', 'zeta_Bmod', 'zeta_Dmod') (U=498, N_lam=16) from table_tree_cut1000_r4.npz
[etl-callable] loaded 6/6 nonzero channels ('zeta_TTT', 'zeta_TTP', 'zeta_TPP', 'zeta_PPP', 'zeta_Bmod', 'zeta_Dmod') (U=498, N_lam=16) from table_tree_cut1000_r4.npz
[etl-callable] loaded 6/6 nonzero channels ('zeta_TTT', 'zeta_TTP', 'zeta_TPP', 'zeta_PPP', 'zeta_Bmod', 'zeta_Dmod') (U=498, N_lam=16) from table_tree_cut1000_r4.npz
[etl-callable] loaded 6/6 nonzero channels ('zeta_TTT', 'zeta_TTP', 'zeta_TPP', 'zeta_PPP', 'zeta_Bmod', 'zeta_Dmod') (U=498, N_lam=16) from table_tree_cut1000_r4.npz
[etl-callable] loaded 6/6 nonzero channels ('zeta_TTT', 'zeta_TTP', 'zeta_TPP', 'zeta_PPP', 'zeta_Bmod', 'zeta_Dmod') (U=498, N_lam=16) from table_tree_cut1000_r4.npz
[etl-callable] loaded 6/6 nonzero channels ('zeta_TTT', 'zeta_TTP', 'zeta_TPP', 'zeta_PPP', 'zeta_Bmod', 'zeta_Dmod') (U=498, N_lam=16) from table_tree_cut1000_r4.npz
[etl-callable] loaded 6/6 nonzero channels ('zeta_TTT', 'zeta_TTP', 'zeta_TPP', 'zeta_PPP', 'zeta_Bmod', 'zeta_Dmod') (U=498, N_lam=16) from table_tree_cut1000_r4.npz
[etl-callable] loaded 6/6 nonzero channels ('zeta_TTT', 'zeta_TTP', 'zeta_TPP', 'zeta_PPP', 'zeta_Bmod', 'zeta_Dmod') (U=498, N_lam=16) from table_tree_cut1000_r4.npz
[etl-callable] loaded 6/6 nonzero channels ('zeta_TTT', 'zeta_TTP', 'zeta_TPP', 'zeta_PPP', 'zeta_Bmod', 'zeta_Dmod') (U=498, N_lam=16) from table_tree_cut1000_r4.npz
[etl-callable] loaded 6/6 nonzero channels ('zeta_TTT', 'zeta_TTP', 'zeta_TPP', 'zeta_PPP', 'zeta_Bmod', 'zeta_Dmod') (U=498, N_lam=16) from table_tree_cut1000_r4.npz
[etl-callable] loaded 6/6 nonzero channels ('zeta_TTT', 'zeta_TTP', 'zeta_TPP', 'zeta_PPP', 'zeta_Bmod', 'zeta_Dmod') (U=498, N_lam=16) from table_tree_cut1000_r4.npz
[etl-callable] loaded 6/6 nonzero channels ('zeta_TTT', 'zeta_TTP', 'zeta_TPP', 'zeta_PPP', 'zeta_Bmod', 'zeta_Dmod') (U=498, N_lam=16) from table_tree_cut1000_r4.npz
[etl-callable] loaded 6/6 nonzero channels ('zeta_TTT', 'zeta_TTP', 'zeta_TPP', 'zeta_PPP', 'zeta_Bmod', 'zeta_Dmod') (U=498, N_lam=16) from table_tree_cut1000_r4.npz
[etl-callable] loaded 6/6 nonzero channels ('zeta_TTT', 'zeta_TTP', 'zeta_TPP', 'zeta_PPP', 'zeta_Bmod', 'zeta_Dmod') (U=498, N_lam=16) from table_tree_cut1000_r4.npz
[etl-callable] loaded 6/6 nonzero channels ('zeta_TTT', 'zeta_TTP', 'zeta_TPP', 'zeta_PPP', 'zeta_Bmod', 'zeta_Dmod') (U=498, N_lam=16) from table_tree_cut1000_r4.npz
[etl-callable] loaded 6/6 nonzero channels ('zeta_TTT', 'zeta_TTP', 'zeta_TPP', 'zeta_PPP', 'zeta_Bmod', 'zeta_Dmod') (U=498, N_lam=16) from table_tree_cut1000_r4.npz
[etl-callable] loaded 6/6 nonzero channels ('zeta_TTT', 'zeta_TTP', 'zeta_TPP', 'zeta_PPP', 'zeta_Bmod', 'zeta_Dmod') (U=498, N_lam=16) from table_tree_cut1000_r4.npz
[etl-callable] loaded 6/6 nonzero channels ('zeta_TTT', 'zeta_TTP', 'zeta_TPP', 'zeta_PPP', 'zeta_Bmod', 'zeta_Dmod') (U=498, N_lam=16) from table_tree_cut1000_r4.npz
[etl-callable] loaded 6/6 nonzero channels ('zeta_TTT', 'zeta_TTP', 'zeta_TPP', 'zeta_PPP', 'zeta_Bmod', 'zeta_Dmod') (U=498, N_lam=16) from table_tree_cut1000_r4.npz
[etl-callable] loaded 6/6 nonzero channels ('zeta_TTT', 'zeta_TTP', 'zeta_TPP', 'zeta_PPP', 'zeta_Bmod', 'zeta_Dmod') (U=498, N_lam=16) from table_tree_cut1000_r4.npz
[etl-callable] loaded 6/6 nonzero channels ('zeta_TTT', 'zeta_TTP', 'zeta_TPP', 'zeta_PPP', 'zeta_Bmod', 'zeta_Dmod') (U=498, N_lam=16) from table_tree_cut1000_r4.npz
[etl-callable] loaded 6/6 nonzero channels ('zeta_TTT', 'zeta_TTP', 'zeta_TPP', 'zeta_PPP', 'zeta_Bmod', 'zeta_Dmod') (U=498, N_lam=16) from table_tree_cut1000_r4.npz
[etl-callable] loaded 6/6 nonzero channels ('zeta_TTT', 'zeta_TTP', 'zeta_TPP', 'zeta_PPP', 'zeta_Bmod', 'zeta_Dmod') (U=498, N_lam=16) from table_tree_cut1000_r4.npz
[etl-callable] loaded 6/6 nonzero channels ('zeta_TTT', 'zeta_TTP', 'zeta_TPP', 'zeta_PPP', 'zeta_Bmod', 'zeta_Dmod') (U=498, N_lam=16) from table_tree_cut1000_r4.npz
[etl-callable] loaded 6/6 nonzero channels ('zeta_TTT', 'zeta_TTP', 'zeta_TPP', 'zeta_PPP', 'zeta_Bmod', 'zeta_Dmod') (U=498, N_lam=16) from table_tree_cut1000_r4.npz
[etl-callable] loaded 6/6 nonzero channels ('zeta_TTT', 'zeta_TTP', 'zeta_TPP', 'zeta_PPP', 'zeta_Bmod', 'zeta_Dmod') (U=498, N_lam=16) from table_tree_cut1000_r4.npz
[etl-callable] loaded 6/6 nonzero channels ('zeta_TTT', 'zeta_TTP', 'zeta_TPP', 'zeta_PPP', 'zeta_Bmod', 'zeta_Dmod') (U=498, N_lam=16) from table_tree_cut1000_r4.npz
[etl-callable] loaded 6/6 nonzero channels ('zeta_TTT', 'zeta_TTP', 'zeta_TPP', 'zeta_PPP', 'zeta_Bmod', 'zeta_Dmod') (U=498, N_lam=16) from table_tree_cut1000_r4.npz
[etl-callable] loaded 6/6 nonzero channels ('zeta_TTT', 'zeta_TTP', 'zeta_TPP', 'zeta_PPP', 'zeta_Bmod', 'zeta_Dmod') (U=498, N_lam=16) from table_tree_cut1000_r4.npz
[etl-callable] loaded 6/6 nonzero channels ('zeta_TTT', 'zeta_TTP', 'zeta_TPP', 'zeta_PPP', 'zeta_Bmod', 'zeta_Dmod') (U=498, N_lam=16) from table_tree_cut1000_r4.npz
[etl-callable] loaded 6/6 nonzero channels ('zeta_TTT', 'zeta_TTP', 'zeta_TPP', 'zeta_PPP', 'zeta_Bmod', 'zeta_Dmod') (U=498, N_lam=16) from table_tree_cut1000_r4.npz
[etl-callable] loaded 6/6 nonzero channels ('zeta_TTT', 'zeta_TTP', 'zeta_TPP', 'zeta_PPP', 'zeta_Bmod', 'zeta_Dmod') (U=498, N_lam=16) from table_tree_cut1000_r4.npz
[etl-callable] loaded 6/6 nonzero channels ('zeta_TTT', 'zeta_TTP', 'zeta_TPP', 'zeta_PPP', 'zeta_Bmod', 'zeta_Dmod') (U=498, N_lam=16) from table_tree_cut1000_r4.npz
[etl-callable] loaded 6/6 nonzero channels ('zeta_TTT', 'zeta_TTP', 'zeta_TPP', 'zeta_PPP', 'zeta_Bmod', 'zeta_Dmod') (U=498, N_lam=16) from table_tree_cut1000_r4.npz
[etl-callable] loaded 6/6 nonzero channels ('zeta_TTT', 'zeta_TTP', 'zeta_TPP', 'zeta_PPP', 'zeta_Bmod', 'zeta_Dmod') (U=498, N_lam=16) from table_tree_cut1000_r4.npz
[etl-callable] loaded 6/6 nonzero channels ('zeta_TTT', 'zeta_TTP', 'zeta_TPP', 'zeta_PPP', 'zeta_Bmod', 'zeta_Dmod') (U=498, N_lam=16) from table_tree_cut1000_r4.npz
[etl-callable] loaded 6/6 nonzero channels ('zeta_TTT', 'zeta_TTP', 'zeta_TPP', 'zeta_PPP', 'zeta_Bmod', 'zeta_Dmod') (U=498, N_lam=16) from table_tree_cut1000_r4.npz
[etl-callable] loaded 6/6 nonzero channels ('zeta_TTT', 'zeta_TTP', 'zeta_TPP', 'zeta_PPP', 'zeta_Bmod', 'zeta_Dmod') (U=498, N_lam=16) from table_tree_cut1000_r4.npz
[etl-callable] loaded 6/6 nonzero channels ('zeta_TTT', 'zeta_TTP', 'zeta_TPP', 'zeta_PPP', 'zeta_Bmod', 'zeta_Dmod') (U=498, N_lam=16) from table_tree_cut1000_r4.npz
[etl-callable] loaded 6/6 nonzero channels ('zeta_TTT', 'zeta_TTP', 'zeta_TPP', 'zeta_PPP', 'zeta_Bmod', 'zeta_Dmod') (U=498, N_lam=16) from table_tree_cut1000_r4.npz
[etl-callable] loaded 6/6 nonzero channels ('zeta_TTT', 'zeta_TTP', 'zeta_TPP', 'zeta_PPP', 'zeta_Bmod', 'zeta_Dmod') (U=498, N_lam=16) from table_tree_cut1000_r4.npz
[etl-callable] loaded 6/6 nonzero channels ('zeta_TTT', 'zeta_TTP', 'zeta_TPP', 'zeta_PPP', 'zeta_Bmod', 'zeta_Dmod') (U=498, N_lam=16) from table_tree_cut1000_r4.npz
[etl-callable] loaded 6/6 nonzero channels ('zeta_TTT', 'zeta_TTP', 'zeta_TPP', 'zeta_PPP', 'zeta_Bmod', 'zeta_Dmod') (U=498, N_lam=16) from table_tree_cut1000_r4.npz
[etl-callable] loaded 6/6 nonzero channels ('zeta_TTT', 'zeta_TTP', 'zeta_TPP', 'zeta_PPP', 'zeta_Bmod', 'zeta_Dmod') (U=498, N_lam=16) from table_tree_cut1000_r4.npz
[etl-callable] loaded 6/6 nonzero channels ('zeta_TTT', 'zeta_TTP', 'zeta_TPP', 'zeta_PPP', 'zeta_Bmod', 'zeta_Dmod') (U=498, N_lam=16) from table_tree_cut1000_r4.npz
[etl-callable] loaded 6/6 nonzero channels ('zeta_TTT', 'zeta_TTP', 'zeta_TPP', 'zeta_PPP', 'zeta_Bmod', 'zeta_Dmod') (U=498, N_lam=16) from table_tree_cut1000_r4.npz
[etl-callable] loaded 6/6 nonzero channels ('zeta_TTT', 'zeta_TTP', 'zeta_TPP', 'zeta_PPP', 'zeta_Bmod', 'zeta_Dmod') (U=498, N_lam=16) from table_tree_cut1000_r4.npz
[etl-callable] loaded 6/6 nonzero channels ('zeta_TTT', 'zeta_TTP', 'zeta_TPP', 'zeta_PPP', 'zeta_Bmod', 'zeta_Dmod') (U=498, N_lam=16) from table_tree_cut1000_r4.npz
[etl-callable] loaded 6/6 nonzero channels ('zeta_TTT', 'zeta_TTP', 'zeta_TPP', 'zeta_PPP', 'zeta_Bmod', 'zeta_Dmod') (U=498, N_lam=16) from table_tree_cut1000_r4.npz
[etl-callable] loaded 6/6 nonzero channels ('zeta_TTT', 'zeta_TTP', 'zeta_TPP', 'zeta_PPP', 'zeta_Bmod', 'zeta_Dmod') (U=498, N_lam=16) from table_tree_cut1000_r4.npz
[etl-callable] loaded 6/6 nonzero channels ('zeta_TTT', 'zeta_TTP', 'zeta_TPP', 'zeta_PPP', 'zeta_Bmod', 'zeta_Dmod') (U=498, N_lam=16) from table_tree_cut1000_r4.npz
[etl-callable] loaded 6/6 nonzero channels ('zeta_TTT', 'zeta_TTP', 'zeta_TPP', 'zeta_PPP', 'zeta_Bmod', 'zeta_Dmod') (U=498, N_lam=16) from table_tree_cut1000_r4.npz
[etl-callable] loaded 6/6 nonzero channels ('zeta_TTT', 'zeta_TTP', 'zeta_TPP', 'zeta_PPP', 'zeta_Bmod', 'zeta_Dmod') (U=498, N_lam=16) from table_tree_cut1000_r4.npz
[etl-callable] loaded 6/6 nonzero channels ('zeta_TTT', 'zeta_TTP', 'zeta_TPP', 'zeta_PPP', 'zeta_Bmod', 'zeta_Dmod') (U=498, N_lam=16) from table_tree_cut1000_r4.npz
[etl-callable] loaded 6/6 nonzero channels ('zeta_TTT', 'zeta_TTP', 'zeta_TPP', 'zeta_PPP', 'zeta_Bmod', 'zeta_Dmod') (U=498, N_lam=16) from table_tree_cut1000_r4.npz
[etl-callable] loaded 6/6 nonzero channels ('zeta_TTT', 'zeta_TTP', 'zeta_TPP', 'zeta_PPP', 'zeta_Bmod', 'zeta_Dmod') (U=498, N_lam=16) from table_tree_cut1000_r4.npz
[etl-callable] loaded 6/6 nonzero channels ('zeta_TTT', 'zeta_TTP', 'zeta_TPP', 'zeta_PPP', 'zeta_Bmod', 'zeta_Dmod') (U=498, N_lam=16) from table_tree_cut1000_r4.npz
[etl-callable] loaded 6/6 nonzero channels ('zeta_TTT', 'zeta_TTP', 'zeta_TPP', 'zeta_PPP', 'zeta_Bmod', 'zeta_Dmod') (U=498, N_lam=16) from table_tree_cut1000_r4.npz
[etl-callable] loaded 6/6 nonzero channels ('zeta_TTT', 'zeta_TTP', 'zeta_TPP', 'zeta_PPP', 'zeta_Bmod', 'zeta_Dmod') (U=498, N_lam=16) from table_tree_cut1000_r4.npz
[etl-callable] loaded 6/6 nonzero channels ('zeta_TTT', 'zeta_TTP', 'zeta_TPP', 'zeta_PPP', 'zeta_Bmod', 'zeta_Dmod') (U=498, N_lam=16) from table_tree_cut1000_r4.npz
[etl-callable] loaded 6/6 nonzero channels ('zeta_TTT', 'zeta_TTP', 'zeta_TPP', 'zeta_PPP', 'zeta_Bmod', 'zeta_Dmod') (U=498, N_lam=16) from table_tree_cut1000_r4.npz
[etl-callable] loaded 6/6 nonzero channels ('zeta_TTT', 'zeta_TTP', 'zeta_TPP', 'zeta_PPP', 'zeta_Bmod', 'zeta_Dmod') (U=498, N_lam=16) from table_tree_cut1000_r4.npz
[etl-callable] loaded 6/6 nonzero channels ('zeta_TTT', 'zeta_TTP', 'zeta_TPP', 'zeta_PPP', 'zeta_Bmod', 'zeta_Dmod') (U=498, N_lam=16) from table_tree_cut1000_r4.npz
[etl-callable] loaded 6/6 nonzero channels ('zeta_TTT', 'zeta_TTP', 'zeta_TPP', 'zeta_PPP', 'zeta_Bmod', 'zeta_Dmod') (U=498, N_lam=16) from table_tree_cut1000_r4.npz
[etl-callable] loaded 6/6 nonzero channels ('zeta_TTT', 'zeta_TTP', 'zeta_TPP', 'zeta_PPP', 'zeta_Bmod', 'zeta_Dmod') (U=498, N_lam=16) from table_tree_cut1000_r4.npz
[etl-callable] loaded 6/6 nonzero channels ('zeta_TTT', 'zeta_TTP', 'zeta_TPP', 'zeta_PPP', 'zeta_Bmod', 'zeta_Dmod') (U=498, N_lam=16) from table_tree_cut1000_r4.npz
[etl-callable] loaded 6/6 nonzero channels ('zeta_TTT', 'zeta_TTP', 'zeta_TPP', 'zeta_PPP', 'zeta_Bmod', 'zeta_Dmod') (U=498, N_lam=16) from table_tree_cut1000_r4.npz
[etl-callable] loaded 6/6 nonzero channels ('zeta_TTT', 'zeta_TTP', 'zeta_TPP', 'zeta_PPP', 'zeta_Bmod', 'zeta_Dmod') (U=498, N_lam=16) from table_tree_cut1000_r4.npz
[etl-callable] loaded 6/6 nonzero channels ('zeta_TTT', 'zeta_TTP', 'zeta_TPP', 'zeta_PPP', 'zeta_Bmod', 'zeta_Dmod') (U=498, N_lam=16) from table_tree_cut1000_r4.npz
[etl-callable] loaded 6/6 nonzero channels ('zeta_TTT', 'zeta_TTP', 'zeta_TPP', 'zeta_PPP', 'zeta_Bmod', 'zeta_Dmod') (U=498, N_lam=16) from table_tree_cut1000_r4.npz
[etl-callable] loaded 6/6 nonzero channels ('zeta_TTT', 'zeta_TTP', 'zeta_TPP', 'zeta_PPP', 'zeta_Bmod', 'zeta_Dmod') (U=498, N_lam=16) from table_tree_cut1000_r4.npz
[etl-callable] loaded 6/6 nonzero channels ('zeta_TTT', 'zeta_TTP', 'zeta_TPP', 'zeta_PPP', 'zeta_Bmod', 'zeta_Dmod') (U=498, N_lam=16) from table_tree_cut1000_r4.npz
[etl-callable] loaded 6/6 nonzero channels ('zeta_TTT', 'zeta_TTP', 'zeta_TPP', 'zeta_PPP', 'zeta_Bmod', 'zeta_Dmod') (U=498, N_lam=16) from table_tree_cut1000_r4.npz
[etl-callable] loaded 6/6 nonzero channels ('zeta_TTT', 'zeta_TTP', 'zeta_TPP', 'zeta_PPP', 'zeta_Bmod', 'zeta_Dmod') (U=498, N_lam=16) from table_tree_cut1000_r4.npz
[etl-callable] loaded 6/6 nonzero channels ('zeta_TTT', 'zeta_TTP', 'zeta_TPP', 'zeta_PPP', 'zeta_Bmod', 'zeta_Dmod') (U=498, N_lam=16) from table_tree_cut1000_r4.npz
[etl-callable] loaded 6/6 nonzero channels ('zeta_TTT', 'zeta_TTP', 'zeta_TPP', 'zeta_PPP', 'zeta_Bmod', 'zeta_Dmod') (U=498, N_lam=16) from table_tree_cut1000_r4.npz
[etl-callable] loaded 6/6 nonzero channels ('zeta_TTT', 'zeta_TTP', 'zeta_TPP', 'zeta_PPP', 'zeta_Bmod', 'zeta_Dmod') (U=498, N_lam=16) from table_tree_cut1000_r4.npz
[etl-callable] loaded 6/6 nonzero channels ('zeta_TTT', 'zeta_TTP', 'zeta_TPP', 'zeta_PPP', 'zeta_Bmod', 'zeta_Dmod') (U=498, N_lam=16) from table_tree_cut1000_r4.npz
[etl-callable] loaded 6/6 nonzero channels ('zeta_TTT', 'zeta_TTP', 'zeta_TPP', 'zeta_PPP', 'zeta_Bmod', 'zeta_Dmod') (U=498, N_lam=16) from table_tree_cut1000_r4.npz
[etl-callable] loaded 6/6 nonzero channels ('zeta_TTT', 'zeta_TTP', 'zeta_TPP', 'zeta_PPP', 'zeta_Bmod', 'zeta_Dmod') (U=498, N_lam=16) from table_tree_cut1000_r4.npz
[etl-callable] loaded 6/6 nonzero channels ('zeta_TTT', 'zeta_TTP', 'zeta_TPP', 'zeta_PPP', 'zeta_Bmod', 'zeta_Dmod') (U=498, N_lam=16) from table_tree_cut1000_r4.npz
[etl-callable] loaded 6/6 nonzero channels ('zeta_TTT', 'zeta_TTP', 'zeta_TPP', 'zeta_PPP', 'zeta_Bmod', 'zeta_Dmod') (U=498, N_lam=16) from table_tree_cut1000_r4.npz
[etl-callable] loaded 6/6 nonzero channels ('zeta_TTT', 'zeta_TTP', 'zeta_TPP', 'zeta_PPP', 'zeta_Bmod', 'zeta_Dmod') (U=498, N_lam=16) from table_tree_cut1000_r4.npz
[etl-callable] loaded 6/6 nonzero channels ('zeta_TTT', 'zeta_TTP', 'zeta_TPP', 'zeta_PPP', 'zeta_Bmod', 'zeta_Dmod') (U=498, N_lam=16) from table_tree_cut1000_r4.npz
[etl-callable] loaded 6/6 nonzero channels ('zeta_TTT', 'zeta_TTP', 'zeta_TPP', 'zeta_PPP', 'zeta_Bmod', 'zeta_Dmod') (U=498, N_lam=16) from table_tree_cut1000_r4.npz
[etl-callable] loaded 6/6 nonzero channels ('zeta_TTT', 'zeta_TTP', 'zeta_TPP', 'zeta_PPP', 'zeta_Bmod', 'zeta_Dmod') (U=498, N_lam=16) from table_tree_cut1000_r4.npz
[etl-callable] loaded 6/6 nonzero channels ('zeta_TTT', 'zeta_TTP', 'zeta_TPP', 'zeta_PPP', 'zeta_Bmod', 'zeta_Dmod') (U=498, N_lam=16) from table_tree_cut1000_r4.npz
[etl-callable] loaded 6/6 nonzero channels ('zeta_TTT', 'zeta_TTP', 'zeta_TPP', 'zeta_PPP', 'zeta_Bmod', 'zeta_Dmod') (U=498, N_lam=16) from table_tree_cut1000_r4.npz
[etl-callable] loaded 6/6 nonzero channels ('zeta_TTT', 'zeta_TTP', 'zeta_TPP', 'zeta_PPP', 'zeta_Bmod', 'zeta_Dmod') (U=498, N_lam=16) from table_tree_cut1000_r4.npz
[etl-callable] loaded 6/6 nonzero channels ('zeta_TTT', 'zeta_TTP', 'zeta_TPP', 'zeta_PPP', 'zeta_Bmod', 'zeta_Dmod') (U=498, N_lam=16) from table_tree_cut1000_r4.npz
[etl-callable] loaded 6/6 nonzero channels ('zeta_TTT', 'zeta_TTP', 'zeta_TPP', 'zeta_PPP', 'zeta_Bmod', 'zeta_Dmod') (U=498, N_lam=16) from table_tree_cut1000_r4.npz
[etl-callable] loaded 6/6 nonzero channels ('zeta_TTT', 'zeta_TTP', 'zeta_TPP', 'zeta_PPP', 'zeta_Bmod', 'zeta_Dmod') (U=498, N_lam=16) from table_tree_cut1000_r4.npz
[etl-callable] loaded 6/6 nonzero channels ('zeta_TTT', 'zeta_TTP', 'zeta_TPP', 'zeta_PPP', 'zeta_Bmod', 'zeta_Dmod') (U=498, N_lam=16) from table_tree_cut1000_r4.npz
[etl-callable] loaded 6/6 nonzero channels ('zeta_TTT', 'zeta_TTP', 'zeta_TPP', 'zeta_PPP', 'zeta_Bmod', 'zeta_Dmod') (U=498, N_lam=16) from table_tree_cut1000_r4.npz
[etl-callable] loaded 6/6 nonzero channels ('zeta_TTT', 'zeta_TTP', 'zeta_TPP', 'zeta_PPP', 'zeta_Bmod', 'zeta_Dmod') (U=498, N_lam=16) from table_tree_cut1000_r4.npz
[etl-callable] loaded 6/6 nonzero channels ('zeta_TTT', 'zeta_TTP', 'zeta_TPP', 'zeta_PPP', 'zeta_Bmod', 'zeta_Dmod') (U=498, N_lam=16) from table_tree_cut1000_r4.npz
[etl-callable] loaded 6/6 nonzero channels ('zeta_TTT', 'zeta_TTP', 'zeta_TPP', 'zeta_PPP', 'zeta_Bmod', 'zeta_Dmod') (U=498, N_lam=16) from table_tree_cut1000_r4.npz
[etl-callable] loaded 6/6 nonzero channels ('zeta_TTT', 'zeta_TTP', 'zeta_TPP', 'zeta_PPP', 'zeta_Bmod', 'zeta_Dmod') (U=498, N_lam=16) from table_tree_cut1000_r4.npz
[etl-callable] loaded 6/6 nonzero channels ('zeta_TTT', 'zeta_TTP', 'zeta_TPP', 'zeta_PPP', 'zeta_Bmod', 'zeta_Dmod') (U=498, N_lam=16) from table_tree_cut1000_r4.npz
[etl-callable] loaded 6/6 nonzero channels ('zeta_TTT', 'zeta_TTP', 'zeta_TPP', 'zeta_PPP', 'zeta_Bmod', 'zeta_Dmod') (U=498, N_lam=16) from table_tree_cut1000_r4.npz
[etl-callable] loaded 6/6 nonzero channels ('zeta_TTT', 'zeta_TTP', 'zeta_TPP', 'zeta_PPP', 'zeta_Bmod', 'zeta_Dmod') (U=498, N_lam=16) from table_tree_cut1000_r4.npz
[etl-callable] loaded 6/6 nonzero channels ('zeta_TTT', 'zeta_TTP', 'zeta_TPP', 'zeta_PPP', 'zeta_Bmod', 'zeta_Dmod') (U=498, N_lam=16) from table_tree_cut1000_r4.npz
[etl-callable] loaded 6/6 nonzero channels ('zeta_TTT', 'zeta_TTP', 'zeta_TPP', 'zeta_PPP', 'zeta_Bmod', 'zeta_Dmod') (U=498, N_lam=16) from table_tree_cut1000_r4.npz
[etl-callable] loaded 6/6 nonzero channels ('zeta_TTT', 'zeta_TTP', 'zeta_TPP', 'zeta_PPP', 'zeta_Bmod', 'zeta_Dmod') (U=498, N_lam=16) from table_tree_cut1000_r4.npz
[etl-callable] loaded 6/6 nonzero channels ('zeta_TTT', 'zeta_TTP', 'zeta_TPP', 'zeta_PPP', 'zeta_Bmod', 'zeta_Dmod') (U=498, N_lam=16) from table_tree_cut1000_r4.npz
[etl-callable] loaded 6/6 nonzero channels ('zeta_TTT', 'zeta_TTP', 'zeta_TPP', 'zeta_PPP', 'zeta_Bmod', 'zeta_Dmod') (U=498, N_lam=16) from table_tree_cut1000_r4.npz
[etl-callable] loaded 6/6 nonzero channels ('zeta_TTT', 'zeta_TTP', 'zeta_TPP', 'zeta_PPP', 'zeta_Bmod', 'zeta_Dmod') (U=498, N_lam=16) from table_tree_cut1000_r4.npz
[etl-callable] loaded 6/6 nonzero channels ('zeta_TTT', 'zeta_TTP', 'zeta_TPP', 'zeta_PPP', 'zeta_Bmod', 'zeta_Dmod') (U=498, N_lam=16) from table_tree_cut1000_r4.npz
[etl-callable] loaded 6/6 nonzero channels ('zeta_TTT', 'zeta_TTP', 'zeta_TPP', 'zeta_PPP', 'zeta_Bmod', 'zeta_Dmod') (U=498, N_lam=16) from table_tree_cut1000_r4.npz
[etl-callable] loaded 6/6 nonzero channels ('zeta_TTT', 'zeta_TTP', 'zeta_TPP', 'zeta_PPP', 'zeta_Bmod', 'zeta_Dmod') (U=498, N_lam=16) from table_tree_cut1000_r4.npz
[etl-callable] loaded 6/6 nonzero channels ('zeta_TTT', 'zeta_TTP', 'zeta_TPP', 'zeta_PPP', 'zeta_Bmod', 'zeta_Dmod') (U=498, N_lam=16) from table_tree_cut1000_r4.npz
[etl-callable] loaded 6/6 nonzero channels ('zeta_TTT', 'zeta_TTP', 'zeta_TPP', 'zeta_PPP', 'zeta_Bmod', 'zeta_Dmod') (U=498, N_lam=16) from table_tree_cut1000_r4.npz
[etl-callable] loaded 6/6 nonzero channels ('zeta_TTT', 'zeta_TTP', 'zeta_TPP', 'zeta_PPP', 'zeta_Bmod', 'zeta_Dmod') (U=498, N_lam=16) from table_tree_cut1000_r4.npz
[etl-callable] loaded 6/6 nonzero channels ('zeta_TTT', 'zeta_TTP', 'zeta_TPP', 'zeta_PPP', 'zeta_Bmod', 'zeta_Dmod') (U=498, N_lam=16) from table_tree_cut1000_r4.npz
[etl-callable] loaded 6/6 nonzero channels ('zeta_TTT', 'zeta_TTP', 'zeta_TPP', 'zeta_PPP', 'zeta_Bmod', 'zeta_Dmod') (U=498, N_lam=16) from table_tree_cut1000_r4.npz
[etl-callable] loaded 6/6 nonzero channels ('zeta_TTT', 'zeta_TTP', 'zeta_TPP', 'zeta_PPP', 'zeta_Bmod', 'zeta_Dmod') (U=498, N_lam=16) from table_tree_cut1000_r4.npz
[etl-callable] loaded 6/6 nonzero channels ('zeta_TTT', 'zeta_TTP', 'zeta_TPP', 'zeta_PPP', 'zeta_Bmod', 'zeta_Dmod') (U=498, N_lam=16) from table_tree_cut1000_r4.npz
[etl-callable] loaded 6/6 nonzero channels ('zeta_TTT', 'zeta_TTP', 'zeta_TPP', 'zeta_PPP', 'zeta_Bmod', 'zeta_Dmod') (U=498, N_lam=16) from table_tree_cut1000_r4.npz
[etl-callable] loaded 6/6 nonzero channels ('zeta_TTT', 'zeta_TTP', 'zeta_TPP', 'zeta_PPP', 'zeta_Bmod', 'zeta_Dmod') (U=498, N_lam=16) from table_tree_cut1000_r4.npz
[etl-callable] loaded 6/6 nonzero channels ('zeta_TTT', 'zeta_TTP', 'zeta_TPP', 'zeta_PPP', 'zeta_Bmod', 'zeta_Dmod') (U=498, N_lam=16) from table_tree_cut1000_r4.npz
[etl-callable] loaded 6/6 nonzero channels ('zeta_TTT', 'zeta_TTP', 'zeta_TPP', 'zeta_PPP', 'zeta_Bmod', 'zeta_Dmod') (U=498, N_lam=16) from table_tree_cut1000_r4.npz
[etl-callable] loaded 6/6 nonzero channels ('zeta_TTT', 'zeta_TTP', 'zeta_TPP', 'zeta_PPP', 'zeta_Bmod', 'zeta_Dmod') (U=498, N_lam=16) from table_tree_cut1000_r4.npz
[etl-callable] loaded 6/6 nonzero channels ('zeta_TTT', 'zeta_TTP', 'zeta_TPP', 'zeta_PPP', 'zeta_Bmod', 'zeta_Dmod') (U=498, N_lam=16) from table_tree_cut1000_r4.npz
[etl-callable] loaded 6/6 nonzero channels ('zeta_TTT', 'zeta_TTP', 'zeta_TPP', 'zeta_PPP', 'zeta_Bmod', 'zeta_Dmod') (U=498, N_lam=16) from table_tree_cut1000_r4.npz
[etl-callable] loaded 6/6 nonzero channels ('zeta_TTT', 'zeta_TTP', 'zeta_TPP', 'zeta_PPP', 'zeta_Bmod', 'zeta_Dmod') (U=498, N_lam=16) from table_tree_cut1000_r4.npz
[etl-callable] loaded 6/6 nonzero channels ('zeta_TTT', 'zeta_TTP', 'zeta_TPP', 'zeta_PPP', 'zeta_Bmod', 'zeta_Dmod') (U=498, N_lam=16) from table_tree_cut1000_r4.npz
[etl-callable] loaded 6/6 nonzero channels ('zeta_TTT', 'zeta_TTP', 'zeta_TPP', 'zeta_PPP', 'zeta_Bmod', 'zeta_Dmod') (U=498, N_lam=16) from table_tree_cut1000_r4.npz
[etl-callable] loaded 6/6 nonzero channels ('zeta_TTT', 'zeta_TTP', 'zeta_TPP', 'zeta_PPP', 'zeta_Bmod', 'zeta_Dmod') (U=498, N_lam=16) from table_tree_cut1000_r4.npz
[etl-callable] loaded 6/6 nonzero channels ('zeta_TTT', 'zeta_TTP', 'zeta_TPP', 'zeta_PPP', 'zeta_Bmod', 'zeta_Dmod') (U=498, N_lam=16) from table_tree_cut1000_r4.npz
[etl-callable] loaded 6/6 nonzero channels ('zeta_TTT', 'zeta_TTP', 'zeta_TPP', 'zeta_PPP', 'zeta_Bmod', 'zeta_Dmod') (U=498, N_lam=16) from table_tree_cut1000_r4.npz
[etl-callable] loaded 6/6 nonzero channels ('zeta_TTT', 'zeta_TTP', 'zeta_TPP', 'zeta_PPP', 'zeta_Bmod', 'zeta_Dmod') (U=498, N_lam=16) from table_tree_cut1000_r4.npz
[etl-callable] loaded 6/6 nonzero channels ('zeta_TTT', 'zeta_TTP', 'zeta_TPP', 'zeta_PPP', 'zeta_Bmod', 'zeta_Dmod') (U=498, N_lam=16) from table_tree_cut1000_r4.npz
[etl-callable] loaded 6/6 nonzero channels ('zeta_TTT', 'zeta_TTP', 'zeta_TPP', 'zeta_PPP', 'zeta_Bmod', 'zeta_Dmod') (U=498, N_lam=16) from table_tree_cut1000_r4.npz
[etl-callable] loaded 6/6 nonzero channels ('zeta_TTT', 'zeta_TTP', 'zeta_TPP', 'zeta_PPP', 'zeta_Bmod', 'zeta_Dmod') (U=498, N_lam=16) from table_tree_cut1000_r4.npz
[etl-callable] loaded 6/6 nonzero channels ('zeta_TTT', 'zeta_TTP', 'zeta_TPP', 'zeta_PPP', 'zeta_Bmod', 'zeta_Dmod') (U=498, N_lam=16) from table_tree_cut1000_r4.npz
[etl-callable] loaded 6/6 nonzero channels ('zeta_TTT', 'zeta_TTP', 'zeta_TPP', 'zeta_PPP', 'zeta_Bmod', 'zeta_Dmod') (U=498, N_lam=16) from table_tree_cut1000_r4.npz
[etl-callable] loaded 6/6 nonzero channels ('zeta_TTT', 'zeta_TTP', 'zeta_TPP', 'zeta_PPP', 'zeta_Bmod', 'zeta_Dmod') (U=498, N_lam=16) from table_tree_cut1000_r4.npz
[etl-callable] loaded 6/6 nonzero channels ('zeta_TTT', 'zeta_TTP', 'zeta_TPP', 'zeta_PPP', 'zeta_Bmod', 'zeta_Dmod') (U=498, N_lam=16) from table_tree_cut1000_r4.npz
[etl-callable] loaded 6/6 nonzero channels ('zeta_TTT', 'zeta_TTP', 'zeta_TPP', 'zeta_PPP', 'zeta_Bmod', 'zeta_Dmod') (U=498, N_lam=16) from table_tree_cut1000_r4.npz
[etl-callable] loaded 6/6 nonzero channels ('zeta_TTT', 'zeta_TTP', 'zeta_TPP', 'zeta_PPP', 'zeta_Bmod', 'zeta_Dmod') (U=498, N_lam=16) from table_tree_cut1000_r4.npz
[etl-callable] loaded 6/6 nonzero channels ('zeta_TTT', 'zeta_TTP', 'zeta_TPP', 'zeta_PPP', 'zeta_Bmod', 'zeta_Dmod') (U=498, N_lam=16) from table_tree_cut1000_r4.npz
[etl-callable] loaded 6/6 nonzero channels ('zeta_TTT', 'zeta_TTP', 'zeta_TPP', 'zeta_PPP', 'zeta_Bmod', 'zeta_Dmod') (U=498, N_lam=16) from table_tree_cut1000_r4.npz
[etl-callable] loaded 6/6 nonzero channels ('zeta_TTT', 'zeta_TTP', 'zeta_TPP', 'zeta_PPP', 'zeta_Bmod', 'zeta_Dmod') (U=498, N_lam=16) from table_tree_cut1000_r4.npz
[etl-callable] loaded 6/6 nonzero channels ('zeta_TTT', 'zeta_TTP', 'zeta_TPP', 'zeta_PPP', 'zeta_Bmod', 'zeta_Dmod') (U=498, N_lam=16) from table_tree_cut1000_r4.npz
[etl-callable] loaded 6/6 nonzero channels ('zeta_TTT', 'zeta_TTP', 'zeta_TPP', 'zeta_PPP', 'zeta_Bmod', 'zeta_Dmod') (U=498, N_lam=16) from table_tree_cut1000_r4.npz
[etl-callable] loaded 6/6 nonzero channels ('zeta_TTT', 'zeta_TTP', 'zeta_TPP', 'zeta_PPP', 'zeta_Bmod', 'zeta_Dmod') (U=498, N_lam=16) from table_tree_cut1000_r4.npz
[etl-callable] loaded 6/6 nonzero channels ('zeta_TTT', 'zeta_TTP', 'zeta_TPP', 'zeta_PPP', 'zeta_Bmod', 'zeta_Dmod') (U=498, N_lam=16) from table_tree_cut1000_r4.npz
[etl-callable] loaded 6/6 nonzero channels ('zeta_TTT', 'zeta_TTP', 'zeta_TPP', 'zeta_PPP', 'zeta_Bmod', 'zeta_Dmod') (U=498, N_lam=16) from table_tree_cut1000_r4.npz
[etl-callable] loaded 6/6 nonzero channels ('zeta_TTT', 'zeta_TTP', 'zeta_TPP', 'zeta_PPP', 'zeta_Bmod', 'zeta_Dmod') (U=498, N_lam=16) from table_tree_cut1000_r4.npz
[etl-callable] loaded 6/6 nonzero channels ('zeta_TTT', 'zeta_TTP', 'zeta_TPP', 'zeta_PPP', 'zeta_Bmod', 'zeta_Dmod') (U=498, N_lam=16) from table_tree_cut1000_r4.npz
[etl-callable] loaded 6/6 nonzero channels ('zeta_TTT', 'zeta_TTP', 'zeta_TPP', 'zeta_PPP', 'zeta_Bmod', 'zeta_Dmod') (U=498, N_lam=16) from table_tree_cut1000_r4.npz
[etl-callable] loaded 6/6 nonzero channels ('zeta_TTT', 'zeta_TTP', 'zeta_TPP', 'zeta_PPP', 'zeta_Bmod', 'zeta_Dmod') (U=498, N_lam=16) from table_tree_cut1000_r4.npz
[etl-callable] loaded 6/6 nonzero channels ('zeta_TTT', 'zeta_TTP', 'zeta_TPP', 'zeta_PPP', 'zeta_Bmod', 'zeta_Dmod') (U=498, N_lam=16) from table_tree_cut1000_r4.npz
[etl-callable] loaded 6/6 nonzero channels ('zeta_TTT', 'zeta_TTP', 'zeta_TPP', 'zeta_PPP', 'zeta_Bmod', 'zeta_Dmod') (U=498, N_lam=16) from table_tree_cut1000_r4.npz
[etl-callable] loaded 6/6 nonzero channels ('zeta_TTT', 'zeta_TTP', 'zeta_TPP', 'zeta_PPP', 'zeta_Bmod', 'zeta_Dmod') (U=498, N_lam=16) from table_tree_cut1000_r4.npz
[etl-callable] loaded 6/6 nonzero channels ('zeta_TTT', 'zeta_TTP', 'zeta_TPP', 'zeta_PPP', 'zeta_Bmod', 'zeta_Dmod') (U=498, N_lam=16) from table_tree_cut1000_r4.npz
[etl-callable] loaded 6/6 nonzero channels ('zeta_TTT', 'zeta_TTP', 'zeta_TPP', 'zeta_PPP', 'zeta_Bmod', 'zeta_Dmod') (U=498, N_lam=16) from table_tree_cut1000_r4.npz
[etl-callable] loaded 6/6 nonzero channels ('zeta_TTT', 'zeta_TTP', 'zeta_TPP', 'zeta_PPP', 'zeta_Bmod', 'zeta_Dmod') (U=498, N_lam=16) from table_tree_cut1000_r4.npz
[etl-callable] loaded 6/6 nonzero channels ('zeta_TTT', 'zeta_TTP', 'zeta_TPP', 'zeta_PPP', 'zeta_Bmod', 'zeta_Dmod') (U=498, N_lam=16) from table_tree_cut1000_r4.npz
[etl-callable] loaded 6/6 nonzero channels ('zeta_TTT', 'zeta_TTP', 'zeta_TPP', 'zeta_PPP', 'zeta_Bmod', 'zeta_Dmod') (U=498, N_lam=16) from table_tree_cut1000_r4.npz
[etl-callable] loaded 6/6 nonzero channels ('zeta_TTT', 'zeta_TTP', 'zeta_TPP', 'zeta_PPP', 'zeta_Bmod', 'zeta_Dmod') (U=498, N_lam=16) from table_tree_cut1000_r4.npz
[etl-callable] loaded 6/6 nonzero channels ('zeta_TTT', 'zeta_TTP', 'zeta_TPP', 'zeta_PPP', 'zeta_Bmod', 'zeta_Dmod') (U=498, N_lam=16) from table_tree_cut1000_r4.npz
[etl-callable] loaded 6/6 nonzero channels ('zeta_TTT', 'zeta_TTP', 'zeta_TPP', 'zeta_PPP', 'zeta_Bmod', 'zeta_Dmod') (U=498, N_lam=16) from table_tree_cut1000_r4.npz
[etl-callable] loaded 6/6 nonzero channels ('zeta_TTT', 'zeta_TTP', 'zeta_TPP', 'zeta_PPP', 'zeta_Bmod', 'zeta_Dmod') (U=498, N_lam=16) from table_tree_cut1000_r4.npz
[etl-callable] loaded 6/6 nonzero channels ('zeta_TTT', 'zeta_TTP', 'zeta_TPP', 'zeta_PPP', 'zeta_Bmod', 'zeta_Dmod') (U=498, N_lam=16) from table_tree_cut1000_r4.npz
[etl-callable] loaded 6/6 nonzero channels ('zeta_TTT', 'zeta_TTP', 'zeta_TPP', 'zeta_PPP', 'zeta_Bmod', 'zeta_Dmod') (U=498, N_lam=16) from table_tree_cut1000_r4.npz
[etl-callable] loaded 6/6 nonzero channels ('zeta_TTT', 'zeta_TTP', 'zeta_TPP', 'zeta_PPP', 'zeta_Bmod', 'zeta_Dmod') (U=498, N_lam=16) from table_tree_cut1000_r4.npz
[etl-callable] loaded 6/6 nonzero channels ('zeta_TTT', 'zeta_TTP', 'zeta_TPP', 'zeta_PPP', 'zeta_Bmod', 'zeta_Dmod') (U=498, N_lam=16) from table_tree_cut1000_r4.npz
[etl-callable] loaded 6/6 nonzero channels ('zeta_TTT', 'zeta_TTP', 'zeta_TPP', 'zeta_PPP', 'zeta_Bmod', 'zeta_Dmod') (U=498, N_lam=16) from table_tree_cut1000_r4.npz
[etl-callable] loaded 6/6 nonzero channels ('zeta_TTT', 'zeta_TTP', 'zeta_TPP', 'zeta_PPP', 'zeta_Bmod', 'zeta_Dmod') (U=498, N_lam=16) from table_tree_cut1000_r4.npz
[etl-callable] loaded 6/6 nonzero channels ('zeta_TTT', 'zeta_TTP', 'zeta_TPP', 'zeta_PPP', 'zeta_Bmod', 'zeta_Dmod') (U=498, N_lam=16) from table_tree_cut1000_r4.npz
[etl-callable] loaded 6/6 nonzero channels ('zeta_TTT', 'zeta_TTP', 'zeta_TPP', 'zeta_PPP', 'zeta_Bmod', 'zeta_Dmod') (U=498, N_lam=16) from table_tree_cut1000_r4.npz
[etl-callable] loaded 6/6 nonzero channels ('zeta_TTT', 'zeta_TTP', 'zeta_TPP', 'zeta_PPP', 'zeta_Bmod', 'zeta_Dmod') (U=498, N_lam=16) from table_tree_cut1000_r4.npz
[etl-callable] loaded 6/6 nonzero channels ('zeta_TTT', 'zeta_TTP', 'zeta_TPP', 'zeta_PPP', 'zeta_Bmod', 'zeta_Dmod') (U=498, N_lam=16) from table_tree_cut1000_r4.npz
[etl-callable] loaded 6/6 nonzero channels ('zeta_TTT', 'zeta_TTP', 'zeta_TPP', 'zeta_PPP', 'zeta_Bmod', 'zeta_Dmod') (U=498, N_lam=16) from table_tree_cut1000_r4.npz
[etl-callable] loaded 6/6 nonzero channels ('zeta_TTT', 'zeta_TTP', 'zeta_TPP', 'zeta_PPP', 'zeta_Bmod', 'zeta_Dmod') (U=498, N_lam=16) from table_tree_cut1000_r4.npz
[etl-callable] loaded 6/6 nonzero channels ('zeta_TTT', 'zeta_TTP', 'zeta_TPP', 'zeta_PPP', 'zeta_Bmod', 'zeta_Dmod') (U=498, N_lam=16) from table_tree_cut1000_r4.npz
[etl-callable] loaded 6/6 nonzero channels ('zeta_TTT', 'zeta_TTP', 'zeta_TPP', 'zeta_PPP', 'zeta_Bmod', 'zeta_Dmod') (U=498, N_lam=16) from table_tree_cut1000_r4.npz
[etl-callable] loaded 6/6 nonzero channels ('zeta_TTT', 'zeta_TTP', 'zeta_TPP', 'zeta_PPP', 'zeta_Bmod', 'zeta_Dmod') (U=498, N_lam=16) from table_tree_cut1000_r4.npz
[etl-callable] loaded 6/6 nonzero channels ('zeta_TTT', 'zeta_TTP', 'zeta_TPP', 'zeta_PPP', 'zeta_Bmod', 'zeta_Dmod') (U=498, N_lam=16) from table_tree_cut1000_r4.npz
[etl-callable] loaded 6/6 nonzero channels ('zeta_TTT', 'zeta_TTP', 'zeta_TPP', 'zeta_PPP', 'zeta_Bmod', 'zeta_Dmod') (U=498, N_lam=16) from table_tree_cut1000_r4.npz
[etl-callable] loaded 6/6 nonzero channels ('zeta_TTT', 'zeta_TTP', 'zeta_TPP', 'zeta_PPP', 'zeta_Bmod', 'zeta_Dmod') (U=498, N_lam=16) from table_tree_cut1000_r4.npz
[etl-callable] loaded 6/6 nonzero channels ('zeta_TTT', 'zeta_TTP', 'zeta_TPP', 'zeta_PPP', 'zeta_Bmod', 'zeta_Dmod') (U=498, N_lam=16) from table_tree_cut1000_r4.npz
[etl-callable] loaded 6/6 nonzero channels ('zeta_TTT', 'zeta_TTP', 'zeta_TPP', 'zeta_PPP', 'zeta_Bmod', 'zeta_Dmod') (U=498, N_lam=16) from table_tree_cut1000_r4.npz
[etl-callable] loaded 6/6 nonzero channels ('zeta_TTT', 'zeta_TTP', 'zeta_TPP', 'zeta_PPP', 'zeta_Bmod', 'zeta_Dmod') (U=498, N_lam=16) from table_tree_cut1000_r4.npz
[etl-callable] loaded 6/6 nonzero channels ('zeta_TTT', 'zeta_TTP', 'zeta_TPP', 'zeta_PPP', 'zeta_Bmod', 'zeta_Dmod') (U=498, N_lam=16) from table_tree_cut1000_r4.npz
[etl-callable] loaded 6/6 nonzero channels ('zeta_TTT', 'zeta_TTP', 'zeta_TPP', 'zeta_PPP', 'zeta_Bmod', 'zeta_Dmod') (U=498, N_lam=16) from table_tree_cut1000_r4.npz
[etl-callable] loaded 6/6 nonzero channels ('zeta_TTT', 'zeta_TTP', 'zeta_TPP', 'zeta_PPP', 'zeta_Bmod', 'zeta_Dmod') (U=498, N_lam=16) from table_tree_cut1000_r4.npz
[etl-callable] loaded 6/6 nonzero channels ('zeta_TTT', 'zeta_TTP', 'zeta_TPP', 'zeta_PPP', 'zeta_Bmod', 'zeta_Dmod') (U=498, N_lam=16) from table_tree_cut1000_r4.npz
[etl-callable] loaded 6/6 nonzero channels ('zeta_TTT', 'zeta_TTP', 'zeta_TPP', 'zeta_PPP', 'zeta_Bmod', 'zeta_Dmod') (U=498, N_lam=16) from table_tree_cut1000_r4.npz
[etl-callable] loaded 6/6 nonzero channels ('zeta_TTT', 'zeta_TTP', 'zeta_TPP', 'zeta_PPP', 'zeta_Bmod', 'zeta_Dmod') (U=498, N_lam=16) from table_tree_cut1000_r4.npz
[etl-callable] loaded 6/6 nonzero channels ('zeta_TTT', 'zeta_TTP', 'zeta_TPP', 'zeta_PPP', 'zeta_Bmod', 'zeta_Dmod') (U=498, N_lam=16) from table_tree_cut1000_r4.npz
[etl-callable] loaded 6/6 nonzero channels ('zeta_TTT', 'zeta_TTP', 'zeta_TPP', 'zeta_PPP', 'zeta_Bmod', 'zeta_Dmod') (U=498, N_lam=16) from table_tree_cut1000_r4.npz
[etl-callable] loaded 6/6 nonzero channels ('zeta_TTT', 'zeta_TTP', 'zeta_TPP', 'zeta_PPP', 'zeta_Bmod', 'zeta_Dmod') (U=498, N_lam=16) from table_tree_cut1000_r4.npz
[etl-callable] loaded 6/6 nonzero channels ('zeta_TTT', 'zeta_TTP', 'zeta_TPP', 'zeta_PPP', 'zeta_Bmod', 'zeta_Dmod') (U=498, N_lam=16) from table_tree_cut1000_r4.npz
[etl-callable] loaded 6/6 nonzero channels ('zeta_TTT', 'zeta_TTP', 'zeta_TPP', 'zeta_PPP', 'zeta_Bmod', 'zeta_Dmod') (U=498, N_lam=16) from table_tree_cut1000_r4.npz
[etl-callable] loaded 6/6 nonzero channels ('zeta_TTT', 'zeta_TTP', 'zeta_TPP', 'zeta_PPP', 'zeta_Bmod', 'zeta_Dmod') (U=498, N_lam=16) from table_tree_cut1000_r4.npz
[etl-callable] loaded 6/6 nonzero channels ('zeta_TTT', 'zeta_TTP', 'zeta_TPP', 'zeta_PPP', 'zeta_Bmod', 'zeta_Dmod') (U=498, N_lam=16) from table_tree_cut1000_r4.npz
[etl-callable] loaded 6/6 nonzero channels ('zeta_TTT', 'zeta_TTP', 'zeta_TPP', 'zeta_PPP', 'zeta_Bmod', 'zeta_Dmod') (U=498, N_lam=16) from table_tree_cut1000_r4.npz
[etl-callable] loaded 6/6 nonzero channels ('zeta_TTT', 'zeta_TTP', 'zeta_TPP', 'zeta_PPP', 'zeta_Bmod', 'zeta_Dmod') (U=498, N_lam=16) from table_tree_cut1000_r4.npz
[etl-callable] loaded 6/6 nonzero channels ('zeta_TTT', 'zeta_TTP', 'zeta_TPP', 'zeta_PPP', 'zeta_Bmod', 'zeta_Dmod') (U=498, N_lam=16) from table_tree_cut1000_r4.npz
[etl-callable] loaded 6/6 nonzero channels ('zeta_TTT', 'zeta_TTP', 'zeta_TPP', 'zeta_PPP', 'zeta_Bmod', 'zeta_Dmod') (U=498, N_lam=16) from table_tree_cut1000_r4.npz
[etl-callable] loaded 6/6 nonzero channels ('zeta_TTT', 'zeta_TTP', 'zeta_TPP', 'zeta_PPP', 'zeta_Bmod', 'zeta_Dmod') (U=498, N_lam=16) from table_tree_cut1000_r4.npz
[etl-callable] loaded 6/6 nonzero channels ('zeta_TTT', 'zeta_TTP', 'zeta_TPP', 'zeta_PPP', 'zeta_Bmod', 'zeta_Dmod') (U=498, N_lam=16) from table_tree_cut1000_r4.npz
[etl-callable] loaded 6/6 nonzero channels ('zeta_TTT', 'zeta_TTP', 'zeta_TPP', 'zeta_PPP', 'zeta_Bmod', 'zeta_Dmod') (U=498, N_lam=16) from table_tree_cut1000_r4.npz
[etl-callable] loaded 6/6 nonzero channels ('zeta_TTT', 'zeta_TTP', 'zeta_TPP', 'zeta_PPP', 'zeta_Bmod', 'zeta_Dmod') (U=498, N_lam=16) from table_tree_cut1000_r4.npz
[etl-callable] loaded 6/6 nonzero channels ('zeta_TTT', 'zeta_TTP', 'zeta_TPP', 'zeta_PPP', 'zeta_Bmod', 'zeta_Dmod') (U=498, N_lam=16) from table_tree_cut1000_r4.npz
[etl-callable] loaded 6/6 nonzero channels ('zeta_TTT', 'zeta_TTP', 'zeta_TPP', 'zeta_PPP', 'zeta_Bmod', 'zeta_Dmod') (U=498, N_lam=16) from table_tree_cut1000_r4.npz
[etl-callable] loaded 6/6 nonzero channels ('zeta_TTT', 'zeta_TTP', 'zeta_TPP', 'zeta_PPP', 'zeta_Bmod', 'zeta_Dmod') (U=498, N_lam=16) from table_tree_cut1000_r4.npz
[etl-callable] loaded 6/6 nonzero channels ('zeta_TTT', 'zeta_TTP', 'zeta_TPP', 'zeta_PPP', 'zeta_Bmod', 'zeta_Dmod') (U=498, N_lam=16) from table_tree_cut1000_r4.npz
[etl-callable] loaded 6/6 nonzero channels ('zeta_TTT', 'zeta_TTP', 'zeta_TPP', 'zeta_PPP', 'zeta_Bmod', 'zeta_Dmod') (U=498, N_lam=16) from table_tree_cut1000_r4.npz
[etl-callable] loaded 6/6 nonzero channels ('zeta_TTT', 'zeta_TTP', 'zeta_TPP', 'zeta_PPP', 'zeta_Bmod', 'zeta_Dmod') (U=498, N_lam=16) from table_tree_cut1000_r4.npz
[etl-callable] loaded 6/6 nonzero channels ('zeta_TTT', 'zeta_TTP', 'zeta_TPP', 'zeta_PPP', 'zeta_Bmod', 'zeta_Dmod') (U=498, N_lam=16) from table_tree_cut1000_r4.npz
[etl-callable] loaded 6/6 nonzero channels ('zeta_TTT', 'zeta_TTP', 'zeta_TPP', 'zeta_PPP', 'zeta_Bmod', 'zeta_Dmod') (U=498, N_lam=16) from table_tree_cut1000_r4.npz
[etl-callable] loaded 6/6 nonzero channels ('zeta_TTT', 'zeta_TTP', 'zeta_TPP', 'zeta_PPP', 'zeta_Bmod', 'zeta_Dmod') (U=498, N_lam=16) from table_tree_cut1000_r4.npz
[etl-callable] loaded 6/6 nonzero channels ('zeta_TTT', 'zeta_TTP', 'zeta_TPP', 'zeta_PPP', 'zeta_Bmod', 'zeta_Dmod') (U=498, N_lam=16) from table_tree_cut1000_r4.npz
[etl-callable] loaded 6/6 nonzero channels ('zeta_TTT', 'zeta_TTP', 'zeta_TPP', 'zeta_PPP', 'zeta_Bmod', 'zeta_Dmod') (U=498, N_lam=16) from table_tree_cut1000_r4.npz
[etl-callable] loaded 6/6 nonzero channels ('zeta_TTT', 'zeta_TTP', 'zeta_TPP', 'zeta_PPP', 'zeta_Bmod', 'zeta_Dmod') (U=498, N_lam=16) from table_tree_cut1000_r4.npz
[etl-callable] loaded 6/6 nonzero channels ('zeta_TTT', 'zeta_TTP', 'zeta_TPP', 'zeta_PPP', 'zeta_Bmod', 'zeta_Dmod') (U=498, N_lam=16) from table_tree_cut1000_r4.npz
[etl-callable] loaded 6/6 nonzero channels ('zeta_TTT', 'zeta_TTP', 'zeta_TPP', 'zeta_PPP', 'zeta_Bmod', 'zeta_Dmod') (U=498, N_lam=16) from table_tree_cut1000_r4.npz
[etl-callable] loaded 6/6 nonzero channels ('zeta_TTT', 'zeta_TTP', 'zeta_TPP', 'zeta_PPP', 'zeta_Bmod', 'zeta_Dmod') (U=498, N_lam=16) from table_tree_cut1000_r4.npz
[etl-callable] loaded 6/6 nonzero channels ('zeta_TTT', 'zeta_TTP', 'zeta_TPP', 'zeta_PPP', 'zeta_Bmod', 'zeta_Dmod') (U=498, N_lam=16) from table_tree_cut1000_r4.npz
[etl-callable] loaded 6/6 nonzero channels ('zeta_TTT', 'zeta_TTP', 'zeta_TPP', 'zeta_PPP', 'zeta_Bmod', 'zeta_Dmod') (U=498, N_lam=16) from table_tree_cut1000_r4.npz
[etl-callable] loaded 6/6 nonzero channels ('zeta_TTT', 'zeta_TTP', 'zeta_TPP', 'zeta_PPP', 'zeta_Bmod', 'zeta_Dmod') (U=498, N_lam=16) from table_tree_cut1000_r4.npz
[etl-callable] loaded 6/6 nonzero channels ('zeta_TTT', 'zeta_TTP', 'zeta_TPP', 'zeta_PPP', 'zeta_Bmod', 'zeta_Dmod') (U=498, N_lam=16) from table_tree_cut1000_r4.npz
[etl-callable] loaded 6/6 nonzero channels ('zeta_TTT', 'zeta_TTP', 'zeta_TPP', 'zeta_PPP', 'zeta_Bmod', 'zeta_Dmod') (U=498, N_lam=16) from table_tree_cut1000_r4.npz
[etl-callable] loaded 6/6 nonzero channels ('zeta_TTT', 'zeta_TTP', 'zeta_TPP', 'zeta_PPP', 'zeta_Bmod', 'zeta_Dmod') (U=498, N_lam=16) from table_tree_cut1000_r4.npz
[etl-callable] loaded 6/6 nonzero channels ('zeta_TTT', 'zeta_TTP', 'zeta_TPP', 'zeta_PPP', 'zeta_Bmod', 'zeta_Dmod') (U=498, N_lam=16) from table_tree_cut1000_r4.npz
[etl-callable] loaded 6/6 nonzero channels ('zeta_TTT', 'zeta_TTP', 'zeta_TPP', 'zeta_PPP', 'zeta_Bmod', 'zeta_Dmod') (U=498, N_lam=16) from table_tree_cut1000_r4.npz
[etl-callable] loaded 6/6 nonzero channels ('zeta_TTT', 'zeta_TTP', 'zeta_TPP', 'zeta_PPP', 'zeta_Bmod', 'zeta_Dmod') (U=498, N_lam=16) from table_tree_cut1000_r4.npz
[etl-callable] loaded 6/6 nonzero channels ('zeta_TTT', 'zeta_TTP', 'zeta_TPP', 'zeta_PPP', 'zeta_Bmod', 'zeta_Dmod') (U=498, N_lam=16) from table_tree_cut1000_r4.npz
[etl-callable] loaded 6/6 nonzero channels ('zeta_TTT', 'zeta_TTP', 'zeta_TPP', 'zeta_PPP', 'zeta_Bmod', 'zeta_Dmod') (U=498, N_lam=16) from table_tree_cut1000_r4.npz
[etl-callable] loaded 6/6 nonzero channels ('zeta_TTT', 'zeta_TTP', 'zeta_TPP', 'zeta_PPP', 'zeta_Bmod', 'zeta_Dmod') (U=498, N_lam=16) from table_tree_cut1000_r4.npz
[etl-callable] loaded 6/6 nonzero channels ('zeta_TTT', 'zeta_TTP', 'zeta_TPP', 'zeta_PPP', 'zeta_Bmod', 'zeta_Dmod') (U=498, N_lam=16) from table_tree_cut1000_r4.npz
[etl-callable] loaded 6/6 nonzero channels ('zeta_TTT', 'zeta_TTP', 'zeta_TPP', 'zeta_PPP', 'zeta_Bmod', 'zeta_Dmod') (U=498, N_lam=16) from table_tree_cut1000_r4.npz
[etl-callable] loaded 6/6 nonzero channels ('zeta_TTT', 'zeta_TTP', 'zeta_TPP', 'zeta_PPP', 'zeta_Bmod', 'zeta_Dmod') (U=498, N_lam=16) from table_tree_cut1000_r4.npz
[etl-callable] loaded 6/6 nonzero channels ('zeta_TTT', 'zeta_TTP', 'zeta_TPP', 'zeta_PPP', 'zeta_Bmod', 'zeta_Dmod') (U=498, N_lam=16) from table_tree_cut1000_r4.npz
[etl-callable] loaded 6/6 nonzero channels ('zeta_TTT', 'zeta_TTP', 'zeta_TPP', 'zeta_PPP', 'zeta_Bmod', 'zeta_Dmod') (U=498, N_lam=16) from table_tree_cut1000_r4.npz
[etl-callable] loaded 6/6 nonzero channels ('zeta_TTT', 'zeta_TTP', 'zeta_TPP', 'zeta_PPP', 'zeta_Bmod', 'zeta_Dmod') (U=498, N_lam=16) from table_tree_cut1000_r4.npz
[etl-callable] loaded 6/6 nonzero channels ('zeta_TTT', 'zeta_TTP', 'zeta_TPP', 'zeta_PPP', 'zeta_Bmod', 'zeta_Dmod') (U=498, N_lam=16) from table_tree_cut1000_r4.npz
[etl-callable] loaded 6/6 nonzero channels ('zeta_TTT', 'zeta_TTP', 'zeta_TPP', 'zeta_PPP', 'zeta_Bmod', 'zeta_Dmod') (U=498, N_lam=16) from table_tree_cut1000_r4.npz
[etl-callable] loaded 6/6 nonzero channels ('zeta_TTT', 'zeta_TTP', 'zeta_TPP', 'zeta_PPP', 'zeta_Bmod', 'zeta_Dmod') (U=498, N_lam=16) from table_tree_cut1000_r4.npz
[etl-callable] loaded 6/6 nonzero channels ('zeta_TTT', 'zeta_TTP', 'zeta_TPP', 'zeta_PPP', 'zeta_Bmod', 'zeta_Dmod') (U=498, N_lam=16) from table_tree_cut1000_r4.npz
[etl-callable] loaded 6/6 nonzero channels ('zeta_TTT', 'zeta_TTP', 'zeta_TPP', 'zeta_PPP', 'zeta_Bmod', 'zeta_Dmod') (U=498, N_lam=16) from table_tree_cut1000_r4.npz
[etl-callable] loaded 6/6 nonzero channels ('zeta_TTT', 'zeta_TTP', 'zeta_TPP', 'zeta_PPP', 'zeta_Bmod', 'zeta_Dmod') (U=498, N_lam=16) from table_tree_cut1000_r4.npz
[etl-callable] loaded 6/6 nonzero channels ('zeta_TTT', 'zeta_TTP', 'zeta_TPP', 'zeta_PPP', 'zeta_Bmod', 'zeta_Dmod') (U=498, N_lam=16) from table_tree_cut1000_r4.npz
[etl-callable] loaded 6/6 nonzero channels ('zeta_TTT', 'zeta_TTP', 'zeta_TPP', 'zeta_PPP', 'zeta_Bmod', 'zeta_Dmod') (U=498, N_lam=16) from table_tree_cut1000_r4.npz
[etl-callable] loaded 6/6 nonzero channels ('zeta_TTT', 'zeta_TTP', 'zeta_TPP', 'zeta_PPP', 'zeta_Bmod', 'zeta_Dmod') (U=498, N_lam=16) from table_tree_cut1000_r4.npz
[etl-callable] loaded 6/6 nonzero channels ('zeta_TTT', 'zeta_TTP', 'zeta_TPP', 'zeta_PPP', 'zeta_Bmod', 'zeta_Dmod') (U=498, N_lam=16) from table_tree_cut1000_r4.npz
[etl-callable] loaded 6/6 nonzero channels ('zeta_TTT', 'zeta_TTP', 'zeta_TPP', 'zeta_PPP', 'zeta_Bmod', 'zeta_Dmod') (U=498, N_lam=16) from table_tree_cut1000_r4.npz
[etl-callable] loaded 6/6 nonzero channels ('zeta_TTT', 'zeta_TTP', 'zeta_TPP', 'zeta_PPP', 'zeta_Bmod', 'zeta_Dmod') (U=498, N_lam=16) from table_tree_cut1000_r4.npz
[etl-callable] loaded 6/6 nonzero channels ('zeta_TTT', 'zeta_TTP', 'zeta_TPP', 'zeta_PPP', 'zeta_Bmod', 'zeta_Dmod') (U=498, N_lam=16) from table_tree_cut1000_r4.npz
[etl-callable] loaded 6/6 nonzero channels ('zeta_TTT', 'zeta_TTP', 'zeta_TPP', 'zeta_PPP', 'zeta_Bmod', 'zeta_Dmod') (U=498, N_lam=16) from table_tree_cut1000_r4.npz
[etl-callable] loaded 6/6 nonzero channels ('zeta_TTT', 'zeta_TTP', 'zeta_TPP', 'zeta_PPP', 'zeta_Bmod', 'zeta_Dmod') (U=498, N_lam=16) from table_tree_cut1000_r4.npz
[etl-callable] loaded 6/6 nonzero channels ('zeta_TTT', 'zeta_TTP', 'zeta_TPP', 'zeta_PPP', 'zeta_Bmod', 'zeta_Dmod') (U=498, N_lam=16) from table_tree_cut1000_r4.npz
[etl-callable] loaded 6/6 nonzero channels ('zeta_TTT', 'zeta_TTP', 'zeta_TPP', 'zeta_PPP', 'zeta_Bmod', 'zeta_Dmod') (U=498, N_lam=16) from table_tree_cut1000_r4.npz
[etl-callable] loaded 6/6 nonzero channels ('zeta_TTT', 'zeta_TTP', 'zeta_TPP', 'zeta_PPP', 'zeta_Bmod', 'zeta_Dmod') (U=498, N_lam=16) from table_tree_cut1000_r4.npz
[etl-callable] loaded 6/6 nonzero channels ('zeta_TTT', 'zeta_TTP', 'zeta_TPP', 'zeta_PPP', 'zeta_Bmod', 'zeta_Dmod') (U=498, N_lam=16) from table_tree_cut1000_r4.npz
[etl-callable] loaded 6/6 nonzero channels ('zeta_TTT', 'zeta_TTP', 'zeta_TPP', 'zeta_PPP', 'zeta_Bmod', 'zeta_Dmod') (U=498, N_lam=16) from table_tree_cut1000_r4.npz
[etl-callable] loaded 6/6 nonzero channels ('zeta_TTT', 'zeta_TTP', 'zeta_TPP', 'zeta_PPP', 'zeta_Bmod', 'zeta_Dmod') (U=498, N_lam=16) from table_tree_cut1000_r4.npz
[etl-callable] loaded 6/6 nonzero channels ('zeta_TTT', 'zeta_TTP', 'zeta_TPP', 'zeta_PPP', 'zeta_Bmod', 'zeta_Dmod') (U=498, N_lam=16) from table_tree_cut1000_r4.npz
[etl-callable] loaded 6/6 nonzero channels ('zeta_TTT', 'zeta_TTP', 'zeta_TPP', 'zeta_PPP', 'zeta_Bmod', 'zeta_Dmod') (U=498, N_lam=16) from table_tree_cut1000_r4.npz
[etl-callable] loaded 6/6 nonzero channels ('zeta_TTT', 'zeta_TTP', 'zeta_TPP', 'zeta_PPP', 'zeta_Bmod', 'zeta_Dmod') (U=498, N_lam=16) from table_tree_cut1000_r4.npz
[etl-callable] loaded 6/6 nonzero channels ('zeta_TTT', 'zeta_TTP', 'zeta_TPP', 'zeta_PPP', 'zeta_Bmod', 'zeta_Dmod') (U=498, N_lam=16) from table_tree_cut1000_r4.npz
[etl-callable] loaded 6/6 nonzero channels ('zeta_TTT', 'zeta_TTP', 'zeta_TPP', 'zeta_PPP', 'zeta_Bmod', 'zeta_Dmod') (U=498, N_lam=16) from table_tree_cut1000_r4.npz
[etl-callable] loaded 6/6 nonzero channels ('zeta_TTT', 'zeta_TTP', 'zeta_TPP', 'zeta_PPP', 'zeta_Bmod', 'zeta_Dmod') (U=498, N_lam=16) from table_tree_cut1000_r4.npz
[etl-callable] loaded 6/6 nonzero channels ('zeta_TTT', 'zeta_TTP', 'zeta_TPP', 'zeta_PPP', 'zeta_Bmod', 'zeta_Dmod') (U=498, N_lam=16) from table_tree_cut1000_r4.npz
[etl-callable] loaded 6/6 nonzero channels ('zeta_TTT', 'zeta_TTP', 'zeta_TPP', 'zeta_PPP', 'zeta_Bmod', 'zeta_Dmod') (U=498, N_lam=16) from table_tree_cut1000_r4.npz
[etl-callable] loaded 6/6 nonzero channels ('zeta_TTT', 'zeta_TTP', 'zeta_TPP', 'zeta_PPP', 'zeta_Bmod', 'zeta_Dmod') (U=498, N_lam=16) from table_tree_cut1000_r4.npz
[etl-callable] loaded 6/6 nonzero channels ('zeta_TTT', 'zeta_TTP', 'zeta_TPP', 'zeta_PPP', 'zeta_Bmod', 'zeta_Dmod') (U=498, N_lam=16) from table_tree_cut1000_r4.npz
[etl-callable] loaded 6/6 nonzero channels ('zeta_TTT', 'zeta_TTP', 'zeta_TPP', 'zeta_PPP', 'zeta_Bmod', 'zeta_Dmod') (U=498, N_lam=16) from table_tree_cut1000_r4.npz
[etl-callable] loaded 6/6 nonzero channels ('zeta_TTT', 'zeta_TTP', 'zeta_TPP', 'zeta_PPP', 'zeta_Bmod', 'zeta_Dmod') (U=498, N_lam=16) from table_tree_cut1000_r4.npz
[etl-callable] loaded 6/6 nonzero channels ('zeta_TTT', 'zeta_TTP', 'zeta_TPP', 'zeta_PPP', 'zeta_Bmod', 'zeta_Dmod') (U=498, N_lam=16) from table_tree_cut1000_r4.npz
[etl-callable] loaded 6/6 nonzero channels ('zeta_TTT', 'zeta_TTP', 'zeta_TPP', 'zeta_PPP', 'zeta_Bmod', 'zeta_Dmod') (U=498, N_lam=16) from table_tree_cut1000_r4.npz
[etl-callable] loaded 6/6 nonzero channels ('zeta_TTT', 'zeta_TTP', 'zeta_TPP', 'zeta_PPP', 'zeta_Bmod', 'zeta_Dmod') (U=498, N_lam=16) from table_tree_cut1000_r4.npz
[etl-callable] loaded 6/6 nonzero channels ('zeta_TTT', 'zeta_TTP', 'zeta_TPP', 'zeta_PPP', 'zeta_Bmod', 'zeta_Dmod') (U=498, N_lam=16) from table_tree_cut1000_r4.npz
[etl-callable] loaded 6/6 nonzero channels ('zeta_TTT', 'zeta_TTP', 'zeta_TPP', 'zeta_PPP', 'zeta_Bmod', 'zeta_Dmod') (U=498, N_lam=16) from table_tree_cut1000_r4.npz
[etl-callable] loaded 6/6 nonzero channels ('zeta_TTT', 'zeta_TTP', 'zeta_TPP', 'zeta_PPP', 'zeta_Bmod', 'zeta_Dmod') (U=498, N_lam=16) from table_tree_cut1000_r4.npz
[etl-callable] loaded 6/6 nonzero channels ('zeta_TTT', 'zeta_TTP', 'zeta_TPP', 'zeta_PPP', 'zeta_Bmod', 'zeta_Dmod') (U=498, N_lam=16) from table_tree_cut1000_r4.npz
[etl-callable] loaded 6/6 nonzero channels ('zeta_TTT', 'zeta_TTP', 'zeta_TPP', 'zeta_PPP', 'zeta_Bmod', 'zeta_Dmod') (U=498, N_lam=16) from table_tree_cut1000_r4.npz
[etl-callable] loaded 6/6 nonzero channels ('zeta_TTT', 'zeta_TTP', 'zeta_TPP', 'zeta_PPP', 'zeta_Bmod', 'zeta_Dmod') (U=498, N_lam=16) from table_tree_cut1000_r4.npz
[etl-callable] loaded 6/6 nonzero channels ('zeta_TTT', 'zeta_TTP', 'zeta_TPP', 'zeta_PPP', 'zeta_Bmod', 'zeta_Dmod') (U=498, N_lam=16) from table_tree_cut1000_r4.npz
[etl-callable] loaded 6/6 nonzero channels ('zeta_TTT', 'zeta_TTP', 'zeta_TPP', 'zeta_PPP', 'zeta_Bmod', 'zeta_Dmod') (U=498, N_lam=16) from table_tree_cut1000_r4.npz
[etl-callable] loaded 6/6 nonzero channels ('zeta_TTT', 'zeta_TTP', 'zeta_TPP', 'zeta_PPP', 'zeta_Bmod', 'zeta_Dmod') (U=498, N_lam=16) from table_tree_cut1000_r4.npz
[etl-callable] loaded 6/6 nonzero channels ('zeta_TTT', 'zeta_TTP', 'zeta_TPP', 'zeta_PPP', 'zeta_Bmod', 'zeta_Dmod') (U=498, N_lam=16) from table_tree_cut1000_r4.npz
[etl-callable] loaded 6/6 nonzero channels ('zeta_TTT', 'zeta_TTP', 'zeta_TPP', 'zeta_PPP', 'zeta_Bmod', 'zeta_Dmod') (U=498, N_lam=16) from table_tree_cut1000_r4.npz
[etl-callable] loaded 6/6 nonzero channels ('zeta_TTT', 'zeta_TTP', 'zeta_TPP', 'zeta_PPP', 'zeta_Bmod', 'zeta_Dmod') (U=498, N_lam=16) from table_tree_cut1000_r4.npz
[etl-callable] loaded 6/6 nonzero channels ('zeta_TTT', 'zeta_TTP', 'zeta_TPP', 'zeta_PPP', 'zeta_Bmod', 'zeta_Dmod') (U=498, N_lam=16) from table_tree_cut1000_r4.npz
[etl-callable] loaded 6/6 nonzero channels ('zeta_TTT', 'zeta_TTP', 'zeta_TPP', 'zeta_PPP', 'zeta_Bmod', 'zeta_Dmod') (U=498, N_lam=16) from table_tree_cut1000_r4.npz
[etl-callable] loaded 6/6 nonzero channels ('zeta_TTT', 'zeta_TTP', 'zeta_TPP', 'zeta_PPP', 'zeta_Bmod', 'zeta_Dmod') (U=498, N_lam=16) from table_tree_cut1000_r4.npz
[etl-callable] loaded 6/6 nonzero channels ('zeta_TTT', 'zeta_TTP', 'zeta_TPP', 'zeta_PPP', 'zeta_Bmod', 'zeta_Dmod') (U=498, N_lam=16) from table_tree_cut1000_r4.npz
[etl-callable] loaded 6/6 nonzero channels ('zeta_TTT', 'zeta_TTP', 'zeta_TPP', 'zeta_PPP', 'zeta_Bmod', 'zeta_Dmod') (U=498, N_lam=16) from table_tree_cut1000_r4.npz
[etl-callable] loaded 6/6 nonzero channels ('zeta_TTT', 'zeta_TTP', 'zeta_TPP', 'zeta_PPP', 'zeta_Bmod', 'zeta_Dmod') (U=498, N_lam=16) from table_tree_cut1000_r4.npz
[etl-callable] loaded 6/6 nonzero channels ('zeta_TTT', 'zeta_TTP', 'zeta_TPP', 'zeta_PPP', 'zeta_Bmod', 'zeta_Dmod') (U=498, N_lam=16) from table_tree_cut1000_r4.npz
[etl-callable] loaded 6/6 nonzero channels ('zeta_TTT', 'zeta_TTP', 'zeta_TPP', 'zeta_PPP', 'zeta_Bmod', 'zeta_Dmod') (U=498, N_lam=16) from table_tree_cut1000_r4.npz
[etl-callable] loaded 6/6 nonzero channels ('zeta_TTT', 'zeta_TTP', 'zeta_TPP', 'zeta_PPP', 'zeta_Bmod', 'zeta_Dmod') (U=498, N_lam=16) from table_tree_cut1000_r4.npz
[etl-callable] loaded 6/6 nonzero channels ('zeta_TTT', 'zeta_TTP', 'zeta_TPP', 'zeta_PPP', 'zeta_Bmod', 'zeta_Dmod') (U=498, N_lam=16) from table_tree_cut1000_r4.npz
[etl-callable] loaded 6/6 nonzero channels ('zeta_TTT', 'zeta_TTP', 'zeta_TPP', 'zeta_PPP', 'zeta_Bmod', 'zeta_Dmod') (U=498, N_lam=16) from table_tree_cut1000_r4.npz
[etl-callable] loaded 6/6 nonzero channels ('zeta_TTT', 'zeta_TTP', 'zeta_TPP', 'zeta_PPP', 'zeta_Bmod', 'zeta_Dmod') (U=498, N_lam=16) from table_tree_cut1000_r4.npz
[etl-callable] loaded 6/6 nonzero channels ('zeta_TTT', 'zeta_TTP', 'zeta_TPP', 'zeta_PPP', 'zeta_Bmod', 'zeta_Dmod') (U=498, N_lam=16) from table_tree_cut1000_r4.npz
[etl-callable] loaded 6/6 nonzero channels ('zeta_TTT', 'zeta_TTP', 'zeta_TPP', 'zeta_PPP', 'zeta_Bmod', 'zeta_Dmod') (U=498, N_lam=16) from table_tree_cut1000_r4.npz
[etl-callable] loaded 6/6 nonzero channels ('zeta_TTT', 'zeta_TTP', 'zeta_TPP', 'zeta_PPP', 'zeta_Bmod', 'zeta_Dmod') (U=498, N_lam=16) from table_tree_cut1000_r4.npz
[etl-callable] loaded 6/6 nonzero channels ('zeta_TTT', 'zeta_TTP', 'zeta_TPP', 'zeta_PPP', 'zeta_Bmod', 'zeta_Dmod') (U=498, N_lam=16) from table_tree_cut1000_r4.npz
[etl-callable] loaded 6/6 nonzero channels ('zeta_TTT', 'zeta_TTP', 'zeta_TPP', 'zeta_PPP', 'zeta_Bmod', 'zeta_Dmod') (U=498, N_lam=16) from table_tree_cut1000_r4.npz
[etl-callable] loaded 6/6 nonzero channels ('zeta_TTT', 'zeta_TTP', 'zeta_TPP', 'zeta_PPP', 'zeta_Bmod', 'zeta_Dmod') (U=498, N_lam=16) from table_tree_cut1000_r4.npz
[etl-callable] loaded 6/6 nonzero channels ('zeta_TTT', 'zeta_TTP', 'zeta_TPP', 'zeta_PPP', 'zeta_Bmod', 'zeta_Dmod') (U=498, N_lam=16) from table_tree_cut1000_r4.npz
[etl-callable] loaded 6/6 nonzero channels ('zeta_TTT', 'zeta_TTP', 'zeta_TPP', 'zeta_PPP', 'zeta_Bmod', 'zeta_Dmod') (U=498, N_lam=16) from table_tree_cut1000_r4.npz
[etl-callable] loaded 6/6 nonzero channels ('zeta_TTT', 'zeta_TTP', 'zeta_TPP', 'zeta_PPP', 'zeta_Bmod', 'zeta_Dmod') (U=498, N_lam=16) from table_tree_cut1000_r4.npz
[etl-callable] loaded 6/6 nonzero channels ('zeta_TTT', 'zeta_TTP', 'zeta_TPP', 'zeta_PPP', 'zeta_Bmod', 'zeta_Dmod') (U=498, N_lam=16) from table_tree_cut1000_r4.npz
[etl-callable] loaded 6/6 nonzero channels ('zeta_TTT', 'zeta_TTP', 'zeta_TPP', 'zeta_PPP', 'zeta_Bmod', 'zeta_Dmod') (U=498, N_lam=16) from table_tree_cut1000_r4.npz
[etl-callable] loaded 6/6 nonzero channels ('zeta_TTT', 'zeta_TTP', 'zeta_TPP', 'zeta_PPP', 'zeta_Bmod', 'zeta_Dmod') (U=498, N_lam=16) from table_tree_cut1000_r4.npz
[etl-callable] loaded 6/6 nonzero channels ('zeta_TTT', 'zeta_TTP', 'zeta_TPP', 'zeta_PPP', 'zeta_Bmod', 'zeta_Dmod') (U=498, N_lam=16) from table_tree_cut1000_r4.npz
[etl-callable] loaded 6/6 nonzero channels ('zeta_TTT', 'zeta_TTP', 'zeta_TPP', 'zeta_PPP', 'zeta_Bmod', 'zeta_Dmod') (U=498, N_lam=16) from table_tree_cut1000_r4.npz
[etl-callable] loaded 6/6 nonzero channels ('zeta_TTT', 'zeta_TTP', 'zeta_TPP', 'zeta_PPP', 'zeta_Bmod', 'zeta_Dmod') (U=498, N_lam=16) from table_tree_cut1000_r4.npz
[etl-callable] loaded 6/6 nonzero channels ('zeta_TTT', 'zeta_TTP', 'zeta_TPP', 'zeta_PPP', 'zeta_Bmod', 'zeta_Dmod') (U=498, N_lam=16) from table_tree_cut1000_r4.npz
[etl-callable] loaded 6/6 nonzero channels ('zeta_TTT', 'zeta_TTP', 'zeta_TPP', 'zeta_PPP', 'zeta_Bmod', 'zeta_Dmod') (U=498, N_lam=16) from table_tree_cut1000_r4.npz
[etl-callable] loaded 6/6 nonzero channels ('zeta_TTT', 'zeta_TTP', 'zeta_TPP', 'zeta_PPP', 'zeta_Bmod', 'zeta_Dmod') (U=498, N_lam=16) from table_tree_cut1000_r4.npz
[etl-callable] loaded 6/6 nonzero channels ('zeta_TTT', 'zeta_TTP', 'zeta_TPP', 'zeta_PPP', 'zeta_Bmod', 'zeta_Dmod') (U=498, N_lam=16) from table_tree_cut1000_r4.npz
[etl-callable] loaded 6/6 nonzero channels ('zeta_TTT', 'zeta_TTP', 'zeta_TPP', 'zeta_PPP', 'zeta_Bmod', 'zeta_Dmod') (U=498, N_lam=16) from table_tree_cut1000_r4.npz
[etl-callable] loaded 6/6 nonzero channels ('zeta_TTT', 'zeta_TTP', 'zeta_TPP', 'zeta_PPP', 'zeta_Bmod', 'zeta_Dmod') (U=498, N_lam=16) from table_tree_cut1000_r4.npz
[etl-callable] loaded 6/6 nonzero channels ('zeta_TTT', 'zeta_TTP', 'zeta_TPP', 'zeta_PPP', 'zeta_Bmod', 'zeta_Dmod') (U=498, N_lam=16) from table_tree_cut1000_r4.npz
[etl-callable] loaded 6/6 nonzero channels ('zeta_TTT', 'zeta_TTP', 'zeta_TPP', 'zeta_PPP', 'zeta_Bmod', 'zeta_Dmod') (U=498, N_lam=16) from table_tree_cut1000_r4.npz
[etl-callable] loaded 6/6 nonzero channels ('zeta_TTT', 'zeta_TTP', 'zeta_TPP', 'zeta_PPP', 'zeta_Bmod', 'zeta_Dmod') (U=498, N_lam=16) from table_tree_cut1000_r4.npz
[etl-callable] loaded 6/6 nonzero channels ('zeta_TTT', 'zeta_TTP', 'zeta_TPP', 'zeta_PPP', 'zeta_Bmod', 'zeta_Dmod') (U=498, N_lam=16) from table_tree_cut1000_r4.npz
[etl-callable] loaded 6/6 nonzero channels ('zeta_TTT', 'zeta_TTP', 'zeta_TPP', 'zeta_PPP', 'zeta_Bmod', 'zeta_Dmod') (U=498, N_lam=16) from table_tree_cut1000_r4.npz
[etl-callable] loaded 6/6 nonzero channels ('zeta_TTT', 'zeta_TTP', 'zeta_TPP', 'zeta_PPP', 'zeta_Bmod', 'zeta_Dmod') (U=498, N_lam=16) from table_tree_cut1000_r4.npz
[etl-callable] loaded 6/6 nonzero channels ('zeta_TTT', 'zeta_TTP', 'zeta_TPP', 'zeta_PPP', 'zeta_Bmod', 'zeta_Dmod') (U=498, N_lam=16) from table_tree_cut1000_r4.npz
[etl-callable] loaded 6/6 nonzero channels ('zeta_TTT', 'zeta_TTP', 'zeta_TPP', 'zeta_PPP', 'zeta_Bmod', 'zeta_Dmod') (U=498, N_lam=16) from table_tree_cut1000_r4.npz
[etl-callable] loaded 6/6 nonzero channels ('zeta_TTT', 'zeta_TTP', 'zeta_TPP', 'zeta_PPP', 'zeta_Bmod', 'zeta_Dmod') (U=498, N_lam=16) from table_tree_cut1000_r4.npz
[etl-callable] loaded 6/6 nonzero channels ('zeta_TTT', 'zeta_TTP', 'zeta_TPP', 'zeta_PPP', 'zeta_Bmod', 'zeta_Dmod') (U=498, N_lam=16) from table_tree_cut1000_r4.npz
[etl-callable] loaded 6/6 nonzero channels ('zeta_TTT', 'zeta_TTP', 'zeta_TPP', 'zeta_PPP', 'zeta_Bmod', 'zeta_Dmod') (U=498, N_lam=16) from table_tree_cut1000_r4.npz
[etl-callable] loaded 6/6 nonzero channels ('zeta_TTT', 'zeta_TTP', 'zeta_TPP', 'zeta_PPP', 'zeta_Bmod', 'zeta_Dmod') (U=498, N_lam=16) from table_tree_cut1000_r4.npz
[etl-callable] loaded 6/6 nonzero channels ('zeta_TTT', 'zeta_TTP', 'zeta_TPP', 'zeta_PPP', 'zeta_Bmod', 'zeta_Dmod') (U=498, N_lam=16) from table_tree_cut1000_r4.npz
[etl-callable] loaded 6/6 nonzero channels ('zeta_TTT', 'zeta_TTP', 'zeta_TPP', 'zeta_PPP', 'zeta_Bmod', 'zeta_Dmod') (U=498, N_lam=16) from table_tree_cut1000_r4.npz
[etl-callable] loaded 6/6 nonzero channels ('zeta_TTT', 'zeta_TTP', 'zeta_TPP', 'zeta_PPP', 'zeta_Bmod', 'zeta_Dmod') (U=498, N_lam=16) from table_tree_cut1000_r4.npz
[etl-callable] loaded 6/6 nonzero channels ('zeta_TTT', 'zeta_TTP', 'zeta_TPP', 'zeta_PPP', 'zeta_Bmod', 'zeta_Dmod') (U=498, N_lam=16) from table_tree_cut1000_r4.npz
[etl-callable] loaded 6/6 nonzero channels ('zeta_TTT', 'zeta_TTP', 'zeta_TPP', 'zeta_PPP', 'zeta_Bmod', 'zeta_Dmod') (U=498, N_lam=16) from table_tree_cut1000_r4.npz
[etl-callable] loaded 6/6 nonzero channels ('zeta_TTT', 'zeta_TTP', 'zeta_TPP', 'zeta_PPP', 'zeta_Bmod', 'zeta_Dmod') (U=498, N_lam=16) from table_tree_cut1000_r4.npz
[etl-callable] loaded 6/6 nonzero channels ('zeta_TTT', 'zeta_TTP', 'zeta_TPP', 'zeta_PPP', 'zeta_Bmod', 'zeta_Dmod') (U=498, N_lam=16) from table_tree_cut1000_r4.npz
[etl-callable] loaded 6/6 nonzero channels ('zeta_TTT', 'zeta_TTP', 'zeta_TPP', 'zeta_PPP', 'zeta_Bmod', 'zeta_Dmod') (U=498, N_lam=16) from table_tree_cut1000_r4.npz
[etl-callable] loaded 6/6 nonzero channels ('zeta_TTT', 'zeta_TTP', 'zeta_TPP', 'zeta_PPP', 'zeta_Bmod', 'zeta_Dmod') (U=498, N_lam=16) from table_tree_cut1000_r4.npz
[etl-callable] loaded 6/6 nonzero channels ('zeta_TTT', 'zeta_TTP', 'zeta_TPP', 'zeta_PPP', 'zeta_Bmod', 'zeta_Dmod') (U=498, N_lam=16) from table_tree_cut1000_r4.npz
[etl-callable] loaded 6/6 nonzero channels ('zeta_TTT', 'zeta_TTP', 'zeta_TPP', 'zeta_PPP', 'zeta_Bmod', 'zeta_Dmod') (U=498, N_lam=16) from table_tree_cut1000_r4.npz
[etl-callable] loaded 6/6 nonzero channels ('zeta_TTT', 'zeta_TTP', 'zeta_TPP', 'zeta_PPP', 'zeta_Bmod', 'zeta_Dmod') (U=498, N_lam=16) from table_tree_cut1000_r4.npz
[etl-callable] loaded 6/6 nonzero channels ('zeta_TTT', 'zeta_TTP', 'zeta_TPP', 'zeta_PPP', 'zeta_Bmod', 'zeta_Dmod') (U=498, N_lam=16) from table_tree_cut1000_r4.npz
[etl-callable] loaded 6/6 nonzero channels ('zeta_TTT', 'zeta_TTP', 'zeta_TPP', 'zeta_PPP', 'zeta_Bmod', 'zeta_Dmod') (U=498, N_lam=16) from table_tree_cut1000_r4.npz
[etl-callable] loaded 6/6 nonzero channels ('zeta_TTT', 'zeta_TTP', 'zeta_TPP', 'zeta_PPP', 'zeta_Bmod', 'zeta_Dmod') (U=498, N_lam=16) from table_tree_cut1000_r4.npz
[etl-callable] loaded 6/6 nonzero channels ('zeta_TTT', 'zeta_TTP', 'zeta_TPP', 'zeta_PPP', 'zeta_Bmod', 'zeta_Dmod') (U=498, N_lam=16) from table_tree_cut1000_r4.npz
[etl-callable] loaded 6/6 nonzero channels ('zeta_TTT', 'zeta_TTP', 'zeta_TPP', 'zeta_PPP', 'zeta_Bmod', 'zeta_Dmod') (U=498, N_lam=16) from table_tree_cut1000_r4.npz
[etl-callable] loaded 6/6 nonzero channels ('zeta_TTT', 'zeta_TTP', 'zeta_TPP', 'zeta_PPP', 'zeta_Bmod', 'zeta_Dmod') (U=498, N_lam=16) from table_tree_cut1000_r4.npz
[etl-callable] loaded 6/6 nonzero channels ('zeta_TTT', 'zeta_TTP', 'zeta_TPP', 'zeta_PPP', 'zeta_Bmod', 'zeta_Dmod') (U=498, N_lam=16) from table_tree_cut1000_r4.npz
[etl-callable] loaded 6/6 nonzero channels ('zeta_TTT', 'zeta_TTP', 'zeta_TPP', 'zeta_PPP', 'zeta_Bmod', 'zeta_Dmod') (U=498, N_lam=16) from table_tree_cut1000_r4.npz
[etl-callable] loaded 6/6 nonzero channels ('zeta_TTT', 'zeta_TTP', 'zeta_TPP', 'zeta_PPP', 'zeta_Bmod', 'zeta_Dmod') (U=498, N_lam=16) from table_tree_cut1000_r4.npz
[etl-callable] loaded 6/6 nonzero channels ('zeta_TTT', 'zeta_TTP', 'zeta_TPP', 'zeta_PPP', 'zeta_Bmod', 'zeta_Dmod') (U=498, N_lam=16) from table_tree_cut1000_r4.npz
[etl-callable] loaded 6/6 nonzero channels ('zeta_TTT', 'zeta_TTP', 'zeta_TPP', 'zeta_PPP', 'zeta_Bmod', 'zeta_Dmod') (U=498, N_lam=16) from table_tree_cut1000_r4.npz
[etl-callable] loaded 6/6 nonzero channels ('zeta_TTT', 'zeta_TTP', 'zeta_TPP', 'zeta_PPP', 'zeta_Bmod', 'zeta_Dmod') (U=498, N_lam=16) from table_tree_cut1000_r4.npz
[etl-callable] loaded 6/6 nonzero channels ('zeta_TTT', 'zeta_TTP', 'zeta_TPP', 'zeta_PPP', 'zeta_Bmod', 'zeta_Dmod') (U=498, N_lam=16) from table_tree_cut1000_r4.npz
[etl-callable] loaded 6/6 nonzero channels ('zeta_TTT', 'zeta_TTP', 'zeta_TPP', 'zeta_PPP', 'zeta_Bmod', 'zeta_Dmod') (U=498, N_lam=16) from table_tree_cut1000_r4.npz
[etl-callable] loaded 6/6 nonzero channels ('zeta_TTT', 'zeta_TTP', 'zeta_TPP', 'zeta_PPP', 'zeta_Bmod', 'zeta_Dmod') (U=498, N_lam=16) from table_tree_cut1000_r4.npz
[etl-callable] loaded 6/6 nonzero channels ('zeta_TTT', 'zeta_TTP', 'zeta_TPP', 'zeta_PPP', 'zeta_Bmod', 'zeta_Dmod') (U=498, N_lam=16) from table_tree_cut1000_r4.npz
[etl-callable] loaded 6/6 nonzero channels ('zeta_TTT', 'zeta_TTP', 'zeta_TPP', 'zeta_PPP', 'zeta_Bmod', 'zeta_Dmod') (U=498, N_lam=16) from table_tree_cut1000_r4.npz
[etl-callable] loaded 6/6 nonzero channels ('zeta_TTT', 'zeta_TTP', 'zeta_TPP', 'zeta_PPP', 'zeta_Bmod', 'zeta_Dmod') (U=498, N_lam=16) from table_tree_cut1000_r4.npz
[etl-callable] loaded 6/6 nonzero channels ('zeta_TTT', 'zeta_TTP', 'zeta_TPP', 'zeta_PPP', 'zeta_Bmod', 'zeta_Dmod') (U=498, N_lam=16) from table_tree_cut1000_r4.npz
[etl-callable] loaded 6/6 nonzero channels ('zeta_TTT', 'zeta_TTP', 'zeta_TPP', 'zeta_PPP', 'zeta_Bmod', 'zeta_Dmod') (U=498, N_lam=16) from table_tree_cut1000_r4.npz
[etl-callable] loaded 6/6 nonzero channels ('zeta_TTT', 'zeta_TTP', 'zeta_TPP', 'zeta_PPP', 'zeta_Bmod', 'zeta_Dmod') (U=498, N_lam=16) from table_tree_cut1000_r4.npz
[etl-callable] loaded 6/6 nonzero channels ('zeta_TTT', 'zeta_TTP', 'zeta_TPP', 'zeta_PPP', 'zeta_Bmod', 'zeta_Dmod') (U=498, N_lam=16) from table_tree_cut1000_r4.npz
[etl-callable] loaded 6/6 nonzero channels ('zeta_TTT', 'zeta_TTP', 'zeta_TPP', 'zeta_PPP', 'zeta_Bmod', 'zeta_Dmod') (U=498, N_lam=16) from table_tree_cut1000_r4.npz
[etl-callable] loaded 6/6 nonzero channels ('zeta_TTT', 'zeta_TTP', 'zeta_TPP', 'zeta_PPP', 'zeta_Bmod', 'zeta_Dmod') (U=498, N_lam=16) from table_tree_cut1000_r4.npz
[etl-callable] loaded 6/6 nonzero channels ('zeta_TTT', 'zeta_TTP', 'zeta_TPP', 'zeta_PPP', 'zeta_Bmod', 'zeta_Dmod') (U=498, N_lam=16) from table_tree_cut1000_r4.npz
[etl-callable] loaded 6/6 nonzero channels ('zeta_TTT', 'zeta_TTP', 'zeta_TPP', 'zeta_PPP', 'zeta_Bmod', 'zeta_Dmod') (U=498, N_lam=16) from table_tree_cut1000_r4.npz
[etl-callable] loaded 6/6 nonzero channels ('zeta_TTT', 'zeta_TTP', 'zeta_TPP', 'zeta_PPP', 'zeta_Bmod', 'zeta_Dmod') (U=498, N_lam=16) from table_tree_cut1000_r4.npz
[etl-callable] loaded 6/6 nonzero channels ('zeta_TTT', 'zeta_TTP', 'zeta_TPP', 'zeta_PPP', 'zeta_Bmod', 'zeta_Dmod') (U=498, N_lam=16) from table_tree_cut1000_r4.npz
[etl-callable] loaded 6/6 nonzero channels ('zeta_TTT', 'zeta_TTP', 'zeta_TPP', 'zeta_PPP', 'zeta_Bmod', 'zeta_Dmod') (U=498, N_lam=16) from table_tree_cut1000_r4.npz
[etl-callable] loaded 6/6 nonzero channels ('zeta_TTT', 'zeta_TTP', 'zeta_TPP', 'zeta_PPP', 'zeta_Bmod', 'zeta_Dmod') (U=498, N_lam=16) from table_tree_cut1000_r4.npz
[etl-callable] loaded 6/6 nonzero channels ('zeta_TTT', 'zeta_TTP', 'zeta_TPP', 'zeta_PPP', 'zeta_Bmod', 'zeta_Dmod') (U=498, N_lam=16) from table_tree_cut1000_r4.npz
[etl-callable] loaded 6/6 nonzero channels ('zeta_TTT', 'zeta_TTP', 'zeta_TPP', 'zeta_PPP', 'zeta_Bmod', 'zeta_Dmod') (U=498, N_lam=16) from table_tree_cut1000_r4.npz
[etl-callable] loaded 6/6 nonzero channels ('zeta_TTT', 'zeta_TTP', 'zeta_TPP', 'zeta_PPP', 'zeta_Bmod', 'zeta_Dmod') (U=498, N_lam=16) from table_tree_cut1000_r4.npz
[etl-callable] loaded 6/6 nonzero channels ('zeta_TTT', 'zeta_TTP', 'zeta_TPP', 'zeta_PPP', 'zeta_Bmod', 'zeta_Dmod') (U=498, N_lam=16) from table_tree_cut1000_r4.npz
[etl-callable] loaded 6/6 nonzero channels ('zeta_TTT', 'zeta_TTP', 'zeta_TPP', 'zeta_PPP', 'zeta_Bmod', 'zeta_Dmod') (U=498, N_lam=16) from table_tree_cut1000_r4.npz
[etl-callable] loaded 6/6 nonzero channels ('zeta_TTT', 'zeta_TTP', 'zeta_TPP', 'zeta_PPP', 'zeta_Bmod', 'zeta_Dmod') (U=498, N_lam=16) from table_tree_cut1000_r4.npz
[etl-callable] loaded 6/6 nonzero channels ('zeta_TTT', 'zeta_TTP', 'zeta_TPP', 'zeta_PPP', 'zeta_Bmod', 'zeta_Dmod') (U=498, N_lam=16) from table_tree_cut1000_r4.npz
[etl-callable] loaded 6/6 nonzero channels ('zeta_TTT', 'zeta_TTP', 'zeta_TPP', 'zeta_PPP', 'zeta_Bmod', 'zeta_Dmod') (U=498, N_lam=16) from table_tree_cut1000_r4.npz
[etl-callable] loaded 6/6 nonzero channels ('zeta_TTT', 'zeta_TTP', 'zeta_TPP', 'zeta_PPP', 'zeta_Bmod', 'zeta_Dmod') (U=498, N_lam=16) from table_tree_cut1000_r4.npz
[etl-callable] loaded 6/6 nonzero channels ('zeta_TTT', 'zeta_TTP', 'zeta_TPP', 'zeta_PPP', 'zeta_Bmod', 'zeta_Dmod') (U=498, N_lam=16) from table_tree_cut1000_r4.npz
[etl-callable] loaded 6/6 nonzero channels ('zeta_TTT', 'zeta_TTP', 'zeta_TPP', 'zeta_PPP', 'zeta_Bmod', 'zeta_Dmod') (U=498, N_lam=16) from table_tree_cut1000_r4.npz
[etl-callable] loaded 6/6 nonzero channels ('zeta_TTT', 'zeta_TTP', 'zeta_TPP', 'zeta_PPP', 'zeta_Bmod', 'zeta_Dmod') (U=498, N_lam=16) from table_tree_cut1000_r4.npz
[etl-callable] loaded 6/6 nonzero channels ('zeta_TTT', 'zeta_TTP', 'zeta_TPP', 'zeta_PPP', 'zeta_Bmod', 'zeta_Dmod') (U=498, N_lam=16) from table_tree_cut1000_r4.npz
[etl-callable] loaded 6/6 nonzero channels ('zeta_TTT', 'zeta_TTP', 'zeta_TPP', 'zeta_PPP', 'zeta_Bmod', 'zeta_Dmod') (U=498, N_lam=16) from table_tree_cut1000_r4.npz
[etl-callable] loaded 6/6 nonzero channels ('zeta_TTT', 'zeta_TTP', 'zeta_TPP', 'zeta_PPP', 'zeta_Bmod', 'zeta_Dmod') (U=498, N_lam=16) from table_tree_cut1000_r4.npz
[etl-callable] loaded 6/6 nonzero channels ('zeta_TTT', 'zeta_TTP', 'zeta_TPP', 'zeta_PPP', 'zeta_Bmod', 'zeta_Dmod') (U=498, N_lam=16) from table_tree_cut1000_r4.npz
[etl-callable] loaded 6/6 nonzero channels ('zeta_TTT', 'zeta_TTP', 'zeta_TPP', 'zeta_PPP', 'zeta_Bmod', 'zeta_Dmod') (U=498, N_lam=16) from table_tree_cut1000_r4.npz
[etl-callable] loaded 6/6 nonzero channels ('zeta_TTT', 'zeta_TTP', 'zeta_TPP', 'zeta_PPP', 'zeta_Bmod', 'zeta_Dmod') (U=498, N_lam=16) from table_tree_cut1000_r4.npz
[etl-callable] loaded 6/6 nonzero channels ('zeta_TTT', 'zeta_TTP', 'zeta_TPP', 'zeta_PPP', 'zeta_Bmod', 'zeta_Dmod') (U=498, N_lam=16) from table_tree_cut1000_r4.npz
[etl-callable] loaded 6/6 nonzero channels ('zeta_TTT', 'zeta_TTP', 'zeta_TPP', 'zeta_PPP', 'zeta_Bmod', 'zeta_Dmod') (U=498, N_lam=16) from table_tree_cut1000_r4.npz
[etl-callable] loaded 6/6 nonzero channels ('zeta_TTT', 'zeta_TTP', 'zeta_TPP', 'zeta_PPP', 'zeta_Bmod', 'zeta_Dmod') (U=498, N_lam=16) from table_tree_cut1000_r4.npz
[etl-callable] loaded 6/6 nonzero channels ('zeta_TTT', 'zeta_TTP', 'zeta_TPP', 'zeta_PPP', 'zeta_Bmod', 'zeta_Dmod') (U=498, N_lam=16) from table_tree_cut1000_r4.npz
[etl-callable] loaded 6/6 nonzero channels ('zeta_TTT', 'zeta_TTP', 'zeta_TPP', 'zeta_PPP', 'zeta_Bmod', 'zeta_Dmod') (U=498, N_lam=16) from table_tree_cut1000_r4.npz
[etl-callable] loaded 6/6 nonzero channels ('zeta_TTT', 'zeta_TTP', 'zeta_TPP', 'zeta_PPP', 'zeta_Bmod', 'zeta_Dmod') (U=498, N_lam=16) from table_tree_cut1000_r4.npz
[etl-callable] loaded 6/6 nonzero channels ('zeta_TTT', 'zeta_TTP', 'zeta_TPP', 'zeta_PPP', 'zeta_Bmod', 'zeta_Dmod') (U=498, N_lam=16) from table_tree_cut1000_r4.npz
[etl-callable] loaded 6/6 nonzero channels ('zeta_TTT', 'zeta_TTP', 'zeta_TPP', 'zeta_PPP', 'zeta_Bmod', 'zeta_Dmod') (U=498, N_lam=16) from table_tree_cut1000_r4.npz
[etl-callable] loaded 6/6 nonzero channels ('zeta_TTT', 'zeta_TTP', 'zeta_TPP', 'zeta_PPP', 'zeta_Bmod', 'zeta_Dmod') (U=498, N_lam=16) from table_tree_cut1000_r4.npz
[etl-callable] loaded 6/6 nonzero channels ('zeta_TTT', 'zeta_TTP', 'zeta_TPP', 'zeta_PPP', 'zeta_Bmod', 'zeta_Dmod') (U=498, N_lam=16) from table_tree_cut1000_r4.npz
[etl-callable] loaded 6/6 nonzero channels ('zeta_TTT', 'zeta_TTP', 'zeta_TPP', 'zeta_PPP', 'zeta_Bmod', 'zeta_Dmod') (U=498, N_lam=16) from table_tree_cut1000_r4.npz
[etl-callable] loaded 6/6 nonzero channels ('zeta_TTT', 'zeta_TTP', 'zeta_TPP', 'zeta_PPP', 'zeta_Bmod', 'zeta_Dmod') (U=498, N_lam=16) from table_tree_cut1000_r4.npz
[etl-callable] loaded 6/6 nonzero channels ('zeta_TTT', 'zeta_TTP', 'zeta_TPP', 'zeta_PPP', 'zeta_Bmod', 'zeta_Dmod') (U=498, N_lam=16) from table_tree_cut1000_r4.npz
[etl-callable] loaded 6/6 nonzero channels ('zeta_TTT', 'zeta_TTP', 'zeta_TPP', 'zeta_PPP', 'zeta_Bmod', 'zeta_Dmod') (U=498, N_lam=16) from table_tree_cut1000_r4.npz
[etl-callable] loaded 6/6 nonzero channels ('zeta_TTT', 'zeta_TTP', 'zeta_TPP', 'zeta_PPP', 'zeta_Bmod', 'zeta_Dmod') (U=498, N_lam=16) from table_tree_cut1000_r4.npz
[etl-callable] loaded 6/6 nonzero channels ('zeta_TTT', 'zeta_TTP', 'zeta_TPP', 'zeta_PPP', 'zeta_Bmod', 'zeta_Dmod') (U=498, N_lam=16) from table_tree_cut1000_r4.npz
[etl-callable] loaded 6/6 nonzero channels ('zeta_TTT', 'zeta_TTP', 'zeta_TPP', 'zeta_PPP', 'zeta_Bmod', 'zeta_Dmod') (U=498, N_lam=16) from table_tree_cut1000_r4.npz
[etl-callable] loaded 6/6 nonzero channels ('zeta_TTT', 'zeta_TTP', 'zeta_TPP', 'zeta_PPP', 'zeta_Bmod', 'zeta_Dmod') (U=498, N_lam=16) from table_tree_cut1000_r4.npz
[etl-callable] loaded 6/6 nonzero channels ('zeta_TTT', 'zeta_TTP', 'zeta_TPP', 'zeta_PPP', 'zeta_Bmod', 'zeta_Dmod') (U=498, N_lam=16) from table_tree_cut1000_r4.npz
[etl-callable] loaded 6/6 nonzero channels ('zeta_TTT', 'zeta_TTP', 'zeta_TPP', 'zeta_PPP', 'zeta_Bmod', 'zeta_Dmod') (U=498, N_lam=16) from table_tree_cut1000_r4.npz
[etl-callable] loaded 6/6 nonzero channels ('zeta_TTT', 'zeta_TTP', 'zeta_TPP', 'zeta_PPP', 'zeta_Bmod', 'zeta_Dmod') (U=498, N_lam=16) from table_tree_cut1000_r4.npz
[etl-callable] loaded 6/6 nonzero channels ('zeta_TTT', 'zeta_TTP', 'zeta_TPP', 'zeta_PPP', 'zeta_Bmod', 'zeta_Dmod') (U=498, N_lam=16) from table_tree_cut1000_r4.npz
[etl-callable] loaded 6/6 nonzero channels ('zeta_TTT', 'zeta_TTP', 'zeta_TPP', 'zeta_PPP', 'zeta_Bmod', 'zeta_Dmod') (U=498, N_lam=16) from table_tree_cut1000_r4.npz
[etl-callable] loaded 6/6 nonzero channels ('zeta_TTT', 'zeta_TTP', 'zeta_TPP', 'zeta_PPP', 'zeta_Bmod', 'zeta_Dmod') (U=498, N_lam=16) from table_tree_cut1000_r4.npz
[etl-callable] loaded 6/6 nonzero channels ('zeta_TTT', 'zeta_TTP', 'zeta_TPP', 'zeta_PPP', 'zeta_Bmod', 'zeta_Dmod') (U=498, N_lam=16) from table_tree_cut1000_r4.npz
[etl-callable] loaded 6/6 nonzero channels ('zeta_TTT', 'zeta_TTP', 'zeta_TPP', 'zeta_PPP', 'zeta_Bmod', 'zeta_Dmod') (U=498, N_lam=16) from table_tree_cut1000_r4.npz
[etl-callable] loaded 6/6 nonzero channels ('zeta_TTT', 'zeta_TTP', 'zeta_TPP', 'zeta_PPP', 'zeta_Bmod', 'zeta_Dmod') (U=498, N_lam=16) from table_tree_cut1000_r4.npz
[etl-callable] loaded 6/6 nonzero channels ('zeta_TTT', 'zeta_TTP', 'zeta_TPP', 'zeta_PPP', 'zeta_Bmod', 'zeta_Dmod') (U=498, N_lam=16) from table_tree_cut1000_r4.npz
[etl-callable] loaded 6/6 nonzero channels ('zeta_TTT', 'zeta_TTP', 'zeta_TPP', 'zeta_PPP', 'zeta_Bmod', 'zeta_Dmod') (U=498, N_lam=16) from table_tree_cut1000_r4.npz
[etl-callable] loaded 6/6 nonzero channels ('zeta_TTT', 'zeta_TTP', 'zeta_TPP', 'zeta_PPP', 'zeta_Bmod', 'zeta_Dmod') (U=498, N_lam=16) from table_tree_cut1000_r4.npz
[etl-callable] loaded 6/6 nonzero channels ('zeta_TTT', 'zeta_TTP', 'zeta_TPP', 'zeta_PPP', 'zeta_Bmod', 'zeta_Dmod') (U=498, N_lam=16) from table_tree_cut1000_r4.npz
[etl-callable] loaded 6/6 nonzero channels ('zeta_TTT', 'zeta_TTP', 'zeta_TPP', 'zeta_PPP', 'zeta_Bmod', 'zeta_Dmod') (U=498, N_lam=16) from table_tree_cut1000_r4.npz
[etl-callable] loaded 6/6 nonzero channels ('zeta_TTT', 'zeta_TTP', 'zeta_TPP', 'zeta_PPP', 'zeta_Bmod', 'zeta_Dmod') (U=498, N_lam=16) from table_tree_cut1000_r4.npz
[etl-callable] loaded 6/6 nonzero channels ('zeta_TTT', 'zeta_TTP', 'zeta_TPP', 'zeta_PPP', 'zeta_Bmod', 'zeta_Dmod') (U=498, N_lam=16) from table_tree_cut1000_r4.npz
[etl-callable] loaded 6/6 nonzero channels ('zeta_TTT', 'zeta_TTP', 'zeta_TPP', 'zeta_PPP', 'zeta_Bmod', 'zeta_Dmod') (U=498, N_lam=16) from table_tree_cut1000_r4.npz
[etl-callable] loaded 6/6 nonzero channels ('zeta_TTT', 'zeta_TTP', 'zeta_TPP', 'zeta_PPP', 'zeta_Bmod', 'zeta_Dmod') (U=498, N_lam=16) from table_tree_cut1000_r4.npz
[etl-callable] loaded 6/6 nonzero channels ('zeta_TTT', 'zeta_TTP', 'zeta_TPP', 'zeta_PPP', 'zeta_Bmod', 'zeta_Dmod') (U=498, N_lam=16) from table_tree_cut1000_r4.npz
[etl-callable] loaded 6/6 nonzero channels ('zeta_TTT', 'zeta_TTP', 'zeta_TPP', 'zeta_PPP', 'zeta_Bmod', 'zeta_Dmod') (U=498, N_lam=16) from table_tree_cut1000_r4.npz
[etl-callable] loaded 6/6 nonzero channels ('zeta_TTT', 'zeta_TTP', 'zeta_TPP', 'zeta_PPP', 'zeta_Bmod', 'zeta_Dmod') (U=498, N_lam=16) from table_tree_cut1000_r4.npz
[etl-callable] loaded 6/6 nonzero channels ('zeta_TTT', 'zeta_TTP', 'zeta_TPP', 'zeta_PPP', 'zeta_Bmod', 'zeta_Dmod') (U=498, N_lam=16) from table_tree_cut1000_r4.npz
[etl-callable] loaded 6/6 nonzero channels ('zeta_TTT', 'zeta_TTP', 'zeta_TPP', 'zeta_PPP', 'zeta_Bmod', 'zeta_Dmod') (U=498, N_lam=16) from table_tree_cut1000_r4.npz
[etl-callable] loaded 6/6 nonzero channels ('zeta_TTT', 'zeta_TTP', 'zeta_TPP', 'zeta_PPP', 'zeta_Bmod', 'zeta_Dmod') (U=498, N_lam=16) from table_tree_cut1000_r4.npz
[etl-callable] loaded 6/6 nonzero channels ('zeta_TTT', 'zeta_TTP', 'zeta_TPP', 'zeta_PPP', 'zeta_Bmod', 'zeta_Dmod') (U=498, N_lam=16) from table_tree_cut1000_r4.npz
[etl-callable] loaded 6/6 nonzero channels ('zeta_TTT', 'zeta_TTP', 'zeta_TPP', 'zeta_PPP', 'zeta_Bmod', 'zeta_Dmod') (U=498, N_lam=16) from table_tree_cut1000_r4.npz
[etl-callable] loaded 6/6 nonzero channels ('zeta_TTT', 'zeta_TTP', 'zeta_TPP', 'zeta_PPP', 'zeta_Bmod', 'zeta_Dmod') (U=498, N_lam=16) from table_tree_cut1000_r4.npz
[etl-callable] loaded 6/6 nonzero channels ('zeta_TTT', 'zeta_TTP', 'zeta_TPP', 'zeta_PPP', 'zeta_Bmod', 'zeta_Dmod') (U=498, N_lam=16) from table_tree_cut1000_r4.npz
[etl-callable] loaded 6/6 nonzero channels ('zeta_TTT', 'zeta_TTP', 'zeta_TPP', 'zeta_PPP', 'zeta_Bmod', 'zeta_Dmod') (U=498, N_lam=16) from table_tree_cut1000_r4.npz
[etl-callable] loaded 6/6 nonzero channels ('zeta_TTT', 'zeta_TTP', 'zeta_TPP', 'zeta_PPP', 'zeta_Bmod', 'zeta_Dmod') (U=498, N_lam=16) from table_tree_cut1000_r4.npz
[etl-callable] loaded 6/6 nonzero channels ('zeta_TTT', 'zeta_TTP', 'zeta_TPP', 'zeta_PPP', 'zeta_Bmod', 'zeta_Dmod') (U=498, N_lam=16) from table_tree_cut1000_r4.npz
[etl-callable] loaded 6/6 nonzero channels ('zeta_TTT', 'zeta_TTP', 'zeta_TPP', 'zeta_PPP', 'zeta_Bmod', 'zeta_Dmod') (U=498, N_lam=16) from table_tree_cut1000_r4.npz
[etl-callable] loaded 6/6 nonzero channels ('zeta_TTT', 'zeta_TTP', 'zeta_TPP', 'zeta_PPP', 'zeta_Bmod', 'zeta_Dmod') (U=498, N_lam=16) from table_tree_cut1000_r4.npz
[etl-callable] loaded 6/6 nonzero channels ('zeta_TTT', 'zeta_TTP', 'zeta_TPP', 'zeta_PPP', 'zeta_Bmod', 'zeta_Dmod') (U=498, N_lam=16) from table_tree_cut1000_r4.npz
[etl-callable] loaded 6/6 nonzero channels ('zeta_TTT', 'zeta_TTP', 'zeta_TPP', 'zeta_PPP', 'zeta_Bmod', 'zeta_Dmod') (U=498, N_lam=16) from table_tree_cut1000_r4.npz
[etl-callable] loaded 6/6 nonzero channels ('zeta_TTT', 'zeta_TTP', 'zeta_TPP', 'zeta_PPP', 'zeta_Bmod', 'zeta_Dmod') (U=498, N_lam=16) from table_tree_cut1000_r4.npz
[etl-callable] loaded 6/6 nonzero channels ('zeta_TTT', 'zeta_TTP', 'zeta_TPP', 'zeta_PPP', 'zeta_Bmod', 'zeta_Dmod') (U=498, N_lam=16) from table_tree_cut1000_r4.npz
[etl-callable] loaded 6/6 nonzero channels ('zeta_TTT', 'zeta_TTP', 'zeta_TPP', 'zeta_PPP', 'zeta_Bmod', 'zeta_Dmod') (U=498, N_lam=16) from table_tree_cut1000_r4.npz
[etl-callable] loaded 6/6 nonzero channels ('zeta_TTT', 'zeta_TTP', 'zeta_TPP', 'zeta_PPP', 'zeta_Bmod', 'zeta_Dmod') (U=498, N_lam=16) from table_tree_cut1000_r4.npz
[etl-callable] loaded 6/6 nonzero channels ('zeta_TTT', 'zeta_TTP', 'zeta_TPP', 'zeta_PPP', 'zeta_Bmod', 'zeta_Dmod') (U=498, N_lam=16) from table_tree_cut1000_r4.npz
[etl-callable] loaded 6/6 nonzero channels ('zeta_TTT', 'zeta_TTP', 'zeta_TPP', 'zeta_PPP', 'zeta_Bmod', 'zeta_Dmod') (U=498, N_lam=16) from table_tree_cut1000_r4.npz
[etl-callable] loaded 6/6 nonzero channels ('zeta_TTT', 'zeta_TTP', 'zeta_TPP', 'zeta_PPP', 'zeta_Bmod', 'zeta_Dmod') (U=498, N_lam=16) from table_tree_cut1000_r4.npz
[etl-callable] loaded 6/6 nonzero channels ('zeta_TTT', 'zeta_TTP', 'zeta_TPP', 'zeta_PPP', 'zeta_Bmod', 'zeta_Dmod') (U=498, N_lam=16) from table_tree_cut1000_r4.npz
[etl-callable] loaded 6/6 nonzero channels ('zeta_TTT', 'zeta_TTP', 'zeta_TPP', 'zeta_PPP', 'zeta_Bmod', 'zeta_Dmod') (U=498, N_lam=16) from table_tree_cut1000_r4.npz
[etl-callable] loaded 6/6 nonzero channels ('zeta_TTT', 'zeta_TTP', 'zeta_TPP', 'zeta_PPP', 'zeta_Bmod', 'zeta_Dmod') (U=498, N_lam=16) from table_tree_cut1000_r4.npz
[etl-callable] loaded 6/6 nonzero channels ('zeta_TTT', 'zeta_TTP', 'zeta_TPP', 'zeta_PPP', 'zeta_Bmod', 'zeta_Dmod') (U=498, N_lam=16) from table_tree_cut1000_r4.npz
[etl-callable] loaded 6/6 nonzero channels ('zeta_TTT', 'zeta_TTP', 'zeta_TPP', 'zeta_PPP', 'zeta_Bmod', 'zeta_Dmod') (U=498, N_lam=16) from table_tree_cut1000_r4.npz
[etl-callable] loaded 6/6 nonzero channels ('zeta_TTT', 'zeta_TTP', 'zeta_TPP', 'zeta_PPP', 'zeta_Bmod', 'zeta_Dmod') (U=498, N_lam=16) from table_tree_cut1000_r4.npz
[etl-callable] loaded 6/6 nonzero channels ('zeta_TTT', 'zeta_TTP', 'zeta_TPP', 'zeta_PPP', 'zeta_Bmod', 'zeta_Dmod') (U=498, N_lam=16) from table_tree_cut1000_r4.npz
[etl-callable] loaded 6/6 nonzero channels ('zeta_TTT', 'zeta_TTP', 'zeta_TPP', 'zeta_PPP', 'zeta_Bmod', 'zeta_Dmod') (U=498, N_lam=16) from table_tree_cut1000_r4.npz
[etl-callable] loaded 6/6 nonzero channels ('zeta_TTT', 'zeta_TTP', 'zeta_TPP', 'zeta_PPP', 'zeta_Bmod', 'zeta_Dmod') (U=498, N_lam=16) from table_tree_cut1000_r4.npz
[etl-callable] loaded 6/6 nonzero channels ('zeta_TTT', 'zeta_TTP', 'zeta_TPP', 'zeta_PPP', 'zeta_Bmod', 'zeta_Dmod') (U=498, N_lam=16) from table_tree_cut1000_r4.npz
[etl-callable] loaded 6/6 nonzero channels ('zeta_TTT', 'zeta_TTP', 'zeta_TPP', 'zeta_PPP', 'zeta_Bmod', 'zeta_Dmod') (U=498, N_lam=16) from table_tree_cut1000_r4.npz
[etl-callable] loaded 6/6 nonzero channels ('zeta_TTT', 'zeta_TTP', 'zeta_TPP', 'zeta_PPP', 'zeta_Bmod', 'zeta_Dmod') (U=498, N_lam=16) from table_tree_cut1000_r4.npz
[etl-callable] loaded 6/6 nonzero channels ('zeta_TTT', 'zeta_TTP', 'zeta_TPP', 'zeta_PPP', 'zeta_Bmod', 'zeta_Dmod') (U=498, N_lam=16) from table_tree_cut1000_r4.npz
[etl-callable] loaded 6/6 nonzero channels ('zeta_TTT', 'zeta_TTP', 'zeta_TPP', 'zeta_PPP', 'zeta_Bmod', 'zeta_Dmod') (U=498, N_lam=16) from table_tree_cut1000_r4.npz
[etl-callable] loaded 6/6 nonzero channels ('zeta_TTT', 'zeta_TTP', 'zeta_TPP', 'zeta_PPP', 'zeta_Bmod', 'zeta_Dmod') (U=498, N_lam=16) from table_tree_cut1000_r4.npz
[etl-callable] loaded 6/6 nonzero channels ('zeta_TTT', 'zeta_TTP', 'zeta_TPP', 'zeta_PPP', 'zeta_Bmod', 'zeta_Dmod') (U=498, N_lam=16) from table_tree_cut1000_r4.npz
[etl-callable] loaded 6/6 nonzero channels ('zeta_TTT', 'zeta_TTP', 'zeta_TPP', 'zeta_PPP', 'zeta_Bmod', 'zeta_Dmod') (U=498, N_lam=16) from table_tree_cut1000_r4.npz
[etl-callable] loaded 6/6 nonzero channels ('zeta_TTT', 'zeta_TTP', 'zeta_TPP', 'zeta_PPP', 'zeta_Bmod', 'zeta_Dmod') (U=498, N_lam=16) from table_tree_cut1000_r4.npz
[etl-callable] loaded 6/6 nonzero channels ('zeta_TTT', 'zeta_TTP', 'zeta_TPP', 'zeta_PPP', 'zeta_Bmod', 'zeta_Dmod') (U=498, N_lam=16) from table_tree_cut1000_r4.npz
[etl-callable] loaded 6/6 nonzero channels ('zeta_TTT', 'zeta_TTP', 'zeta_TPP', 'zeta_PPP', 'zeta_Bmod', 'zeta_Dmod') (U=498, N_lam=16) from table_tree_cut1000_r4.npz
[etl-callable] loaded 6/6 nonzero channels ('zeta_TTT', 'zeta_TTP', 'zeta_TPP', 'zeta_PPP', 'zeta_Bmod', 'zeta_Dmod') (U=498, N_lam=16) from table_tree_cut1000_r4.npz
[etl-callable] loaded 6/6 nonzero channels ('zeta_TTT', 'zeta_TTP', 'zeta_TPP', 'zeta_PPP', 'zeta_Bmod', 'zeta_Dmod') (U=498, N_lam=16) from table_tree_cut1000_r4.npz
[etl-callable] loaded 6/6 nonzero channels ('zeta_TTT', 'zeta_TTP', 'zeta_TPP', 'zeta_PPP', 'zeta_Bmod', 'zeta_Dmod') (U=498, N_lam=16) from table_tree_cut1000_r4.npz
[etl-callable] loaded 6/6 nonzero channels ('zeta_TTT', 'zeta_TTP', 'zeta_TPP', 'zeta_PPP', 'zeta_Bmod', 'zeta_Dmod') (U=498, N_lam=16) from table_tree_cut1000_r4.npz
[etl-callable] loaded 6/6 nonzero channels ('zeta_TTT', 'zeta_TTP', 'zeta_TPP', 'zeta_PPP', 'zeta_Bmod', 'zeta_Dmod') (U=498, N_lam=16) from table_tree_cut1000_r4.npz
[etl-callable] loaded 6/6 nonzero channels ('zeta_TTT', 'zeta_TTP', 'zeta_TPP', 'zeta_PPP', 'zeta_Bmod', 'zeta_Dmod') (U=498, N_lam=16) from table_tree_cut1000_r4.npz
[etl-callable] loaded 6/6 nonzero channels ('zeta_TTT', 'zeta_TTP', 'zeta_TPP', 'zeta_PPP', 'zeta_Bmod', 'zeta_Dmod') (U=498, N_lam=16) from table_tree_cut1000_r4.npz
[etl-callable] loaded 6/6 nonzero channels ('zeta_TTT', 'zeta_TTP', 'zeta_TPP', 'zeta_PPP', 'zeta_Bmod', 'zeta_Dmod') (U=498, N_lam=16) from table_tree_cut1000_r4.npz
[etl-callable] loaded 6/6 nonzero channels ('zeta_TTT', 'zeta_TTP', 'zeta_TPP', 'zeta_PPP', 'zeta_Bmod', 'zeta_Dmod') (U=498, N_lam=16) from table_tree_cut1000_r4.npz
[etl-callable] loaded 6/6 nonzero channels ('zeta_TTT', 'zeta_TTP', 'zeta_TPP', 'zeta_PPP', 'zeta_Bmod', 'zeta_Dmod') (U=498, N_lam=16) from table_tree_cut1000_r4.npz
[etl-callable] loaded 6/6 nonzero channels ('zeta_TTT', 'zeta_TTP', 'zeta_TPP', 'zeta_PPP', 'zeta_Bmod', 'zeta_Dmod') (U=498, N_lam=16) from table_tree_cut1000_r4.npz
[etl-callable] loaded 6/6 nonzero channels ('zeta_TTT', 'zeta_TTP', 'zeta_TPP', 'zeta_PPP', 'zeta_Bmod', 'zeta_Dmod') (U=498, N_lam=16) from table_tree_cut1000_r4.npz
[etl-callable] loaded 6/6 nonzero channels ('zeta_TTT', 'zeta_TTP', 'zeta_TPP', 'zeta_PPP', 'zeta_Bmod', 'zeta_Dmod') (U=498, N_lam=16) from table_tree_cut1000_r4.npz
[etl-callable] loaded 6/6 nonzero channels ('zeta_TTT', 'zeta_TTP', 'zeta_TPP', 'zeta_PPP', 'zeta_Bmod', 'zeta_Dmod') (U=498, N_lam=16) from table_tree_cut1000_r4.npz
[etl-callable] loaded 6/6 nonzero channels ('zeta_TTT', 'zeta_TTP', 'zeta_TPP', 'zeta_PPP', 'zeta_Bmod', 'zeta_Dmod') (U=498, N_lam=16) from table_tree_cut1000_r4.npz
[etl-callable] loaded 6/6 nonzero channels ('zeta_TTT', 'zeta_TTP', 'zeta_TPP', 'zeta_PPP', 'zeta_Bmod', 'zeta_Dmod') (U=498, N_lam=16) from table_tree_cut1000_r4.npz
[etl-callable] loaded 6/6 nonzero channels ('zeta_TTT', 'zeta_TTP', 'zeta_TPP', 'zeta_PPP', 'zeta_Bmod', 'zeta_Dmod') (U=498, N_lam=16) from table_tree_cut1000_r4.npz
[etl-callable] loaded 6/6 nonzero channels ('zeta_TTT', 'zeta_TTP', 'zeta_TPP', 'zeta_PPP', 'zeta_Bmod', 'zeta_Dmod') (U=498, N_lam=16) from table_tree_cut1000_r4.npz
[etl-callable] loaded 6/6 nonzero channels ('zeta_TTT', 'zeta_TTP', 'zeta_TPP', 'zeta_PPP', 'zeta_Bmod', 'zeta_Dmod') (U=498, N_lam=16) from table_tree_cut1000_r4.npz
[etl-callable] loaded 6/6 nonzero channels ('zeta_TTT', 'zeta_TTP', 'zeta_TPP', 'zeta_PPP', 'zeta_Bmod', 'zeta_Dmod') (U=498, N_lam=16) from table_tree_cut1000_r4.npz
[etl-callable] loaded 6/6 nonzero channels ('zeta_TTT', 'zeta_TTP', 'zeta_TPP', 'zeta_PPP', 'zeta_Bmod', 'zeta_Dmod') (U=498, N_lam=16) from table_tree_cut1000_r4.npz
[etl-callable] loaded 6/6 nonzero channels ('zeta_TTT', 'zeta_TTP', 'zeta_TPP', 'zeta_PPP', 'zeta_Bmod', 'zeta_Dmod') (U=498, N_lam=16) from table_tree_cut1000_r4.npz
[etl-callable] loaded 6/6 nonzero channels ('zeta_TTT', 'zeta_TTP', 'zeta_TPP', 'zeta_PPP', 'zeta_Bmod', 'zeta_Dmod') (U=498, N_lam=16) from table_tree_cut1000_r4.npz
[etl-callable] loaded 6/6 nonzero channels ('zeta_TTT', 'zeta_TTP', 'zeta_TPP', 'zeta_PPP', 'zeta_Bmod', 'zeta_Dmod') (U=498, N_lam=16) from table_tree_cut1000_r4.npz
[etl-callable] loaded 6/6 nonzero channels ('zeta_TTT', 'zeta_TTP', 'zeta_TPP', 'zeta_PPP', 'zeta_Bmod', 'zeta_Dmod') (U=498, N_lam=16) from table_tree_cut1000_r4.npz
[etl-callable] loaded 6/6 nonzero channels ('zeta_TTT', 'zeta_TTP', 'zeta_TPP', 'zeta_PPP', 'zeta_Bmod', 'zeta_Dmod') (U=498, N_lam=16) from table_tree_cut1000_r4.npz
[etl-callable] loaded 6/6 nonzero channels ('zeta_TTT', 'zeta_TTP', 'zeta_TPP', 'zeta_PPP', 'zeta_Bmod', 'zeta_Dmod') (U=498, N_lam=16) from table_tree_cut1000_r4.npz
[etl-callable] loaded 6/6 nonzero channels ('zeta_TTT', 'zeta_TTP', 'zeta_TPP', 'zeta_PPP', 'zeta_Bmod', 'zeta_Dmod') (U=498, N_lam=16) from table_tree_cut1000_r4.npz
[etl-callable] loaded 6/6 nonzero channels ('zeta_TTT', 'zeta_TTP', 'zeta_TPP', 'zeta_PPP', 'zeta_Bmod', 'zeta_Dmod') (U=498, N_lam=16) from table_tree_cut1000_r4.npz
[etl-callable] loaded 6/6 nonzero channels ('zeta_TTT', 'zeta_TTP', 'zeta_TPP', 'zeta_PPP', 'zeta_Bmod', 'zeta_Dmod') (U=498, N_lam=16) from table_tree_cut1000_r4.npz
[etl-callable] loaded 6/6 nonzero channels ('zeta_TTT', 'zeta_TTP', 'zeta_TPP', 'zeta_PPP', 'zeta_Bmod', 'zeta_Dmod') (U=498, N_lam=16) from table_tree_cut1000_r4.npz
[etl-callable] loaded 6/6 nonzero channels ('zeta_TTT', 'zeta_TTP', 'zeta_TPP', 'zeta_PPP', 'zeta_Bmod', 'zeta_Dmod') (U=498, N_lam=16) from table_tree_cut1000_r4.npz
[etl-callable] loaded 6/6 nonzero channels ('zeta_TTT', 'zeta_TTP', 'zeta_TPP', 'zeta_PPP', 'zeta_Bmod', 'zeta_Dmod') (U=498, N_lam=16) from table_tree_cut1000_r4.npz
[etl-callable] loaded 6/6 nonzero channels ('zeta_TTT', 'zeta_TTP', 'zeta_TPP', 'zeta_PPP', 'zeta_Bmod', 'zeta_Dmod') (U=498, N_lam=16) from table_tree_cut1000_r4.npz
[etl-callable] loaded 6/6 nonzero channels ('zeta_TTT', 'zeta_TTP', 'zeta_TPP', 'zeta_PPP', 'zeta_Bmod', 'zeta_Dmod') (U=498, N_lam=16) from table_tree_cut1000_r4.npz
[etl-callable] loaded 6/6 nonzero channels ('zeta_TTT', 'zeta_TTP', 'zeta_TPP', 'zeta_PPP', 'zeta_Bmod', 'zeta_Dmod') (U=498, N_lam=16) from table_tree_cut1000_r4.npz
[etl-callable] loaded 6/6 nonzero channels ('zeta_TTT', 'zeta_TTP', 'zeta_TPP', 'zeta_PPP', 'zeta_Bmod', 'zeta_Dmod') (U=498, N_lam=16) from table_tree_cut1000_r4.npz
[etl-callable] loaded 6/6 nonzero channels ('zeta_TTT', 'zeta_TTP', 'zeta_TPP', 'zeta_PPP', 'zeta_Bmod', 'zeta_Dmod') (U=498, N_lam=16) from table_tree_cut1000_r4.npz
[etl-callable] loaded 6/6 nonzero channels ('zeta_TTT', 'zeta_TTP', 'zeta_TPP', 'zeta_PPP', 'zeta_Bmod', 'zeta_Dmod') (U=498, N_lam=16) from table_tree_cut1000_r4.npz
[etl-callable] loaded 6/6 nonzero channels ('zeta_TTT', 'zeta_TTP', 'zeta_TPP', 'zeta_PPP', 'zeta_Bmod', 'zeta_Dmod') (U=498, N_lam=16) from table_tree_cut1000_r4.npz
[etl-callable] loaded 6/6 nonzero channels ('zeta_TTT', 'zeta_TTP', 'zeta_TPP', 'zeta_PPP', 'zeta_Bmod', 'zeta_Dmod') (U=498, N_lam=16) from table_tree_cut1000_r4.npz
[etl-callable] loaded 6/6 nonzero channels ('zeta_TTT', 'zeta_TTP', 'zeta_TPP', 'zeta_PPP', 'zeta_Bmod', 'zeta_Dmod') (U=498, N_lam=16) from table_tree_cut1000_r4.npz
[etl-callable] loaded 6/6 nonzero channels ('zeta_TTT', 'zeta_TTP', 'zeta_TPP', 'zeta_PPP', 'zeta_Bmod', 'zeta_Dmod') (U=498, N_lam=16) from table_tree_cut1000_r4.npz
[etl-callable] loaded 6/6 nonzero channels ('zeta_TTT', 'zeta_TTP', 'zeta_TPP', 'zeta_PPP', 'zeta_Bmod', 'zeta_Dmod') (U=498, N_lam=16) from table_tree_cut1000_r4.npz
[etl-callable] loaded 6/6 nonzero channels ('zeta_TTT', 'zeta_TTP', 'zeta_TPP', 'zeta_PPP', 'zeta_Bmod', 'zeta_Dmod') (U=498, N_lam=16) from table_tree_cut1000_r4.npz
[etl-callable] loaded 6/6 nonzero channels ('zeta_TTT', 'zeta_TTP', 'zeta_TPP', 'zeta_PPP', 'zeta_Bmod', 'zeta_Dmod') (U=498, N_lam=16) from table_tree_cut1000_r4.npz
[etl-callable] loaded 6/6 nonzero channels ('zeta_TTT', 'zeta_TTP', 'zeta_TPP', 'zeta_PPP', 'zeta_Bmod', 'zeta_Dmod') (U=498, N_lam=16) from table_tree_cut1000_r4.npz
[etl-callable] loaded 6/6 nonzero channels ('zeta_TTT', 'zeta_TTP', 'zeta_TPP', 'zeta_PPP', 'zeta_Bmod', 'zeta_Dmod') (U=498, N_lam=16) from table_tree_cut1000_r4.npz
[etl-callable] loaded 6/6 nonzero channels ('zeta_TTT', 'zeta_TTP', 'zeta_TPP', 'zeta_PPP', 'zeta_Bmod', 'zeta_Dmod') (U=498, N_lam=16) from table_tree_cut1000_r4.npz
[etl-callable] loaded 6/6 nonzero channels ('zeta_TTT', 'zeta_TTP', 'zeta_TPP', 'zeta_PPP', 'zeta_Bmod', 'zeta_Dmod') (U=498, N_lam=16) from table_tree_cut1000_r4.npz
[etl-callable] loaded 6/6 nonzero channels ('zeta_TTT', 'zeta_TTP', 'zeta_TPP', 'zeta_PPP', 'zeta_Bmod', 'zeta_Dmod') (U=498, N_lam=16) from table_tree_cut1000_r4.npz
[etl-callable] loaded 6/6 nonzero channels ('zeta_TTT', 'zeta_TTP', 'zeta_TPP', 'zeta_PPP', 'zeta_Bmod', 'zeta_Dmod') (U=498, N_lam=16) from table_tree_cut1000_r4.npz
[etl-callable] loaded 6/6 nonzero channels ('zeta_TTT', 'zeta_TTP', 'zeta_TPP', 'zeta_PPP', 'zeta_Bmod', 'zeta_Dmod') (U=498, N_lam=16) from table_tree_cut1000_r4.npz
[etl-callable] loaded 6/6 nonzero channels ('zeta_TTT', 'zeta_TTP', 'zeta_TPP', 'zeta_PPP', 'zeta_Bmod', 'zeta_Dmod') (U=498, N_lam=16) from table_tree_cut1000_r4.npz
[etl-callable] loaded 6/6 nonzero channels ('zeta_TTT', 'zeta_TTP', 'zeta_TPP', 'zeta_PPP', 'zeta_Bmod', 'zeta_Dmod') (U=498, N_lam=16) from table_tree_cut1000_r4.npz
[etl-callable] loaded 6/6 nonzero channels ('zeta_TTT', 'zeta_TTP', 'zeta_TPP', 'zeta_PPP', 'zeta_Bmod', 'zeta_Dmod') (U=498, N_lam=16) from table_tree_cut1000_r4.npz
[etl-callable] loaded 6/6 nonzero channels ('zeta_TTT', 'zeta_TTP', 'zeta_TPP', 'zeta_PPP', 'zeta_Bmod', 'zeta_Dmod') (U=498, N_lam=16) from table_tree_cut1000_r4.npz
[etl-callable] loaded 6/6 nonzero channels ('zeta_TTT', 'zeta_TTP', 'zeta_TPP', 'zeta_PPP', 'zeta_Bmod', 'zeta_Dmod') (U=498, N_lam=16) from table_tree_cut1000_r4.npz
[etl-callable] loaded 6/6 nonzero channels ('zeta_TTT', 'zeta_TTP', 'zeta_TPP', 'zeta_PPP', 'zeta_Bmod', 'zeta_Dmod') (U=498, N_lam=16) from table_tree_cut1000_r4.npz
[etl-callable] loaded 6/6 nonzero channels ('zeta_TTT', 'zeta_TTP', 'zeta_TPP', 'zeta_PPP', 'zeta_Bmod', 'zeta_Dmod') (U=498, N_lam=16) from table_tree_cut1000_r4.npz
[etl-callable] loaded 6/6 nonzero channels ('zeta_TTT', 'zeta_TTP', 'zeta_TPP', 'zeta_PPP', 'zeta_Bmod', 'zeta_Dmod') (U=498, N_lam=16) from table_tree_cut1000_r4.npz
[etl-callable] loaded 6/6 nonzero channels ('zeta_TTT', 'zeta_TTP', 'zeta_TPP', 'zeta_PPP', 'zeta_Bmod', 'zeta_Dmod') (U=498, N_lam=16) from table_tree_cut1000_r4.npz
[etl-callable] loaded 6/6 nonzero channels ('zeta_TTT', 'zeta_TTP', 'zeta_TPP', 'zeta_PPP', 'zeta_Bmod', 'zeta_Dmod') (U=498, N_lam=16) from table_tree_cut1000_r4.npz
[etl-callable] loaded 6/6 nonzero channels ('zeta_TTT', 'zeta_TTP', 'zeta_TPP', 'zeta_PPP', 'zeta_Bmod', 'zeta_Dmod') (U=498, N_lam=16) from table_tree_cut1000_r4.npz
[etl-callable] loaded 6/6 nonzero channels ('zeta_TTT', 'zeta_TTP', 'zeta_TPP', 'zeta_PPP', 'zeta_Bmod', 'zeta_Dmod') (U=498, N_lam=16) from table_tree_cut1000_r4.npz
[etl-callable] loaded 6/6 nonzero channels ('zeta_TTT', 'zeta_TTP', 'zeta_TPP', 'zeta_PPP', 'zeta_Bmod', 'zeta_Dmod') (U=498, N_lam=16) from table_tree_cut1000_r4.npz
[etl-callable] loaded 6/6 nonzero channels ('zeta_TTT', 'zeta_TTP', 'zeta_TPP', 'zeta_PPP', 'zeta_Bmod', 'zeta_Dmod') (U=498, N_lam=16) from table_tree_cut1000_r4.npz
[etl-callable] loaded 6/6 nonzero channels ('zeta_TTT', 'zeta_TTP', 'zeta_TPP', 'zeta_PPP', 'zeta_Bmod', 'zeta_Dmod') (U=498, N_lam=16) from table_tree_cut1000_r4.npz
[etl-callable] loaded 6/6 nonzero channels ('zeta_TTT', 'zeta_TTP', 'zeta_TPP', 'zeta_PPP', 'zeta_Bmod', 'zeta_Dmod') (U=498, N_lam=16) from table_tree_cut1000_r4.npz
[etl-callable] loaded 6/6 nonzero channels ('zeta_TTT', 'zeta_TTP', 'zeta_TPP', 'zeta_PPP', 'zeta_Bmod', 'zeta_Dmod') (U=498, N_lam=16) from table_tree_cut1000_r4.npz
[etl-callable] loaded 6/6 nonzero channels ('zeta_TTT', 'zeta_TTP', 'zeta_TPP', 'zeta_PPP', 'zeta_Bmod', 'zeta_Dmod') (U=498, N_lam=16) from table_tree_cut1000_r4.npz
[etl-callable] loaded 6/6 nonzero channels ('zeta_TTT', 'zeta_TTP', 'zeta_TPP', 'zeta_PPP', 'zeta_Bmod', 'zeta_Dmod') (U=498, N_lam=16) from table_tree_cut1000_r4.npz
[etl-callable] loaded 6/6 nonzero channels ('zeta_TTT', 'zeta_TTP', 'zeta_TPP', 'zeta_PPP', 'zeta_Bmod', 'zeta_Dmod') (U=498, N_lam=16) from table_tree_cut1000_r4.npz
[etl-callable] loaded 6/6 nonzero channels ('zeta_TTT', 'zeta_TTP', 'zeta_TPP', 'zeta_PPP', 'zeta_Bmod', 'zeta_Dmod') (U=498, N_lam=16) from table_tree_cut1000_r4.npz
[etl-callable] loaded 6/6 nonzero channels ('zeta_TTT', 'zeta_TTP', 'zeta_TPP', 'zeta_PPP', 'zeta_Bmod', 'zeta_Dmod') (U=498, N_lam=16) from table_tree_cut1000_r4.npz
[etl-callable] loaded 6/6 nonzero channels ('zeta_TTT', 'zeta_TTP', 'zeta_TPP', 'zeta_PPP', 'zeta_Bmod', 'zeta_Dmod') (U=498, N_lam=16) from table_tree_cut1000_r4.npz
[etl-callable] loaded 6/6 nonzero channels ('zeta_TTT', 'zeta_TTP', 'zeta_TPP', 'zeta_PPP', 'zeta_Bmod', 'zeta_Dmod') (U=498, N_lam=16) from table_tree_cut1000_r4.npz
[etl-callable] loaded 6/6 nonzero channels ('zeta_TTT', 'zeta_TTP', 'zeta_TPP', 'zeta_PPP', 'zeta_Bmod', 'zeta_Dmod') (U=498, N_lam=16) from table_tree_cut1000_r4.npz
[etl-callable] loaded 6/6 nonzero channels ('zeta_TTT', 'zeta_TTP', 'zeta_TPP', 'zeta_PPP', 'zeta_Bmod', 'zeta_Dmod') (U=498, N_lam=16) from table_tree_cut1000_r4.npz
[etl-callable] loaded 6/6 nonzero channels ('zeta_TTT', 'zeta_TTP', 'zeta_TPP', 'zeta_PPP', 'zeta_Bmod', 'zeta_Dmod') (U=498, N_lam=16) from table_tree_cut1000_r4.npz
[etl-callable] loaded 6/6 nonzero channels ('zeta_TTT', 'zeta_TTP', 'zeta_TPP', 'zeta_PPP', 'zeta_Bmod', 'zeta_Dmod') (U=498, N_lam=16) from table_tree_cut1000_r4.npz
[etl-callable] loaded 6/6 nonzero channels ('zeta_TTT', 'zeta_TTP', 'zeta_TPP', 'zeta_PPP', 'zeta_Bmod', 'zeta_Dmod') (U=498, N_lam=16) from table_tree_cut1000_r4.npz
[etl-callable] loaded 6/6 nonzero channels ('zeta_TTT', 'zeta_TTP', 'zeta_TPP', 'zeta_PPP', 'zeta_Bmod', 'zeta_Dmod') (U=498, N_lam=16) from table_tree_cut1000_r4.npz
[etl-callable] loaded 6/6 nonzero channels ('zeta_TTT', 'zeta_TTP', 'zeta_TPP', 'zeta_PPP', 'zeta_Bmod', 'zeta_Dmod') (U=498, N_lam=16) from table_tree_cut1000_r4.npz
[etl-callable] loaded 6/6 nonzero channels ('zeta_TTT', 'zeta_TTP', 'zeta_TPP', 'zeta_PPP', 'zeta_Bmod', 'zeta_Dmod') (U=498, N_lam=16) from table_tree_cut1000_r4.npz
[etl-callable] loaded 6/6 nonzero channels ('zeta_TTT', 'zeta_TTP', 'zeta_TPP', 'zeta_PPP', 'zeta_Bmod', 'zeta_Dmod') (U=498, N_lam=16) from table_tree_cut1000_r4.npz
[etl-callable] loaded 6/6 nonzero channels ('zeta_TTT', 'zeta_TTP', 'zeta_TPP', 'zeta_PPP', 'zeta_Bmod', 'zeta_Dmod') (U=498, N_lam=16) from table_tree_cut1000_r4.npz
[etl-callable] loaded 6/6 nonzero channels ('zeta_TTT', 'zeta_TTP', 'zeta_TPP', 'zeta_PPP', 'zeta_Bmod', 'zeta_Dmod') (U=498, N_lam=16) from table_tree_cut1000_r4.npz
[etl-callable] loaded 6/6 nonzero channels ('zeta_TTT', 'zeta_TTP', 'zeta_TPP', 'zeta_PPP', 'zeta_Bmod', 'zeta_Dmod') (U=498, N_lam=16) from table_tree_cut1000_r4.npz
[etl-callable] loaded 6/6 nonzero channels ('zeta_TTT', 'zeta_TTP', 'zeta_TPP', 'zeta_PPP', 'zeta_Bmod', 'zeta_Dmod') (U=498, N_lam=16) from table_tree_cut1000_r4.npz
[etl-callable] loaded 6/6 nonzero channels ('zeta_TTT', 'zeta_TTP', 'zeta_TPP', 'zeta_PPP', 'zeta_Bmod', 'zeta_Dmod') (U=498, N_lam=16) from table_tree_cut1000_r4.npz
[etl-callable] loaded 6/6 nonzero channels ('zeta_TTT', 'zeta_TTP', 'zeta_TPP', 'zeta_PPP', 'zeta_Bmod', 'zeta_Dmod') (U=498, N_lam=16) from table_tree_cut1000_r4.npz
[etl-callable] loaded 6/6 nonzero channels ('zeta_TTT', 'zeta_TTP', 'zeta_TPP', 'zeta_PPP', 'zeta_Bmod', 'zeta_Dmod') (U=498, N_lam=16) from table_tree_cut1000_r4.npz
[etl-callable] loaded 6/6 nonzero channels ('zeta_TTT', 'zeta_TTP', 'zeta_TPP', 'zeta_PPP', 'zeta_Bmod', 'zeta_Dmod') (U=498, N_lam=16) from table_tree_cut1000_r4.npz
[etl-callable] loaded 6/6 nonzero channels ('zeta_TTT', 'zeta_TTP', 'zeta_TPP', 'zeta_PPP', 'zeta_Bmod', 'zeta_Dmod') (U=498, N_lam=16) from table_tree_cut1000_r4.npz
[etl-callable] loaded 6/6 nonzero channels ('zeta_TTT', 'zeta_TTP', 'zeta_TPP', 'zeta_PPP', 'zeta_Bmod', 'zeta_Dmod') (U=498, N_lam=16) from table_tree_cut1000_r4.npz
[etl-callable] loaded 6/6 nonzero channels ('zeta_TTT', 'zeta_TTP', 'zeta_TPP', 'zeta_PPP', 'zeta_Bmod', 'zeta_Dmod') (U=498, N_lam=16) from table_tree_cut1000_r4.npz
[etl-callable] loaded 6/6 nonzero channels ('zeta_TTT', 'zeta_TTP', 'zeta_TPP', 'zeta_PPP', 'zeta_Bmod', 'zeta_Dmod') (U=498, N_lam=16) from table_tree_cut1000_r4.npz
[etl-callable] loaded 6/6 nonzero channels ('zeta_TTT', 'zeta_TTP', 'zeta_TPP', 'zeta_PPP', 'zeta_Bmod', 'zeta_Dmod') (U=498, N_lam=16) from table_tree_cut1000_r4.npz
[etl-callable] loaded 6/6 nonzero channels ('zeta_TTT', 'zeta_TTP', 'zeta_TPP', 'zeta_PPP', 'zeta_Bmod', 'zeta_Dmod') (U=498, N_lam=16) from table_tree_cut1000_r4.npz
[etl-callable] loaded 6/6 nonzero channels ('zeta_TTT', 'zeta_TTP', 'zeta_TPP', 'zeta_PPP', 'zeta_Bmod', 'zeta_Dmod') (U=498, N_lam=16) from table_tree_cut1000_r4.npz
[etl-callable] loaded 6/6 nonzero channels ('zeta_TTT', 'zeta_TTP', 'zeta_TPP', 'zeta_PPP', 'zeta_Bmod', 'zeta_Dmod') (U=498, N_lam=16) from table_tree_cut1000_r4.npz
[etl-callable] loaded 6/6 nonzero channels ('zeta_TTT', 'zeta_TTP', 'zeta_TPP', 'zeta_PPP', 'zeta_Bmod', 'zeta_Dmod') (U=498, N_lam=16) from table_tree_cut1000_r4.npz
[etl-callable] loaded 6/6 nonzero channels ('zeta_TTT', 'zeta_TTP', 'zeta_TPP', 'zeta_PPP', 'zeta_Bmod', 'zeta_Dmod') (U=498, N_lam=16) from table_tree_cut1000_r4.npz
[etl-callable] loaded 6/6 nonzero channels ('zeta_TTT', 'zeta_TTP', 'zeta_TPP', 'zeta_PPP', 'zeta_Bmod', 'zeta_Dmod') (U=498, N_lam=16) from table_tree_cut1000_r4.npz
[etl-callable] loaded 6/6 nonzero channels ('zeta_TTT', 'zeta_TTP', 'zeta_TPP', 'zeta_PPP', 'zeta_Bmod', 'zeta_Dmod') (U=498, N_lam=16) from table_tree_cut1000_r4.npz
[etl-callable] loaded 6/6 nonzero channels ('zeta_TTT', 'zeta_TTP', 'zeta_TPP', 'zeta_PPP', 'zeta_Bmod', 'zeta_Dmod') (U=498, N_lam=16) from table_tree_cut1000_r4.npz
[etl-callable] loaded 6/6 nonzero channels ('zeta_TTT', 'zeta_TTP', 'zeta_TPP', 'zeta_PPP', 'zeta_Bmod', 'zeta_Dmod') (U=498, N_lam=16) from table_tree_cut1000_r4.npz
[etl-callable] loaded 6/6 nonzero channels ('zeta_TTT', 'zeta_TTP', 'zeta_TPP', 'zeta_PPP', 'zeta_Bmod', 'zeta_Dmod') (U=498, N_lam=16) from table_tree_cut1000_r4.npz
[etl-callable] loaded 6/6 nonzero channels ('zeta_TTT', 'zeta_TTP', 'zeta_TPP', 'zeta_PPP', 'zeta_Bmod', 'zeta_Dmod') (U=498, N_lam=16) from table_tree_cut1000_r4.npz
[etl-callable] loaded 6/6 nonzero channels ('zeta_TTT', 'zeta_TTP', 'zeta_TPP', 'zeta_PPP', 'zeta_Bmod', 'zeta_Dmod') (U=498, N_lam=16) from table_tree_cut1000_r4.npz
[etl-callable] loaded 6/6 nonzero channels ('zeta_TTT', 'zeta_TTP', 'zeta_TPP', 'zeta_PPP', 'zeta_Bmod', 'zeta_Dmod') (U=498, N_lam=16) from table_tree_cut1000_r4.npz
[etl-callable] loaded 6/6 nonzero channels ('zeta_TTT', 'zeta_TTP', 'zeta_TPP', 'zeta_PPP', 'zeta_Bmod', 'zeta_Dmod') (U=498, N_lam=16) from table_tree_cut1000_r4.npz
[etl-callable] loaded 6/6 nonzero channels ('zeta_TTT', 'zeta_TTP', 'zeta_TPP', 'zeta_PPP', 'zeta_Bmod', 'zeta_Dmod') (U=498, N_lam=16) from table_tree_cut1000_r4.npz
[etl-callable] loaded 6/6 nonzero channels ('zeta_TTT', 'zeta_TTP', 'zeta_TPP', 'zeta_PPP', 'zeta_Bmod', 'zeta_Dmod') (U=498, N_lam=16) from table_tree_cut1000_r4.npz
[etl-callable] loaded 6/6 nonzero channels ('zeta_TTT', 'zeta_TTP', 'zeta_TPP', 'zeta_PPP', 'zeta_Bmod', 'zeta_Dmod') (U=498, N_lam=16) from table_tree_cut1000_r4.npz
[etl-callable] loaded 6/6 nonzero channels ('zeta_TTT', 'zeta_TTP', 'zeta_TPP', 'zeta_PPP', 'zeta_Bmod', 'zeta_Dmod') (U=498, N_lam=16) from table_tree_cut1000_r4.npz
[etl-callable] loaded 6/6 nonzero channels ('zeta_TTT', 'zeta_TTP', 'zeta_TPP', 'zeta_PPP', 'zeta_Bmod', 'zeta_Dmod') (U=498, N_lam=16) from table_tree_cut1000_r4.npz
[etl-callable] loaded 6/6 nonzero channels ('zeta_TTT', 'zeta_TTP', 'zeta_TPP', 'zeta_PPP', 'zeta_Bmod', 'zeta_Dmod') (U=498, N_lam=16) from table_tree_cut1000_r4.npz
[etl-callable] loaded 6/6 nonzero channels ('zeta_TTT', 'zeta_TTP', 'zeta_TPP', 'zeta_PPP', 'zeta_Bmod', 'zeta_Dmod') (U=498, N_lam=16) from table_tree_cut1000_r4.npz
[etl-callable] loaded 6/6 nonzero channels ('zeta_TTT', 'zeta_TTP', 'zeta_TPP', 'zeta_PPP', 'zeta_Bmod', 'zeta_Dmod') (U=498, N_lam=16) from table_tree_cut1000_r4.npz
[etl-callable] loaded 6/6 nonzero channels ('zeta_TTT', 'zeta_TTP', 'zeta_TPP', 'zeta_PPP', 'zeta_Bmod', 'zeta_Dmod') (U=498, N_lam=16) from table_tree_cut1000_r4.npz
[etl-callable] loaded 6/6 nonzero channels ('zeta_TTT', 'zeta_TTP', 'zeta_TPP', 'zeta_PPP', 'zeta_Bmod', 'zeta_Dmod') (U=498, N_lam=16) from table_tree_cut1000_r4.npz
[etl-callable] loaded 6/6 nonzero channels ('zeta_TTT', 'zeta_TTP', 'zeta_TPP', 'zeta_PPP', 'zeta_Bmod', 'zeta_Dmod') (U=498, N_lam=16) from table_tree_cut1000_r4.npz
[etl-callable] loaded 6/6 nonzero channels ('zeta_TTT', 'zeta_TTP', 'zeta_TPP', 'zeta_PPP', 'zeta_Bmod', 'zeta_Dmod') (U=498, N_lam=16) from table_tree_cut1000_r4.npz
[etl-callable] loaded 6/6 nonzero channels ('zeta_TTT', 'zeta_TTP', 'zeta_TPP', 'zeta_PPP', 'zeta_Bmod', 'zeta_Dmod') (U=498, N_lam=16) from table_tree_cut1000_r4.npz
[etl-callable] loaded 6/6 nonzero channels ('zeta_TTT', 'zeta_TTP', 'zeta_TPP', 'zeta_PPP', 'zeta_Bmod', 'zeta_Dmod') (U=498, N_lam=16) from table_tree_cut1000_r4.npz
[etl-callable] loaded 6/6 nonzero channels ('zeta_TTT', 'zeta_TTP', 'zeta_TPP', 'zeta_PPP', 'zeta_Bmod', 'zeta_Dmod') (U=498, N_lam=16) from table_tree_cut1000_r4.npz
[etl-callable] loaded 6/6 nonzero channels ('zeta_TTT', 'zeta_TTP', 'zeta_TPP', 'zeta_PPP', 'zeta_Bmod', 'zeta_Dmod') (U=498, N_lam=16) from table_tree_cut1000_r4.npz
[etl-callable] loaded 6/6 nonzero channels ('zeta_TTT', 'zeta_TTP', 'zeta_TPP', 'zeta_PPP', 'zeta_Bmod', 'zeta_Dmod') (U=498, N_lam=16) from table_tree_cut1000_r4.npz
[etl-callable] loaded 6/6 nonzero channels ('zeta_TTT', 'zeta_TTP', 'zeta_TPP', 'zeta_PPP', 'zeta_Bmod', 'zeta_Dmod') (U=498, N_lam=16) from table_tree_cut1000_r4.npz
[etl-callable] loaded 6/6 nonzero channels ('zeta_TTT', 'zeta_TTP', 'zeta_TPP', 'zeta_PPP', 'zeta_Bmod', 'zeta_Dmod') (U=498, N_lam=16) from table_tree_cut1000_r4.npz
[etl-callable] loaded 6/6 nonzero channels ('zeta_TTT', 'zeta_TTP', 'zeta_TPP', 'zeta_PPP', 'zeta_Bmod', 'zeta_Dmod') (U=498, N_lam=16) from table_tree_cut1000_r4.npz
[etl-callable] loaded 6/6 nonzero channels ('zeta_TTT', 'zeta_TTP', 'zeta_TPP', 'zeta_PPP', 'zeta_Bmod', 'zeta_Dmod') (U=498, N_lam=16) from table_tree_cut1000_r4.npz
[etl-callable] loaded 6/6 nonzero channels ('zeta_TTT', 'zeta_TTP', 'zeta_TPP', 'zeta_PPP', 'zeta_Bmod', 'zeta_Dmod') (U=498, N_lam=16) from table_tree_cut1000_r4.npz
[etl-callable] loaded 6/6 nonzero channels ('zeta_TTT', 'zeta_TTP', 'zeta_TPP', 'zeta_PPP', 'zeta_Bmod', 'zeta_Dmod') (U=498, N_lam=16) from table_tree_cut1000_r4.npz
[etl-callable] loaded 6/6 nonzero channels ('zeta_TTT', 'zeta_TTP', 'zeta_TPP', 'zeta_PPP', 'zeta_Bmod', 'zeta_Dmod') (U=498, N_lam=16) from table_tree_cut1000_r4.npz
[etl-callable] loaded 6/6 nonzero channels ('zeta_TTT', 'zeta_TTP', 'zeta_TPP', 'zeta_PPP', 'zeta_Bmod', 'zeta_Dmod') (U=498, N_lam=16) from table_tree_cut1000_r4.npz
[etl-callable] loaded 6/6 nonzero channels ('zeta_TTT', 'zeta_TTP', 'zeta_TPP', 'zeta_PPP', 'zeta_Bmod', 'zeta_Dmod') (U=498, N_lam=16) from table_tree_cut1000_r4.npz
[etl-callable] loaded 6/6 nonzero channels ('zeta_TTT', 'zeta_TTP', 'zeta_TPP', 'zeta_PPP', 'zeta_Bmod', 'zeta_Dmod') (U=498, N_lam=16) from table_tree_cut1000_r4.npz
[etl-callable] loaded 6/6 nonzero channels ('zeta_TTT', 'zeta_TTP', 'zeta_TPP', 'zeta_PPP', 'zeta_Bmod', 'zeta_Dmod') (U=498, N_lam=16) from table_tree_cut1000_r4.npz
[etl-callable] loaded 6/6 nonzero channels ('zeta_TTT', 'zeta_TTP', 'zeta_TPP', 'zeta_PPP', 'zeta_Bmod', 'zeta_Dmod') (U=498, N_lam=16) from table_tree_cut1000_r4.npz
[etl-callable] loaded 6/6 nonzero channels ('zeta_TTT', 'zeta_TTP', 'zeta_TPP', 'zeta_PPP', 'zeta_Bmod', 'zeta_Dmod') (U=498, N_lam=16) from table_tree_cut1000_r4.npz
[etl-callable] loaded 6/6 nonzero channels ('zeta_TTT', 'zeta_TTP', 'zeta_TPP', 'zeta_PPP', 'zeta_Bmod', 'zeta_Dmod') (U=498, N_lam=16) from table_tree_cut1000_r4.npz
[etl-callable] loaded 6/6 nonzero channels ('zeta_TTT', 'zeta_TTP', 'zeta_TPP', 'zeta_PPP', 'zeta_Bmod', 'zeta_Dmod') (U=498, N_lam=16) from table_tree_cut1000_r4.npz
[etl-callable] loaded 6/6 nonzero channels ('zeta_TTT', 'zeta_TTP', 'zeta_TPP', 'zeta_PPP', 'zeta_Bmod', 'zeta_Dmod') (U=498, N_lam=16) from table_tree_cut1000_r4.npz
[etl-callable] loaded 6/6 nonzero channels ('zeta_TTT', 'zeta_TTP', 'zeta_TPP', 'zeta_PPP', 'zeta_Bmod', 'zeta_Dmod') (U=498, N_lam=16) from table_tree_cut1000_r4.npz
[etl-callable] loaded 6/6 nonzero channels ('zeta_TTT', 'zeta_TTP', 'zeta_TPP', 'zeta_PPP', 'zeta_Bmod', 'zeta_Dmod') (U=498, N_lam=16) from table_tree_cut1000_r4.npz
[etl-callable] loaded 6/6 nonzero channels ('zeta_TTT', 'zeta_TTP', 'zeta_TPP', 'zeta_PPP', 'zeta_Bmod', 'zeta_Dmod') (U=498, N_lam=16) from table_tree_cut1000_r4.npz
[etl-callable] loaded 6/6 nonzero channels ('zeta_TTT', 'zeta_TTP', 'zeta_TPP', 'zeta_PPP', 'zeta_Bmod', 'zeta_Dmod') (U=498, N_lam=16) from table_tree_cut1000_r4.npz
[etl-callable] loaded 6/6 nonzero channels ('zeta_TTT', 'zeta_TTP', 'zeta_TPP', 'zeta_PPP', 'zeta_Bmod', 'zeta_Dmod') (U=498, N_lam=16) from table_tree_cut1000_r4.npz
[etl-callable] loaded 6/6 nonzero channels ('zeta_TTT', 'zeta_TTP', 'zeta_TPP', 'zeta_PPP', 'zeta_Bmod', 'zeta_Dmod') (U=498, N_lam=16) from table_tree_cut1000_r4.npz
[etl-callable] loaded 6/6 nonzero channels ('zeta_TTT', 'zeta_TTP', 'zeta_TPP', 'zeta_PPP', 'zeta_Bmod', 'zeta_Dmod') (U=498, N_lam=16) from table_tree_cut1000_r4.npz
[etl-callable] loaded 6/6 nonzero channels ('zeta_TTT', 'zeta_TTP', 'zeta_TPP', 'zeta_PPP', 'zeta_Bmod', 'zeta_Dmod') (U=498, N_lam=16) from table_tree_cut1000_r4.npz
[etl-callable] loaded 6/6 nonzero channels ('zeta_TTT', 'zeta_TTP', 'zeta_TPP', 'zeta_PPP', 'zeta_Bmod', 'zeta_Dmod') (U=498, N_lam=16) from table_tree_cut1000_r4.npz
[etl-callable] loaded 6/6 nonzero channels ('zeta_TTT', 'zeta_TTP', 'zeta_TPP', 'zeta_PPP', 'zeta_Bmod', 'zeta_Dmod') (U=498, N_lam=16) from table_tree_cut1000_r4.npz
[etl-callable] loaded 6/6 nonzero channels ('zeta_TTT', 'zeta_TTP', 'zeta_TPP', 'zeta_PPP', 'zeta_Bmod', 'zeta_Dmod') (U=498, N_lam=16) from table_tree_cut1000_r4.npz
[etl-callable] loaded 6/6 nonzero channels ('zeta_TTT', 'zeta_TTP', 'zeta_TPP', 'zeta_PPP', 'zeta_Bmod', 'zeta_Dmod') (U=498, N_lam=16) from table_tree_cut1000_r4.npz
[etl-callable] loaded 6/6 nonzero channels ('zeta_TTT', 'zeta_TTP', 'zeta_TPP', 'zeta_PPP', 'zeta_Bmod', 'zeta_Dmod') (U=498, N_lam=16) from table_tree_cut1000_r4.npz
[etl-callable] loaded 6/6 nonzero channels ('zeta_TTT', 'zeta_TTP', 'zeta_TPP', 'zeta_PPP', 'zeta_Bmod', 'zeta_Dmod') (U=498, N_lam=16) from table_tree_cut1000_r4.npz
[etl-callable] loaded 6/6 nonzero channels ('zeta_TTT', 'zeta_TTP', 'zeta_TPP', 'zeta_PPP', 'zeta_Bmod', 'zeta_Dmod') (U=498, N_lam=16) from table_tree_cut1000_r4.npz
[etl-callable] loaded 6/6 nonzero channels ('zeta_TTT', 'zeta_TTP', 'zeta_TPP', 'zeta_PPP', 'zeta_Bmod', 'zeta_Dmod') (U=498, N_lam=16) from table_tree_cut1000_r4.npz
[etl-callable] loaded 6/6 nonzero channels ('zeta_TTT', 'zeta_TTP', 'zeta_TPP', 'zeta_PPP', 'zeta_Bmod', 'zeta_Dmod') (U=498, N_lam=16) from table_tree_cut1000_r4.npz
[etl-callable] loaded 6/6 nonzero channels ('zeta_TTT', 'zeta_TTP', 'zeta_TPP', 'zeta_PPP', 'zeta_Bmod', 'zeta_Dmod') (U=498, N_lam=16) from table_tree_cut1000_r4.npz
[etl-callable] loaded 6/6 nonzero channels ('zeta_TTT', 'zeta_TTP', 'zeta_TPP', 'zeta_PPP', 'zeta_Bmod', 'zeta_Dmod') (U=498, N_lam=16) from table_tree_cut1000_r4.npz
[etl-callable] loaded 6/6 nonzero channels ('zeta_TTT', 'zeta_TTP', 'zeta_TPP', 'zeta_PPP', 'zeta_Bmod', 'zeta_Dmod') (U=498, N_lam=16) from table_tree_cut1000_r4.npz
[etl-callable] loaded 6/6 nonzero channels ('zeta_TTT', 'zeta_TTP', 'zeta_TPP', 'zeta_PPP', 'zeta_Bmod', 'zeta_Dmod') (U=498, N_lam=16) from table_tree_cut1000_r4.npz
[etl-callable] loaded 6/6 nonzero channels ('zeta_TTT', 'zeta_TTP', 'zeta_TPP', 'zeta_PPP', 'zeta_Bmod', 'zeta_Dmod') (U=498, N_lam=16) from table_tree_cut1000_r4.npz
[etl-callable] loaded 6/6 nonzero channels ('zeta_TTT', 'zeta_TTP', 'zeta_TPP', 'zeta_PPP', 'zeta_Bmod', 'zeta_Dmod') (U=498, N_lam=16) from table_tree_cut1000_r4.npz
[etl-callable] loaded 6/6 nonzero channels ('zeta_TTT', 'zeta_TTP', 'zeta_TPP', 'zeta_PPP', 'zeta_Bmod', 'zeta_Dmod') (U=498, N_lam=16) from table_tree_cut1000_r4.npz
[etl-callable] loaded 6/6 nonzero channels ('zeta_TTT', 'zeta_TTP', 'zeta_TPP', 'zeta_PPP', 'zeta_Bmod', 'zeta_Dmod') (U=498, N_lam=16) from table_tree_cut1000_r4.npz
[etl-callable] loaded 6/6 nonzero channels ('zeta_TTT', 'zeta_TTP', 'zeta_TPP', 'zeta_PPP', 'zeta_Bmod', 'zeta_Dmod') (U=498, N_lam=16) from table_tree_cut1000_r4.npz
[etl-callable] loaded 6/6 nonzero channels ('zeta_TTT', 'zeta_TTP', 'zeta_TPP', 'zeta_PPP', 'zeta_Bmod', 'zeta_Dmod') (U=498, N_lam=16) from table_tree_cut1000_r4.npz
[etl-callable] loaded 6/6 nonzero channels ('zeta_TTT', 'zeta_TTP', 'zeta_TPP', 'zeta_PPP', 'zeta_Bmod', 'zeta_Dmod') (U=498, N_lam=16) from table_tree_cut1000_r4.npz
[etl-callable] loaded 6/6 nonzero channels ('zeta_TTT', 'zeta_TTP', 'zeta_TPP', 'zeta_PPP', 'zeta_Bmod', 'zeta_Dmod') (U=498, N_lam=16) from table_tree_cut1000_r4.npz
[etl-callable] loaded 6/6 nonzero channels ('zeta_TTT', 'zeta_TTP', 'zeta_TPP', 'zeta_PPP', 'zeta_Bmod', 'zeta_Dmod') (U=498, N_lam=16) from table_tree_cut1000_r4.npz
[etl-callable] loaded 6/6 nonzero channels ('zeta_TTT', 'zeta_TTP', 'zeta_TPP', 'zeta_PPP', 'zeta_Bmod', 'zeta_Dmod') (U=498, N_lam=16) from table_tree_cut1000_r4.npz
[etl-callable] loaded 6/6 nonzero channels ('zeta_TTT', 'zeta_TTP', 'zeta_TPP', 'zeta_PPP', 'zeta_Bmod', 'zeta_Dmod') (U=498, N_lam=16) from table_tree_cut1000_r4.npz
[etl-callable] loaded 6/6 nonzero channels ('zeta_TTT', 'zeta_TTP', 'zeta_TPP', 'zeta_PPP', 'zeta_Bmod', 'zeta_Dmod') (U=498, N_lam=16) from table_tree_cut1000_r4.npz
[etl-callable] loaded 6/6 nonzero channels ('zeta_TTT', 'zeta_TTP', 'zeta_TPP', 'zeta_PPP', 'zeta_Bmod', 'zeta_Dmod') (U=498, N_lam=16) from table_tree_cut1000_r4.npz
[etl-callable] loaded 6/6 nonzero channels ('zeta_TTT', 'zeta_TTP', 'zeta_TPP', 'zeta_PPP', 'zeta_Bmod', 'zeta_Dmod') (U=498, N_lam=16) from table_tree_cut1000_r4.npz
[etl-callable] loaded 6/6 nonzero channels ('zeta_TTT', 'zeta_TTP', 'zeta_TPP', 'zeta_PPP', 'zeta_Bmod', 'zeta_Dmod') (U=498, N_lam=16) from table_tree_cut1000_r4.npz
[etl-callable] loaded 6/6 nonzero channels ('zeta_TTT', 'zeta_TTP', 'zeta_TPP', 'zeta_PPP', 'zeta_Bmod', 'zeta_Dmod') (U=498, N_lam=16) from table_tree_cut1000_r4.npz
[etl-callable] loaded 6/6 nonzero channels ('zeta_TTT', 'zeta_TTP', 'zeta_TPP', 'zeta_PPP', 'zeta_Bmod', 'zeta_Dmod') (U=498, N_lam=16) from table_tree_cut1000_r4.npz
[etl-callable] loaded 6/6 nonzero channels ('zeta_TTT', 'zeta_TTP', 'zeta_TPP', 'zeta_PPP', 'zeta_Bmod', 'zeta_Dmod') (U=498, N_lam=16) from table_tree_cut1000_r4.npz
[etl-callable] loaded 6/6 nonzero channels ('zeta_TTT', 'zeta_TTP', 'zeta_TPP', 'zeta_PPP', 'zeta_Bmod', 'zeta_Dmod') (U=498, N_lam=16) from table_tree_cut1000_r4.npz
[etl-callable] loaded 6/6 nonzero channels ('zeta_TTT', 'zeta_TTP', 'zeta_TPP', 'zeta_PPP', 'zeta_Bmod', 'zeta_Dmod') (U=498, N_lam=16) from table_tree_cut1000_r4.npz
[etl-callable] loaded 6/6 nonzero channels ('zeta_TTT', 'zeta_TTP', 'zeta_TPP', 'zeta_PPP', 'zeta_Bmod', 'zeta_Dmod') (U=498, N_lam=16) from table_tree_cut1000_r4.npz
[etl-callable] loaded 6/6 nonzero channels ('zeta_TTT', 'zeta_TTP', 'zeta_TPP', 'zeta_PPP', 'zeta_Bmod', 'zeta_Dmod') (U=498, N_lam=16) from table_tree_cut1000_r4.npz
[etl-callable] loaded 6/6 nonzero channels ('zeta_TTT', 'zeta_TTP', 'zeta_TPP', 'zeta_PPP', 'zeta_Bmod', 'zeta_Dmod') (U=498, N_lam=16) from table_tree_cut1000_r4.npz
[etl-callable] loaded 6/6 nonzero channels ('zeta_TTT', 'zeta_TTP', 'zeta_TPP', 'zeta_PPP', 'zeta_Bmod', 'zeta_Dmod') (U=498, N_lam=16) from table_tree_cut1000_r4.npz
[etl-callable] loaded 6/6 nonzero channels ('zeta_TTT', 'zeta_TTP', 'zeta_TPP', 'zeta_PPP', 'zeta_Bmod', 'zeta_Dmod') (U=498, N_lam=16) from table_tree_cut1000_r4.npz
[etl-callable] loaded 6/6 nonzero channels ('zeta_TTT', 'zeta_TTP', 'zeta_TPP', 'zeta_PPP', 'zeta_Bmod', 'zeta_Dmod') (U=498, N_lam=16) from table_tree_cut1000_r4.npz
[etl-callable] loaded 6/6 nonzero channels ('zeta_TTT', 'zeta_TTP', 'zeta_TPP', 'zeta_PPP', 'zeta_Bmod', 'zeta_Dmod') (U=498, N_lam=16) from table_tree_cut1000_r4.npz
[etl-callable] loaded 6/6 nonzero channels ('zeta_TTT', 'zeta_TTP', 'zeta_TPP', 'zeta_PPP', 'zeta_Bmod', 'zeta_Dmod') (U=498, N_lam=16) from table_tree_cut1000_r4.npz
[etl-callable] loaded 6/6 nonzero channels ('zeta_TTT', 'zeta_TTP', 'zeta_TPP', 'zeta_PPP', 'zeta_Bmod', 'zeta_Dmod') (U=498, N_lam=16) from table_tree_cut1000_r4.npz
[etl-callable] loaded 6/6 nonzero channels ('zeta_TTT', 'zeta_TTP', 'zeta_TPP', 'zeta_PPP', 'zeta_Bmod', 'zeta_Dmod') (U=498, N_lam=16) from table_tree_cut1000_r4.npz
[etl-callable] loaded 6/6 nonzero channels ('zeta_TTT', 'zeta_TTP', 'zeta_TPP', 'zeta_PPP', 'zeta_Bmod', 'zeta_Dmod') (U=498, N_lam=16) from table_tree_cut1000_r4.npz
[etl-callable] loaded 6/6 nonzero channels ('zeta_TTT', 'zeta_TTP', 'zeta_TPP', 'zeta_PPP', 'zeta_Bmod', 'zeta_Dmod') (U=498, N_lam=16) from table_tree_cut1000_r4.npz
[etl-callable] loaded 6/6 nonzero channels ('zeta_TTT', 'zeta_TTP', 'zeta_TPP', 'zeta_PPP', 'zeta_Bmod', 'zeta_Dmod') (U=498, N_lam=16) from table_tree_cut1000_r4.npz
[etl-callable] loaded 6/6 nonzero channels ('zeta_TTT', 'zeta_TTP', 'zeta_TPP', 'zeta_PPP', 'zeta_Bmod', 'zeta_Dmod') (U=498, N_lam=16) from table_tree_cut1000_r4.npz
[etl-callable] loaded 6/6 nonzero channels ('zeta_TTT', 'zeta_TTP', 'zeta_TPP', 'zeta_PPP', 'zeta_Bmod', 'zeta_Dmod') (U=498, N_lam=16) from table_tree_cut1000_r4.npz
[etl-callable] loaded 6/6 nonzero channels ('zeta_TTT', 'zeta_TTP', 'zeta_TPP', 'zeta_PPP', 'zeta_Bmod', 'zeta_Dmod') (U=498, N_lam=16) from table_tree_cut1000_r4.npz
[etl-callable] loaded 6/6 nonzero channels ('zeta_TTT', 'zeta_TTP', 'zeta_TPP', 'zeta_PPP', 'zeta_Bmod', 'zeta_Dmod') (U=498, N_lam=16) from table_tree_cut1000_r4.npz
[etl-callable] loaded 6/6 nonzero channels ('zeta_TTT', 'zeta_TTP', 'zeta_TPP', 'zeta_PPP', 'zeta_Bmod', 'zeta_Dmod') (U=498, N_lam=16) from table_tree_cut1000_r4.npz
[etl-callable] loaded 6/6 nonzero channels ('zeta_TTT', 'zeta_TTP', 'zeta_TPP', 'zeta_PPP', 'zeta_Bmod', 'zeta_Dmod') (U=498, N_lam=16) from table_tree_cut1000_r4.npz
[etl-callable] loaded 6/6 nonzero channels ('zeta_TTT', 'zeta_TTP', 'zeta_TPP', 'zeta_PPP', 'zeta_Bmod', 'zeta_Dmod') (U=498, N_lam=16) from table_tree_cut1000_r4.npz
[etl-callable] loaded 6/6 nonzero channels ('zeta_TTT', 'zeta_TTP', 'zeta_TPP', 'zeta_PPP', 'zeta_Bmod', 'zeta_Dmod') (U=498, N_lam=16) from table_tree_cut1000_r4.npz
[etl-callable] loaded 6/6 nonzero channels ('zeta_TTT', 'zeta_TTP', 'zeta_TPP', 'zeta_PPP', 'zeta_Bmod', 'zeta_Dmod') (U=498, N_lam=16) from table_tree_cut1000_r4.npz
[etl-callable] loaded 6/6 nonzero channels ('zeta_TTT', 'zeta_TTP', 'zeta_TPP', 'zeta_PPP', 'zeta_Bmod', 'zeta_Dmod') (U=498, N_lam=16) from table_tree_cut1000_r4.npz
[etl-callable] loaded 6/6 nonzero channels ('zeta_TTT', 'zeta_TTP', 'zeta_TPP', 'zeta_PPP', 'zeta_Bmod', 'zeta_Dmod') (U=498, N_lam=16) from table_tree_cut1000_r4.npz
[etl-callable] loaded 6/6 nonzero channels ('zeta_TTT', 'zeta_TTP', 'zeta_TPP', 'zeta_PPP', 'zeta_Bmod', 'zeta_Dmod') (U=498, N_lam=16) from table_tree_cut1000_r4.npz
[etl-callable] loaded 6/6 nonzero channels ('zeta_TTT', 'zeta_TTP', 'zeta_TPP', 'zeta_PPP', 'zeta_Bmod', 'zeta_Dmod') (U=498, N_lam=16) from table_tree_cut1000_r4.npz
[etl-callable] loaded 6/6 nonzero channels ('zeta_TTT', 'zeta_TTP', 'zeta_TPP', 'zeta_PPP', 'zeta_Bmod', 'zeta_Dmod') (U=498, N_lam=16) from table_tree_cut1000_r4.npz
[etl-callable] loaded 6/6 nonzero channels ('zeta_TTT', 'zeta_TTP', 'zeta_TPP', 'zeta_PPP', 'zeta_Bmod', 'zeta_Dmod') (U=498, N_lam=16) from table_tree_cut1000_r4.npz
[etl-callable] loaded 6/6 nonzero channels ('zeta_TTT', 'zeta_TTP', 'zeta_TPP', 'zeta_PPP', 'zeta_Bmod', 'zeta_Dmod') (U=498, N_lam=16) from table_tree_cut1000_r4.npz
[etl-callable] loaded 6/6 nonzero channels ('zeta_TTT', 'zeta_TTP', 'zeta_TPP', 'zeta_PPP', 'zeta_Bmod', 'zeta_Dmod') (U=498, N_lam=16) from table_tree_cut1000_r4.npz
[etl-callable] loaded 6/6 nonzero channels ('zeta_TTT', 'zeta_TTP', 'zeta_TPP', 'zeta_PPP', 'zeta_Bmod', 'zeta_Dmod') (U=498, N_lam=16) from table_tree_cut1000_r4.npz
[etl-callable] loaded 6/6 nonzero channels ('zeta_TTT', 'zeta_TTP', 'zeta_TPP', 'zeta_PPP', 'zeta_Bmod', 'zeta_Dmod') (U=498, N_lam=16) from table_tree_cut1000_r4.npz
[etl-callable] loaded 6/6 nonzero channels ('zeta_TTT', 'zeta_TTP', 'zeta_TPP', 'zeta_PPP', 'zeta_Bmod', 'zeta_Dmod') (U=498, N_lam=16) from table_tree_cut1000_r4.npz
[etl-callable] loaded 6/6 nonzero channels ('zeta_TTT', 'zeta_TTP', 'zeta_TPP', 'zeta_PPP', 'zeta_Bmod', 'zeta_Dmod') (U=498, N_lam=16) from table_tree_cut1000_r4.npz
[etl-callable] loaded 6/6 nonzero channels ('zeta_TTT', 'zeta_TTP', 'zeta_TPP', 'zeta_PPP', 'zeta_Bmod', 'zeta_Dmod') (U=498, N_lam=16) from table_tree_cut1000_r4.npz
[etl-callable] loaded 6/6 nonzero channels ('zeta_TTT', 'zeta_TTP', 'zeta_TPP', 'zeta_PPP', 'zeta_Bmod', 'zeta_Dmod') (U=498, N_lam=16) from table_tree_cut1000_r4.npz
[etl-callable] loaded 6/6 nonzero channels ('zeta_TTT', 'zeta_TTP', 'zeta_TPP', 'zeta_PPP', 'zeta_Bmod', 'zeta_Dmod') (U=498, N_lam=16) from table_tree_cut1000_r4.npz
[etl-callable] loaded 6/6 nonzero channels ('zeta_TTT', 'zeta_TTP', 'zeta_TPP', 'zeta_PPP', 'zeta_Bmod', 'zeta_Dmod') (U=498, N_lam=16) from table_tree_cut1000_r4.npz
[etl-callable] loaded 6/6 nonzero channels ('zeta_TTT', 'zeta_TTP', 'zeta_TPP', 'zeta_PPP', 'zeta_Bmod', 'zeta_Dmod') (U=498, N_lam=16) from table_tree_cut1000_r4.npz
[etl-callable] loaded 6/6 nonzero channels ('zeta_TTT', 'zeta_TTP', 'zeta_TPP', 'zeta_PPP', 'zeta_Bmod', 'zeta_Dmod') (U=498, N_lam=16) from table_tree_cut1000_r4.npz
[etl-callable] loaded 6/6 nonzero channels ('zeta_TTT', 'zeta_TTP', 'zeta_TPP', 'zeta_PPP', 'zeta_Bmod', 'zeta_Dmod') (U=498, N_lam=16) from table_tree_cut1000_r4.npz
[etl-callable] loaded 6/6 nonzero channels ('zeta_TTT', 'zeta_TTP', 'zeta_TPP', 'zeta_PPP', 'zeta_Bmod', 'zeta_Dmod') (U=498, N_lam=16) from table_tree_cut1000_r4.npz
[etl-callable] loaded 6/6 nonzero channels ('zeta_TTT', 'zeta_TTP', 'zeta_TPP', 'zeta_PPP', 'zeta_Bmod', 'zeta_Dmod') (U=498, N_lam=16) from table_tree_cut1000_r4.npz
[etl-callable] loaded 6/6 nonzero channels ('zeta_TTT', 'zeta_TTP', 'zeta_TPP', 'zeta_PPP', 'zeta_Bmod', 'zeta_Dmod') (U=498, N_lam=16) from table_tree_cut1000_r4.npz
[etl-callable] loaded 6/6 nonzero channels ('zeta_TTT', 'zeta_TTP', 'zeta_TPP', 'zeta_PPP', 'zeta_Bmod', 'zeta_Dmod') (U=498, N_lam=16) from table_tree_cut1000_r4.npz
[etl-callable] loaded 6/6 nonzero channels ('zeta_TTT', 'zeta_TTP', 'zeta_TPP', 'zeta_PPP', 'zeta_Bmod', 'zeta_Dmod') (U=498, N_lam=16) from table_tree_cut1000_r4.npz
[etl-callable] loaded 6/6 nonzero channels ('zeta_TTT', 'zeta_TTP', 'zeta_TPP', 'zeta_PPP', 'zeta_Bmod', 'zeta_Dmod') (U=498, N_lam=16) from table_tree_cut1000_r4.npz
[etl-callable] loaded 6/6 nonzero channels ('zeta_TTT', 'zeta_TTP', 'zeta_TPP', 'zeta_PPP', 'zeta_Bmod', 'zeta_Dmod') (U=498, N_lam=16) from table_tree_cut1000_r4.npz
[etl-callable] loaded 6/6 nonzero channels ('zeta_TTT', 'zeta_TTP', 'zeta_TPP', 'zeta_PPP', 'zeta_Bmod', 'zeta_Dmod') (U=498, N_lam=16) from table_tree_cut1000_r4.npz
[etl-callable] loaded 6/6 nonzero channels ('zeta_TTT', 'zeta_TTP', 'zeta_TPP', 'zeta_PPP', 'zeta_Bmod', 'zeta_Dmod') (U=498, N_lam=16) from table_tree_cut1000_r4.npz
[etl-callable] loaded 6/6 nonzero channels ('zeta_TTT', 'zeta_TTP', 'zeta_TPP', 'zeta_PPP', 'zeta_Bmod', 'zeta_Dmod') (U=498, N_lam=16) from table_tree_cut1000_r4.npz
[etl-callable] loaded 6/6 nonzero channels ('zeta_TTT', 'zeta_TTP', 'zeta_TPP', 'zeta_PPP', 'zeta_Bmod', 'zeta_Dmod') (U=498, N_lam=16) from table_tree_cut1000_r4.npz
[etl-callable] loaded 6/6 nonzero channels ('zeta_TTT', 'zeta_TTP', 'zeta_TPP', 'zeta_PPP', 'zeta_Bmod', 'zeta_Dmod') (U=498, N_lam=16) from table_tree_cut1000_r4.npz
[etl-callable] loaded 6/6 nonzero channels ('zeta_TTT', 'zeta_TTP', 'zeta_TPP', 'zeta_PPP', 'zeta_Bmod', 'zeta_Dmod') (U=498, N_lam=16) from table_tree_cut1000_r4.npz
[etl-callable] loaded 6/6 nonzero channels ('zeta_TTT', 'zeta_TTP', 'zeta_TPP', 'zeta_PPP', 'zeta_Bmod', 'zeta_Dmod') (U=498, N_lam=16) from table_tree_cut1000_r4.npz
[etl-callable] loaded 6/6 nonzero channels ('zeta_TTT', 'zeta_TTP', 'zeta_TPP', 'zeta_PPP', 'zeta_Bmod', 'zeta_Dmod') (U=498, N_lam=16) from table_tree_cut1000_r4.npz
[etl-callable] loaded 6/6 nonzero channels ('zeta_TTT', 'zeta_TTP', 'zeta_TPP', 'zeta_PPP', 'zeta_Bmod', 'zeta_Dmod') (U=498, N_lam=16) from table_tree_cut1000_r4.npz
[etl-callable] loaded 6/6 nonzero channels ('zeta_TTT', 'zeta_TTP', 'zeta_TPP', 'zeta_PPP', 'zeta_Bmod', 'zeta_Dmod') (U=498, N_lam=16) from table_tree_cut1000_r4.npz
[etl-callable] loaded 6/6 nonzero channels ('zeta_TTT', 'zeta_TTP', 'zeta_TPP', 'zeta_PPP', 'zeta_Bmod', 'zeta_Dmod') (U=498, N_lam=16) from table_tree_cut1000_r4.npz
[etl-callable] loaded 6/6 nonzero channels ('zeta_TTT', 'zeta_TTP', 'zeta_TPP', 'zeta_PPP', 'zeta_Bmod', 'zeta_Dmod') (U=498, N_lam=16) from table_tree_cut1000_r4.npz
[etl-callable] loaded 6/6 nonzero channels ('zeta_TTT', 'zeta_TTP', 'zeta_TPP', 'zeta_PPP', 'zeta_Bmod', 'zeta_Dmod') (U=498, N_lam=16) from table_tree_cut1000_r4.npz
[etl-callable] loaded 6/6 nonzero channels ('zeta_TTT', 'zeta_TTP', 'zeta_TPP', 'zeta_PPP', 'zeta_Bmod', 'zeta_Dmod') (U=498, N_lam=16) from table_tree_cut1000_r4.npz
[etl-callable] loaded 6/6 nonzero channels ('zeta_TTT', 'zeta_TTP', 'zeta_TPP', 'zeta_PPP', 'zeta_Bmod', 'zeta_Dmod') (U=498, N_lam=16) from table_tree_cut1000_r4.npz
[etl-callable] loaded 6/6 nonzero channels ('zeta_TTT', 'zeta_TTP', 'zeta_TPP', 'zeta_PPP', 'zeta_Bmod', 'zeta_Dmod') (U=498, N_lam=16) from table_tree_cut1000_r4.npz
[etl-callable] loaded 6/6 nonzero channels ('zeta_TTT', 'zeta_TTP', 'zeta_TPP', 'zeta_PPP', 'zeta_Bmod', 'zeta_Dmod') (U=498, N_lam=16) from table_tree_cut1000_r4.npz
[etl-callable] loaded 6/6 nonzero channels ('zeta_TTT', 'zeta_TTP', 'zeta_TPP', 'zeta_PPP', 'zeta_Bmod', 'zeta_Dmod') (U=498, N_lam=16) from table_tree_cut1000_r4.npz
[etl-callable] loaded 6/6 nonzero channels ('zeta_TTT', 'zeta_TTP', 'zeta_TPP', 'zeta_PPP', 'zeta_Bmod', 'zeta_Dmod') (U=498, N_lam=16) from table_tree_cut1000_r4.npz
[etl-callable] loaded 6/6 nonzero channels ('zeta_TTT', 'zeta_TTP', 'zeta_TPP', 'zeta_PPP', 'zeta_Bmod', 'zeta_Dmod') (U=498, N_lam=16) from table_tree_cut1000_r4.npz
[etl-callable] loaded 6/6 nonzero channels ('zeta_TTT', 'zeta_TTP', 'zeta_TPP', 'zeta_PPP', 'zeta_Bmod', 'zeta_Dmod') (U=498, N_lam=16) from table_tree_cut1000_r4.npz
[etl-callable] loaded 6/6 nonzero channels ('zeta_TTT', 'zeta_TTP', 'zeta_TPP', 'zeta_PPP', 'zeta_Bmod', 'zeta_Dmod') (U=498, N_lam=16) from table_tree_cut1000_r4.npz
[etl-callable] loaded 6/6 nonzero channels ('zeta_TTT', 'zeta_TTP', 'zeta_TPP', 'zeta_PPP', 'zeta_Bmod', 'zeta_Dmod') (U=498, N_lam=16) from table_tree_cut1000_r4.npz
[etl-callable] loaded 6/6 nonzero channels ('zeta_TTT', 'zeta_TTP', 'zeta_TPP', 'zeta_PPP', 'zeta_Bmod', 'zeta_Dmod') (U=498, N_lam=16) from table_tree_cut1000_r4.npz
[etl-callable] loaded 6/6 nonzero channels ('zeta_TTT', 'zeta_TTP', 'zeta_TPP', 'zeta_PPP', 'zeta_Bmod', 'zeta_Dmod') (U=498, N_lam=16) from table_tree_cut1000_r4.npz
[etl-callable] loaded 6/6 nonzero channels ('zeta_TTT', 'zeta_TTP', 'zeta_TPP', 'zeta_PPP', 'zeta_Bmod', 'zeta_Dmod') (U=498, N_lam=16) from table_tree_cut1000_r4.npz
[etl-callable] loaded 6/6 nonzero channels ('zeta_TTT', 'zeta_TTP', 'zeta_TPP', 'zeta_PPP', 'zeta_Bmod', 'zeta_Dmod') (U=498, N_lam=16) from table_tree_cut1000_r4.npz
[etl-callable] loaded 6/6 nonzero channels ('zeta_TTT', 'zeta_TTP', 'zeta_TPP', 'zeta_PPP', 'zeta_Bmod', 'zeta_Dmod') (U=498, N_lam=16) from table_tree_cut1000_r4.npz
[etl-callable] loaded 6/6 nonzero channels ('zeta_TTT', 'zeta_TTP', 'zeta_TPP', 'zeta_PPP', 'zeta_Bmod', 'zeta_Dmod') (U=498, N_lam=16) from table_tree_cut1000_r4.npz
[etl-callable] loaded 6/6 nonzero channels ('zeta_TTT', 'zeta_TTP', 'zeta_TPP', 'zeta_PPP', 'zeta_Bmod', 'zeta_Dmod') (U=498, N_lam=16) from table_tree_cut1000_r4.npz
[etl-callable] loaded 6/6 nonzero channels ('zeta_TTT', 'zeta_TTP', 'zeta_TPP', 'zeta_PPP', 'zeta_Bmod', 'zeta_Dmod') (U=498, N_lam=16) from table_tree_cut1000_r4.npz
[etl-callable] loaded 6/6 nonzero channels ('zeta_TTT', 'zeta_TTP', 'zeta_TPP', 'zeta_PPP', 'zeta_Bmod', 'zeta_Dmod') (U=498, N_lam=16) from table_tree_cut1000_r4.npz
[etl-callable] loaded 6/6 nonzero channels ('zeta_TTT', 'zeta_TTP', 'zeta_TPP', 'zeta_PPP', 'zeta_Bmod', 'zeta_Dmod') (U=498, N_lam=16) from table_tree_cut1000_r4.npz
[etl-callable] loaded 6/6 nonzero channels ('zeta_TTT', 'zeta_TTP', 'zeta_TPP', 'zeta_PPP', 'zeta_Bmod', 'zeta_Dmod') (U=498, N_lam=16) from table_tree_cut1000_r4.npz
[etl-callable] loaded 6/6 nonzero channels ('zeta_TTT', 'zeta_TTP', 'zeta_TPP', 'zeta_PPP', 'zeta_Bmod', 'zeta_Dmod') (U=498, N_lam=16) from table_tree_cut1000_r4.npz
[etl-callable] loaded 6/6 nonzero channels ('zeta_TTT', 'zeta_TTP', 'zeta_TPP', 'zeta_PPP', 'zeta_Bmod', 'zeta_Dmod') (U=498, N_lam=16) from table_tree_cut1000_r4.npz
[etl-callable] loaded 6/6 nonzero channels ('zeta_TTT', 'zeta_TTP', 'zeta_TPP', 'zeta_PPP', 'zeta_Bmod', 'zeta_Dmod') (U=498, N_lam=16) from table_tree_cut1000_r4.npz
[etl-callable] loaded 6/6 nonzero channels ('zeta_TTT', 'zeta_TTP', 'zeta_TPP', 'zeta_PPP', 'zeta_Bmod', 'zeta_Dmod') (U=498, N_lam=16) from table_tree_cut1000_r4.npz
[etl-callable] loaded 6/6 nonzero channels ('zeta_TTT', 'zeta_TTP', 'zeta_TPP', 'zeta_PPP', 'zeta_Bmod', 'zeta_Dmod') (U=498, N_lam=16) from table_tree_cut1000_r4.npz
[etl-callable] loaded 6/6 nonzero channels ('zeta_TTT', 'zeta_TTP', 'zeta_TPP', 'zeta_PPP', 'zeta_Bmod', 'zeta_Dmod') (U=498, N_lam=16) from table_tree_cut1000_r4.npz
[etl-callable] loaded 6/6 nonzero channels ('zeta_TTT', 'zeta_TTP', 'zeta_TPP', 'zeta_PPP', 'zeta_Bmod', 'zeta_Dmod') (U=498, N_lam=16) from table_tree_cut1000_r4.npz
[etl-callable] loaded 6/6 nonzero channels ('zeta_TTT', 'zeta_TTP', 'zeta_TPP', 'zeta_PPP', 'zeta_Bmod', 'zeta_Dmod') (U=498, N_lam=16) from table_tree_cut1000_r4.npz
[etl-callable] loaded 6/6 nonzero channels ('zeta_TTT', 'zeta_TTP', 'zeta_TPP', 'zeta_PPP', 'zeta_Bmod', 'zeta_Dmod') (U=498, N_lam=16) from table_tree_cut1000_r4.npz
[etl-callable] loaded 6/6 nonzero channels ('zeta_TTT', 'zeta_TTP', 'zeta_TPP', 'zeta_PPP', 'zeta_Bmod', 'zeta_Dmod') (U=498, N_lam=16) from table_tree_cut1000_r4.npz
[etl-callable] loaded 6/6 nonzero channels ('zeta_TTT', 'zeta_TTP', 'zeta_TPP', 'zeta_PPP', 'zeta_Bmod', 'zeta_Dmod') (U=498, N_lam=16) from table_tree_cut1000_r4.npz
[etl-callable] loaded 6/6 nonzero channels ('zeta_TTT', 'zeta_TTP', 'zeta_TPP', 'zeta_PPP', 'zeta_Bmod', 'zeta_Dmod') (U=498, N_lam=16) from table_tree_cut1000_r4.npz
[etl-callable] loaded 6/6 nonzero channels ('zeta_TTT', 'zeta_TTP', 'zeta_TPP', 'zeta_PPP', 'zeta_Bmod', 'zeta_Dmod') (U=498, N_lam=16) from table_tree_cut1000_r4.npz
[etl-callable] loaded 6/6 nonzero channels ('zeta_TTT', 'zeta_TTP', 'zeta_TPP', 'zeta_PPP', 'zeta_Bmod', 'zeta_Dmod') (U=498, N_lam=16) from table_tree_cut1000_r4.npz
[etl-callable] loaded 6/6 nonzero channels ('zeta_TTT', 'zeta_TTP', 'zeta_TPP', 'zeta_PPP', 'zeta_Bmod', 'zeta_Dmod') (U=498, N_lam=16) from table_tree_cut1000_r4.npz
[etl-callable] loaded 6/6 nonzero channels ('zeta_TTT', 'zeta_TTP', 'zeta_TPP', 'zeta_PPP', 'zeta_Bmod', 'zeta_Dmod') (U=498, N_lam=16) from table_tree_cut1000_r4.npz
[etl-callable] loaded 6/6 nonzero channels ('zeta_TTT', 'zeta_TTP', 'zeta_TPP', 'zeta_PPP', 'zeta_Bmod', 'zeta_Dmod') (U=498, N_lam=16) from table_tree_cut1000_r4.npz
[etl-callable] loaded 6/6 nonzero channels ('zeta_TTT', 'zeta_TTP', 'zeta_TPP', 'zeta_PPP', 'zeta_Bmod', 'zeta_Dmod') (U=498, N_lam=16) from table_tree_cut1000_r4.npz
[etl-callable] loaded 6/6 nonzero channels ('zeta_TTT', 'zeta_TTP', 'zeta_TPP', 'zeta_PPP', 'zeta_Bmod', 'zeta_Dmod') (U=498, N_lam=16) from table_tree_cut1000_r4.npz
[etl-callable] loaded 6/6 nonzero channels ('zeta_TTT', 'zeta_TTP', 'zeta_TPP', 'zeta_PPP', 'zeta_Bmod', 'zeta_Dmod') (U=498, N_lam=16) from table_tree_cut1000_r4.npz
[etl-callable] loaded 6/6 nonzero channels ('zeta_TTT', 'zeta_TTP', 'zeta_TPP', 'zeta_PPP', 'zeta_Bmod', 'zeta_Dmod') (U=498, N_lam=16) from table_tree_cut1000_r4.npz
[etl-callable] loaded 6/6 nonzero channels ('zeta_TTT', 'zeta_TTP', 'zeta_TPP', 'zeta_PPP', 'zeta_Bmod', 'zeta_Dmod') (U=498, N_lam=16) from table_tree_cut1000_r4.npz
[etl-callable] loaded 6/6 nonzero channels ('zeta_TTT', 'zeta_TTP', 'zeta_TPP', 'zeta_PPP', 'zeta_Bmod', 'zeta_Dmod') (U=498, N_lam=16) from table_tree_cut1000_r4.npz
[etl-callable] loaded 6/6 nonzero channels ('zeta_TTT', 'zeta_TTP', 'zeta_TPP', 'zeta_PPP', 'zeta_Bmod', 'zeta_Dmod') (U=498, N_lam=16) from table_tree_cut1000_r4.npz
[etl-callable] loaded 6/6 nonzero channels ('zeta_TTT', 'zeta_TTP', 'zeta_TPP', 'zeta_PPP', 'zeta_Bmod', 'zeta_Dmod') (U=498, N_lam=16) from table_tree_cut1000_r4.npz
[etl-callable] loaded 6/6 nonzero channels ('zeta_TTT', 'zeta_TTP', 'zeta_TPP', 'zeta_PPP', 'zeta_Bmod', 'zeta_Dmod') (U=498, N_lam=16) from table_tree_cut1000_r4.npz
[etl-callable] loaded 6/6 nonzero channels ('zeta_TTT', 'zeta_TTP', 'zeta_TPP', 'zeta_PPP', 'zeta_Bmod', 'zeta_Dmod') (U=498, N_lam=16) from table_tree_cut1000_r4.npz
[etl-callable] loaded 6/6 nonzero channels ('zeta_TTT', 'zeta_TTP', 'zeta_TPP', 'zeta_PPP', 'zeta_Bmod', 'zeta_Dmod') (U=498, N_lam=16) from table_tree_cut1000_r4.npz
[etl-callable] loaded 6/6 nonzero channels ('zeta_TTT', 'zeta_TTP', 'zeta_TPP', 'zeta_PPP', 'zeta_Bmod', 'zeta_Dmod') (U=498, N_lam=16) from table_tree_cut1000_r4.npz
[etl-callable] loaded 6/6 nonzero channels ('zeta_TTT', 'zeta_TTP', 'zeta_TPP', 'zeta_PPP', 'zeta_Bmod', 'zeta_Dmod') (U=498, N_lam=16) from table_tree_cut1000_r4.npz
[etl-callable] loaded 6/6 nonzero channels ('zeta_TTT', 'zeta_TTP', 'zeta_TPP', 'zeta_PPP', 'zeta_Bmod', 'zeta_Dmod') (U=498, N_lam=16) from table_tree_cut1000_r4.npz
[etl-callable] loaded 6/6 nonzero channels ('zeta_TTT', 'zeta_TTP', 'zeta_TPP', 'zeta_PPP', 'zeta_Bmod', 'zeta_Dmod') (U=498, N_lam=16) from table_tree_cut1000_r4.npz
[etl-callable] loaded 6/6 nonzero channels ('zeta_TTT', 'zeta_TTP', 'zeta_TPP', 'zeta_PPP', 'zeta_Bmod', 'zeta_Dmod') (U=498, N_lam=16) from table_tree_cut1000_r4.npz
[etl-callable] loaded 6/6 nonzero channels ('zeta_TTT', 'zeta_TTP', 'zeta_TPP', 'zeta_PPP', 'zeta_Bmod', 'zeta_Dmod') (U=498, N_lam=16) from table_tree_cut1000_r4.npz
[etl-callable] loaded 6/6 nonzero channels ('zeta_TTT', 'zeta_TTP', 'zeta_TPP', 'zeta_PPP', 'zeta_Bmod', 'zeta_Dmod') (U=498, N_lam=16) from table_tree_cut1000_r4.npz
[etl-callable] loaded 6/6 nonzero channels ('zeta_TTT', 'zeta_TTP', 'zeta_TPP', 'zeta_PPP', 'zeta_Bmod', 'zeta_Dmod') (U=498, N_lam=16) from table_tree_cut1000_r4.npz
[etl-callable] loaded 6/6 nonzero channels ('zeta_TTT', 'zeta_TTP', 'zeta_TPP', 'zeta_PPP', 'zeta_Bmod', 'zeta_Dmod') (U=498, N_lam=16) from table_tree_cut1000_r4.npz
[etl-callable] loaded 6/6 nonzero channels ('zeta_TTT', 'zeta_TTP', 'zeta_TPP', 'zeta_PPP', 'zeta_Bmod', 'zeta_Dmod') (U=498, N_lam=16) from table_tree_cut1000_r4.npz
[etl-callable] loaded 6/6 nonzero channels ('zeta_TTT', 'zeta_TTP', 'zeta_TPP', 'zeta_PPP', 'zeta_Bmod', 'zeta_Dmod') (U=498, N_lam=16) from table_tree_cut1000_r4.npz
[etl-callable] loaded 6/6 nonzero channels ('zeta_TTT', 'zeta_TTP', 'zeta_TPP', 'zeta_PPP', 'zeta_Bmod', 'zeta_Dmod') (U=498, N_lam=16) from table_tree_cut1000_r4.npz
[etl-callable] loaded 6/6 nonzero channels ('zeta_TTT', 'zeta_TTP', 'zeta_TPP', 'zeta_PPP', 'zeta_Bmod', 'zeta_Dmod') (U=498, N_lam=16) from table_tree_cut1000_r4.npz
[etl-callable] loaded 6/6 nonzero channels ('zeta_TTT', 'zeta_TTP', 'zeta_TPP', 'zeta_PPP', 'zeta_Bmod', 'zeta_Dmod') (U=498, N_lam=16) from table_tree_cut1000_r4.npz
[etl-callable] loaded 6/6 nonzero channels ('zeta_TTT', 'zeta_TTP', 'zeta_TPP', 'zeta_PPP', 'zeta_Bmod', 'zeta_Dmod') (U=498, N_lam=16) from table_tree_cut1000_r4.npz
[etl-callable] loaded 6/6 nonzero channels ('zeta_TTT', 'zeta_TTP', 'zeta_TPP', 'zeta_PPP', 'zeta_Bmod', 'zeta_Dmod') (U=498, N_lam=16) from table_tree_cut1000_r4.npz
[etl-callable] loaded 6/6 nonzero channels ('zeta_TTT', 'zeta_TTP', 'zeta_TPP', 'zeta_PPP', 'zeta_Bmod', 'zeta_Dmod') (U=498, N_lam=16) from table_tree_cut1000_r4.npz
[etl-callable] loaded 6/6 nonzero channels ('zeta_TTT', 'zeta_TTP', 'zeta_TPP', 'zeta_PPP', 'zeta_Bmod', 'zeta_Dmod') (U=498, N_lam=16) from table_tree_cut1000_r4.npz
[etl-callable] loaded 6/6 nonzero channels ('zeta_TTT', 'zeta_TTP', 'zeta_TPP', 'zeta_PPP', 'zeta_Bmod', 'zeta_Dmod') (U=498, N_lam=16) from table_tree_cut1000_r4.npz
[etl-callable] loaded 6/6 nonzero channels ('zeta_TTT', 'zeta_TTP', 'zeta_TPP', 'zeta_PPP', 'zeta_Bmod', 'zeta_Dmod') (U=498, N_lam=16) from table_tree_cut1000_r4.npz
[etl-callable] loaded 6/6 nonzero channels ('zeta_TTT', 'zeta_TTP', 'zeta_TPP', 'zeta_PPP', 'zeta_Bmod', 'zeta_Dmod') (U=498, N_lam=16) from table_tree_cut1000_r4.npz
[etl-callable] loaded 6/6 nonzero channels ('zeta_TTT', 'zeta_TTP', 'zeta_TPP', 'zeta_PPP', 'zeta_Bmod', 'zeta_Dmod') (U=498, N_lam=16) from table_tree_cut1000_r4.npz
[etl-callable] loaded 6/6 nonzero channels ('zeta_TTT', 'zeta_TTP', 'zeta_TPP', 'zeta_PPP', 'zeta_Bmod', 'zeta_Dmod') (U=498, N_lam=16) from table_tree_cut1000_r4.npz
[etl-callable] loaded 6/6 nonzero channels ('zeta_TTT', 'zeta_TTP', 'zeta_TPP', 'zeta_PPP', 'zeta_Bmod', 'zeta_Dmod') (U=498, N_lam=16) from table_tree_cut1000_r4.npz
[etl-callable] loaded 6/6 nonzero channels ('zeta_TTT', 'zeta_TTP', 'zeta_TPP', 'zeta_PPP', 'zeta_Bmod', 'zeta_Dmod') (U=498, N_lam=16) from table_tree_cut1000_r4.npz
[etl-callable] loaded 6/6 nonzero channels ('zeta_TTT', 'zeta_TTP', 'zeta_TPP', 'zeta_PPP', 'zeta_Bmod', 'zeta_Dmod') (U=498, N_lam=16) from table_tree_cut1000_r4.npz
[etl-callable] loaded 6/6 nonzero channels ('zeta_TTT', 'zeta_TTP', 'zeta_TPP', 'zeta_PPP', 'zeta_Bmod', 'zeta_Dmod') (U=498, N_lam=16) from table_tree_cut1000_r4.npz
[etl-callable] loaded 6/6 nonzero channels ('zeta_TTT', 'zeta_TTP', 'zeta_TPP', 'zeta_PPP', 'zeta_Bmod', 'zeta_Dmod') (U=498, N_lam=16) from table_tree_cut1000_r4.npz
[etl-callable] loaded 6/6 nonzero channels ('zeta_TTT', 'zeta_TTP', 'zeta_TPP', 'zeta_PPP', 'zeta_Bmod', 'zeta_Dmod') (U=498, N_lam=16) from table_tree_cut1000_r4.npz
[etl-callable] loaded 6/6 nonzero channels ('zeta_TTT', 'zeta_TTP', 'zeta_TPP', 'zeta_PPP', 'zeta_Bmod', 'zeta_Dmod') (U=498, N_lam=16) from table_tree_cut1000_r4.npz
[etl-callable] loaded 6/6 nonzero channels ('zeta_TTT', 'zeta_TTP', 'zeta_TPP', 'zeta_PPP', 'zeta_Bmod', 'zeta_Dmod') (U=498, N_lam=16) from table_tree_cut1000_r4.npz
[etl-callable] loaded 6/6 nonzero channels ('zeta_TTT', 'zeta_TTP', 'zeta_TPP', 'zeta_PPP', 'zeta_Bmod', 'zeta_Dmod') (U=498, N_lam=16) from table_tree_cut1000_r4.npz
[etl-callable] loaded 6/6 nonzero channels ('zeta_TTT', 'zeta_TTP', 'zeta_TPP', 'zeta_PPP', 'zeta_Bmod', 'zeta_Dmod') (U=498, N_lam=16) from table_tree_cut1000_r4.npz
[etl-callable] loaded 6/6 nonzero channels ('zeta_TTT', 'zeta_TTP', 'zeta_TPP', 'zeta_PPP', 'zeta_Bmod', 'zeta_Dmod') (U=498, N_lam=16) from table_tree_cut1000_r4.npz
[etl-callable] loaded 6/6 nonzero channels ('zeta_TTT', 'zeta_TTP', 'zeta_TPP', 'zeta_PPP', 'zeta_Bmod', 'zeta_Dmod') (U=498, N_lam=16) from table_tree_cut1000_r4.npz
[etl-callable] loaded 6/6 nonzero channels ('zeta_TTT', 'zeta_TTP', 'zeta_TPP', 'zeta_PPP', 'zeta_Bmod', 'zeta_Dmod') (U=498, N_lam=16) from table_tree_cut1000_r4.npz
[etl-callable] loaded 6/6 nonzero channels ('zeta_TTT', 'zeta_TTP', 'zeta_TPP', 'zeta_PPP', 'zeta_Bmod', 'zeta_Dmod') (U=498, N_lam=16) from table_tree_cut1000_r4.npz
[etl-callable] loaded 6/6 nonzero channels ('zeta_TTT', 'zeta_TTP', 'zeta_TPP', 'zeta_PPP', 'zeta_Bmod', 'zeta_Dmod') (U=498, N_lam=16) from table_tree_cut1000_r4.npz
[etl-callable] loaded 6/6 nonzero channels ('zeta_TTT', 'zeta_TTP', 'zeta_TPP', 'zeta_PPP', 'zeta_Bmod', 'zeta_Dmod') (U=498, N_lam=16) from table_tree_cut1000_r4.npz
[etl-callable] loaded 6/6 nonzero channels ('zeta_TTT', 'zeta_TTP', 'zeta_TPP', 'zeta_PPP', 'zeta_Bmod', 'zeta_Dmod') (U=498, N_lam=16) from table_tree_cut1000_r4.npz
[etl-callable] loaded 6/6 nonzero channels ('zeta_TTT', 'zeta_TTP', 'zeta_TPP', 'zeta_PPP', 'zeta_Bmod', 'zeta_Dmod') (U=498, N_lam=16) from table_tree_cut1000_r4.npz
[etl-callable] loaded 6/6 nonzero channels ('zeta_TTT', 'zeta_TTP', 'zeta_TPP', 'zeta_PPP', 'zeta_Bmod', 'zeta_Dmod') (U=498, N_lam=16) from table_tree_cut1000_r4.npz
[etl-callable] loaded 6/6 nonzero channels ('zeta_TTT', 'zeta_TTP', 'zeta_TPP', 'zeta_PPP', 'zeta_Bmod', 'zeta_Dmod') (U=498, N_lam=16) from table_tree_cut1000_r4.npz
[etl-callable] loaded 6/6 nonzero channels ('zeta_TTT', 'zeta_TTP', 'zeta_TPP', 'zeta_PPP', 'zeta_Bmod', 'zeta_Dmod') (U=498, N_lam=16) from table_tree_cut1000_r4.npz
[etl-callable] loaded 6/6 nonzero channels ('zeta_TTT', 'zeta_TTP', 'zeta_TPP', 'zeta_PPP', 'zeta_Bmod', 'zeta_Dmod') (U=498, N_lam=16) from table_tree_cut1000_r4.npz
[etl-callable] loaded 6/6 nonzero channels ('zeta_TTT', 'zeta_TTP', 'zeta_TPP', 'zeta_PPP', 'zeta_Bmod', 'zeta_Dmod') (U=498, N_lam=16) from table_tree_cut1000_r4.npz
[etl-callable] loaded 6/6 nonzero channels ('zeta_TTT', 'zeta_TTP', 'zeta_TPP', 'zeta_PPP', 'zeta_Bmod', 'zeta_Dmod') (U=498, N_lam=16) from table_tree_cut1000_r4.npz
[etl-callable] loaded 6/6 nonzero channels ('zeta_TTT', 'zeta_TTP', 'zeta_TPP', 'zeta_PPP', 'zeta_Bmod', 'zeta_Dmod') (U=498, N_lam=16) from table_tree_cut1000_r4.npz
[etl-callable] loaded 6/6 nonzero channels ('zeta_TTT', 'zeta_TTP', 'zeta_TPP', 'zeta_PPP', 'zeta_Bmod', 'zeta_Dmod') (U=498, N_lam=16) from table_tree_cut1000_r4.npz
[etl-callable] loaded 6/6 nonzero channels ('zeta_TTT', 'zeta_TTP', 'zeta_TPP', 'zeta_PPP', 'zeta_Bmod', 'zeta_Dmod') (U=498, N_lam=16) from table_tree_cut1000_r4.npz
[etl-callable] loaded 6/6 nonzero channels ('zeta_TTT', 'zeta_TTP', 'zeta_TPP', 'zeta_PPP', 'zeta_Bmod', 'zeta_Dmod') (U=498, N_lam=16) from table_tree_cut1000_r4.npz
[etl-callable] loaded 6/6 nonzero channels ('zeta_TTT', 'zeta_TTP', 'zeta_TPP', 'zeta_PPP', 'zeta_Bmod', 'zeta_Dmod') (U=498, N_lam=16) from table_tree_cut1000_r4.npz
[etl-callable] loaded 6/6 nonzero channels ('zeta_TTT', 'zeta_TTP', 'zeta_TPP', 'zeta_PPP', 'zeta_Bmod', 'zeta_Dmod') (U=498, N_lam=16) from table_tree_cut1000_r4.npz
[etl-callable] loaded 6/6 nonzero channels ('zeta_TTT', 'zeta_TTP', 'zeta_TPP', 'zeta_PPP', 'zeta_Bmod', 'zeta_Dmod') (U=498, N_lam=16) from table_tree_cut1000_r4.npz
[etl-callable] loaded 6/6 nonzero channels ('zeta_TTT', 'zeta_TTP', 'zeta_TPP', 'zeta_PPP', 'zeta_Bmod', 'zeta_Dmod') (U=498, N_lam=16) from table_tree_cut1000_r4.npz
[etl-callable] loaded 6/6 nonzero channels ('zeta_TTT', 'zeta_TTP', 'zeta_TPP', 'zeta_PPP', 'zeta_Bmod', 'zeta_Dmod') (U=498, N_lam=16) from table_tree_cut1000_r4.npz
[etl-callable] loaded 6/6 nonzero channels ('zeta_TTT', 'zeta_TTP', 'zeta_TPP', 'zeta_PPP', 'zeta_Bmod', 'zeta_Dmod') (U=498, N_lam=16) from table_tree_cut1000_r4.npz
[etl-callable] loaded 6/6 nonzero channels ('zeta_TTT', 'zeta_TTP', 'zeta_TPP', 'zeta_PPP', 'zeta_Bmod', 'zeta_Dmod') (U=498, N_lam=16) from table_tree_cut1000_r4.npz
[etl-callable] loaded 6/6 nonzero channels ('zeta_TTT', 'zeta_TTP', 'zeta_TPP', 'zeta_PPP', 'zeta_Bmod', 'zeta_Dmod') (U=498, N_lam=16) from table_tree_cut1000_r4.npz
[etl-callable] loaded 6/6 nonzero channels ('zeta_TTT', 'zeta_TTP', 'zeta_TPP', 'zeta_PPP', 'zeta_Bmod', 'zeta_Dmod') (U=498, N_lam=16) from table_tree_cut1000_r4.npz
[etl-callable] loaded 6/6 nonzero channels ('zeta_TTT', 'zeta_TTP', 'zeta_TPP', 'zeta_PPP', 'zeta_Bmod', 'zeta_Dmod') (U=498, N_lam=16) from table_tree_cut1000_r4.npz
[etl-callable] loaded 6/6 nonzero channels ('zeta_TTT', 'zeta_TTP', 'zeta_TPP', 'zeta_PPP', 'zeta_Bmod', 'zeta_Dmod') (U=498, N_lam=16) from table_tree_cut1000_r4.npz
[etl-callable] loaded 6/6 nonzero channels ('zeta_TTT', 'zeta_TTP', 'zeta_TPP', 'zeta_PPP', 'zeta_Bmod', 'zeta_Dmod') (U=498, N_lam=16) from table_tree_cut1000_r4.npz
[etl-callable] loaded 6/6 nonzero channels ('zeta_TTT', 'zeta_TTP', 'zeta_TPP', 'zeta_PPP', 'zeta_Bmod', 'zeta_Dmod') (U=498, N_lam=16) from table_tree_cut1000_r4.npz
[etl-callable] loaded 6/6 nonzero channels ('zeta_TTT', 'zeta_TTP', 'zeta_TPP', 'zeta_PPP', 'zeta_Bmod', 'zeta_Dmod') (U=498, N_lam=16) from table_tree_cut1000_r4.npz
[etl-callable] loaded 6/6 nonzero channels ('zeta_TTT', 'zeta_TTP', 'zeta_TPP', 'zeta_PPP', 'zeta_Bmod', 'zeta_Dmod') (U=498, N_lam=16) from table_tree_cut1000_r4.npz
[etl-callable] loaded 6/6 nonzero channels ('zeta_TTT', 'zeta_TTP', 'zeta_TPP', 'zeta_PPP', 'zeta_Bmod', 'zeta_Dmod') (U=498, N_lam=16) from table_tree_cut1000_r4.npz
[etl-callable] loaded 6/6 nonzero channels ('zeta_TTT', 'zeta_TTP', 'zeta_TPP', 'zeta_PPP', 'zeta_Bmod', 'zeta_Dmod') (U=498, N_lam=16) from table_tree_cut1000_r4.npz
[etl-callable] loaded 6/6 nonzero channels ('zeta_TTT', 'zeta_TTP', 'zeta_TPP', 'zeta_PPP', 'zeta_Bmod', 'zeta_Dmod') (U=498, N_lam=16) from table_tree_cut1000_r4.npz
[etl-callable] loaded 6/6 nonzero channels ('zeta_TTT', 'zeta_TTP', 'zeta_TPP', 'zeta_PPP', 'zeta_Bmod', 'zeta_Dmod') (U=498, N_lam=16) from table_tree_cut1000_r4.npz
[etl-callable] loaded 6/6 nonzero channels ('zeta_TTT', 'zeta_TTP', 'zeta_TPP', 'zeta_PPP', 'zeta_Bmod', 'zeta_Dmod') (U=498, N_lam=16) from table_tree_cut1000_r4.npz
[etl-callable] loaded 6/6 nonzero channels ('zeta_TTT', 'zeta_TTP', 'zeta_TPP', 'zeta_PPP', 'zeta_Bmod', 'zeta_Dmod') (U=498, N_lam=16) from table_tree_cut1000_r4.npz
[etl-callable] loaded 6/6 nonzero channels ('zeta_TTT', 'zeta_TTP', 'zeta_TPP', 'zeta_PPP', 'zeta_Bmod', 'zeta_Dmod') (U=498, N_lam=16) from table_tree_cut1000_r4.npz
[etl-callable] loaded 6/6 nonzero channels ('zeta_TTT', 'zeta_TTP', 'zeta_TPP', 'zeta_PPP', 'zeta_Bmod', 'zeta_Dmod') (U=498, N_lam=16) from table_tree_cut1000_r4.npz
[etl-callable] loaded 6/6 nonzero channels ('zeta_TTT', 'zeta_TTP', 'zeta_TPP', 'zeta_PPP', 'zeta_Bmod', 'zeta_Dmod') (U=498, N_lam=16) from table_tree_cut1000_r4.npz
[etl-callable] loaded 6/6 nonzero channels ('zeta_TTT', 'zeta_TTP', 'zeta_TPP', 'zeta_PPP', 'zeta_Bmod', 'zeta_Dmod') (U=498, N_lam=16) from table_tree_cut1000_r4.npz
[etl-callable] loaded 6/6 nonzero channels ('zeta_TTT', 'zeta_TTP', 'zeta_TPP', 'zeta_PPP', 'zeta_Bmod', 'zeta_Dmod') (U=498, N_lam=16) from table_tree_cut1000_r4.npz
[etl-callable] loaded 6/6 nonzero channels ('zeta_TTT', 'zeta_TTP', 'zeta_TPP', 'zeta_PPP', 'zeta_Bmod', 'zeta_Dmod') (U=498, N_lam=16) from table_tree_cut1000_r4.npz
[etl-callable] loaded 6/6 nonzero channels ('zeta_TTT', 'zeta_TTP', 'zeta_TPP', 'zeta_PPP', 'zeta_Bmod', 'zeta_Dmod') (U=498, N_lam=16) from table_tree_cut1000_r4.npz
[etl-callable] loaded 6/6 nonzero channels ('zeta_TTT', 'zeta_TTP', 'zeta_TPP', 'zeta_PPP', 'zeta_Bmod', 'zeta_Dmod') (U=498, N_lam=16) from table_tree_cut1000_r4.npz
[etl-callable] loaded 6/6 nonzero channels ('zeta_TTT', 'zeta_TTP', 'zeta_TPP', 'zeta_PPP', 'zeta_Bmod', 'zeta_Dmod') (U=498, N_lam=16) from table_tree_cut1000_r4.npz
[etl-callable] loaded 6/6 nonzero channels ('zeta_TTT', 'zeta_TTP', 'zeta_TPP', 'zeta_PPP', 'zeta_Bmod', 'zeta_Dmod') (U=498, N_lam=16) from table_tree_cut1000_r4.npz
[etl-callable] loaded 6/6 nonzero channels ('zeta_TTT', 'zeta_TTP', 'zeta_TPP', 'zeta_PPP', 'zeta_Bmod', 'zeta_Dmod') (U=498, N_lam=16) from table_tree_cut1000_r4.npz
[etl-callable] loaded 6/6 nonzero channels ('zeta_TTT', 'zeta_TTP', 'zeta_TPP', 'zeta_PPP', 'zeta_Bmod', 'zeta_Dmod') (U=498, N_lam=16) from table_tree_cut1000_r4.npz
[etl-callable] loaded 6/6 nonzero channels ('zeta_TTT', 'zeta_TTP', 'zeta_TPP', 'zeta_PPP', 'zeta_Bmod', 'zeta_Dmod') (U=498, N_lam=16) from table_tree_cut1000_r4.npz
[etl-callable] loaded 6/6 nonzero channels ('zeta_TTT', 'zeta_TTP', 'zeta_TPP', 'zeta_PPP', 'zeta_Bmod', 'zeta_Dmod') (U=498, N_lam=16) from table_tree_cut1000_r4.npz
[etl-callable] loaded 6/6 nonzero channels ('zeta_TTT', 'zeta_TTP', 'zeta_TPP', 'zeta_PPP', 'zeta_Bmod', 'zeta_Dmod') (U=498, N_lam=16) from table_tree_cut1000_r4.npz
[etl-callable] loaded 6/6 nonzero channels ('zeta_TTT', 'zeta_TTP', 'zeta_TPP', 'zeta_PPP', 'zeta_Bmod', 'zeta_Dmod') (U=498, N_lam=16) from table_tree_cut1000_r4.npz
[etl-callable] loaded 6/6 nonzero channels ('zeta_TTT', 'zeta_TTP', 'zeta_TPP', 'zeta_PPP', 'zeta_Bmod', 'zeta_Dmod') (U=498, N_lam=16) from table_tree_cut1000_r4.npz
[etl-callable] loaded 6/6 nonzero channels ('zeta_TTT', 'zeta_TTP', 'zeta_TPP', 'zeta_PPP', 'zeta_Bmod', 'zeta_Dmod') (U=498, N_lam=16) from table_tree_cut1000_r4.npz
[etl-callable] loaded 6/6 nonzero channels ('zeta_TTT', 'zeta_TTP', 'zeta_TPP', 'zeta_PPP', 'zeta_Bmod', 'zeta_Dmod') (U=498, N_lam=16) from table_tree_cut1000_r4.npz
[etl-callable] loaded 6/6 nonzero channels ('zeta_TTT', 'zeta_TTP', 'zeta_TPP', 'zeta_PPP', 'zeta_Bmod', 'zeta_Dmod') (U=498, N_lam=16) from table_tree_cut1000_r4.npz
[etl-callable] loaded 6/6 nonzero channels ('zeta_TTT', 'zeta_TTP', 'zeta_TPP', 'zeta_PPP', 'zeta_Bmod', 'zeta_Dmod') (U=498, N_lam=16) from table_tree_cut1000_r4.npz
[etl-callable] loaded 6/6 nonzero channels ('zeta_TTT', 'zeta_TTP', 'zeta_TPP', 'zeta_PPP', 'zeta_Bmod', 'zeta_Dmod') (U=498, N_lam=16) from table_tree_cut1000_r4.npz
[etl-callable] loaded 6/6 nonzero channels ('zeta_TTT', 'zeta_TTP', 'zeta_TPP', 'zeta_PPP', 'zeta_Bmod', 'zeta_Dmod') (U=498, N_lam=16) from table_tree_cut1000_r4.npz
[etl-callable] loaded 6/6 nonzero channels ('zeta_TTT', 'zeta_TTP', 'zeta_TPP', 'zeta_PPP', 'zeta_Bmod', 'zeta_Dmod') (U=498, N_lam=16) from table_tree_cut1000_r4.npz
[etl-callable] loaded 6/6 nonzero channels ('zeta_TTT', 'zeta_TTP', 'zeta_TPP', 'zeta_PPP', 'zeta_Bmod', 'zeta_Dmod') (U=498, N_lam=16) from table_tree_cut1000_r4.npz
[etl-callable] loaded 6/6 nonzero channels ('zeta_TTT', 'zeta_TTP', 'zeta_TPP', 'zeta_PPP', 'zeta_Bmod', 'zeta_Dmod') (U=498, N_lam=16) from table_tree_cut1000_r4.npz
[etl-callable] loaded 6/6 nonzero channels ('zeta_TTT', 'zeta_TTP', 'zeta_TPP', 'zeta_PPP', 'zeta_Bmod', 'zeta_Dmod') (U=498, N_lam=16) from table_tree_cut1000_r4.npz
[etl-callable] loaded 6/6 nonzero channels ('zeta_TTT', 'zeta_TTP', 'zeta_TPP', 'zeta_PPP', 'zeta_Bmod', 'zeta_Dmod') (U=498, N_lam=16) from table_tree_cut1000_r4.npz
[etl-callable] loaded 6/6 nonzero channels ('zeta_TTT', 'zeta_TTP', 'zeta_TPP', 'zeta_PPP', 'zeta_Bmod', 'zeta_Dmod') (U=498, N_lam=16) from table_tree_cut1000_r4.npz
[etl-callable] loaded 6/6 nonzero channels ('zeta_TTT', 'zeta_TTP', 'zeta_TPP', 'zeta_PPP', 'zeta_Bmod', 'zeta_Dmod') (U=498, N_lam=16) from table_tree_cut1000_r4.npz
[etl-callable] loaded 6/6 nonzero channels ('zeta_TTT', 'zeta_TTP', 'zeta_TPP', 'zeta_PPP', 'zeta_Bmod', 'zeta_Dmod') (U=498, N_lam=16) from table_tree_cut1000_r4.npz
[etl-callable] loaded 6/6 nonzero channels ('zeta_TTT', 'zeta_TTP', 'zeta_TPP', 'zeta_PPP', 'zeta_Bmod', 'zeta_Dmod') (U=498, N_lam=16) from table_tree_cut1000_r4.npz
[etl-callable] loaded 6/6 nonzero channels ('zeta_TTT', 'zeta_TTP', 'zeta_TPP', 'zeta_PPP', 'zeta_Bmod', 'zeta_Dmod') (U=498, N_lam=16) from table_tree_cut1000_r4.npz
[etl-callable] loaded 6/6 nonzero channels ('zeta_TTT', 'zeta_TTP', 'zeta_TPP', 'zeta_PPP', 'zeta_Bmod', 'zeta_Dmod') (U=498, N_lam=16) from table_tree_cut1000_r4.npz
[etl-callable] loaded 6/6 nonzero channels ('zeta_TTT', 'zeta_TTP', 'zeta_TPP', 'zeta_PPP', 'zeta_Bmod', 'zeta_Dmod') (U=498, N_lam=16) from table_tree_cut1000_r4.npz
[etl-callable] loaded 6/6 nonzero channels ('zeta_TTT', 'zeta_TTP', 'zeta_TPP', 'zeta_PPP', 'zeta_Bmod', 'zeta_Dmod') (U=498, N_lam=16) from table_tree_cut1000_r4.npz
[etl-callable] loaded 6/6 nonzero channels ('zeta_TTT', 'zeta_TTP', 'zeta_TPP', 'zeta_PPP', 'zeta_Bmod', 'zeta_Dmod') (U=498, N_lam=16) from table_tree_cut1000_r4.npz
[etl-callable] loaded 6/6 nonzero channels ('zeta_TTT', 'zeta_TTP', 'zeta_TPP', 'zeta_PPP', 'zeta_Bmod', 'zeta_Dmod') (U=498, N_lam=16) from table_tree_cut1000_r4.npz
[etl-callable] loaded 6/6 nonzero channels ('zeta_TTT', 'zeta_TTP', 'zeta_TPP', 'zeta_PPP', 'zeta_Bmod', 'zeta_Dmod') (U=498, N_lam=16) from table_tree_cut1000_r4.npz
[etl-callable] loaded 6/6 nonzero channels ('zeta_TTT', 'zeta_TTP', 'zeta_TPP', 'zeta_PPP', 'zeta_Bmod', 'zeta_Dmod') (U=498, N_lam=16) from table_tree_cut1000_r4.npz
[etl-callable] loaded 6/6 nonzero channels ('zeta_TTT', 'zeta_TTP', 'zeta_TPP', 'zeta_PPP', 'zeta_Bmod', 'zeta_Dmod') (U=498, N_lam=16) from table_tree_cut1000_r4.npz
[etl-callable] loaded 6/6 nonzero channels ('zeta_TTT', 'zeta_TTP', 'zeta_TPP', 'zeta_PPP', 'zeta_Bmod', 'zeta_Dmod') (U=498, N_lam=16) from table_tree_cut1000_r4.npz
[etl-callable] loaded 6/6 nonzero channels ('zeta_TTT', 'zeta_TTP', 'zeta_TPP', 'zeta_PPP', 'zeta_Bmod', 'zeta_Dmod') (U=498, N_lam=16) from table_tree_cut1000_r4.npz
[etl-callable] loaded 6/6 nonzero channels ('zeta_TTT', 'zeta_TTP', 'zeta_TPP', 'zeta_PPP', 'zeta_Bmod', 'zeta_Dmod') (U=498, N_lam=16) from table_tree_cut1000_r4.npz
[etl-callable] loaded 6/6 nonzero channels ('zeta_TTT', 'zeta_TTP', 'zeta_TPP', 'zeta_PPP', 'zeta_Bmod', 'zeta_Dmod') (U=498, N_lam=16) from table_tree_cut1000_r4.npz
[etl-callable] loaded 6/6 nonzero channels ('zeta_TTT', 'zeta_TTP', 'zeta_TPP', 'zeta_PPP', 'zeta_Bmod', 'zeta_Dmod') (U=498, N_lam=16) from table_tree_cut1000_r4.npz
[etl-callable] loaded 6/6 nonzero channels ('zeta_TTT', 'zeta_TTP', 'zeta_TPP', 'zeta_PPP', 'zeta_Bmod', 'zeta_Dmod') (U=498, N_lam=16) from table_tree_cut1000_r4.npz
[etl-callable] loaded 6/6 nonzero channels ('zeta_TTT', 'zeta_TTP', 'zeta_TPP', 'zeta_PPP', 'zeta_Bmod', 'zeta_Dmod') (U=498, N_lam=16) from table_tree_cut1000_r4.npz
[etl-callable] loaded 6/6 nonzero channels ('zeta_TTT', 'zeta_TTP', 'zeta_TPP', 'zeta_PPP', 'zeta_Bmod', 'zeta_Dmod') (U=498, N_lam=16) from table_tree_cut1000_r4.npz
[etl-callable] loaded 6/6 nonzero channels ('zeta_TTT', 'zeta_TTP', 'zeta_TPP', 'zeta_PPP', 'zeta_Bmod', 'zeta_Dmod') (U=498, N_lam=16) from table_tree_cut1000_r4.npz
[etl-callable] loaded 6/6 nonzero channels ('zeta_TTT', 'zeta_TTP', 'zeta_TPP', 'zeta_PPP', 'zeta_Bmod', 'zeta_Dmod') (U=498, N_lam=16) from table_tree_cut1000_r4.npz
[etl-callable] loaded 6/6 nonzero channels ('zeta_TTT', 'zeta_TTP', 'zeta_TPP', 'zeta_PPP', 'zeta_Bmod', 'zeta_Dmod') (U=498, N_lam=16) from table_tree_cut1000_r4.npz
[etl-callable] loaded 6/6 nonzero channels ('zeta_TTT', 'zeta_TTP', 'zeta_TPP', 'zeta_PPP', 'zeta_Bmod', 'zeta_Dmod') (U=498, N_lam=16) from table_tree_cut1000_r4.npz
[etl-callable] loaded 6/6 nonzero channels ('zeta_TTT', 'zeta_TTP', 'zeta_TPP', 'zeta_PPP', 'zeta_Bmod', 'zeta_Dmod') (U=498, N_lam=16) from table_tree_cut1000_r4.npz
[etl-callable] loaded 6/6 nonzero channels ('zeta_TTT', 'zeta_TTP', 'zeta_TPP', 'zeta_PPP', 'zeta_Bmod', 'zeta_Dmod') (U=498, N_lam=16) from table_tree_cut1000_r4.npz
[etl-callable] loaded 6/6 nonzero channels ('zeta_TTT', 'zeta_TTP', 'zeta_TPP', 'zeta_PPP', 'zeta_Bmod', 'zeta_Dmod') (U=498, N_lam=16) from table_tree_cut1000_r4.npz
[etl-callable] loaded 6/6 nonzero channels ('zeta_TTT', 'zeta_TTP', 'zeta_TPP', 'zeta_PPP', 'zeta_Bmod', 'zeta_Dmod') (U=498, N_lam=16) from table_tree_cut1000_r4.npz
[etl-callable] loaded 6/6 nonzero channels ('zeta_TTT', 'zeta_TTP', 'zeta_TPP', 'zeta_PPP', 'zeta_Bmod', 'zeta_Dmod') (U=498, N_lam=16) from table_tree_cut1000_r4.npz
[etl-callable] loaded 6/6 nonzero channels ('zeta_TTT', 'zeta_TTP', 'zeta_TPP', 'zeta_PPP', 'zeta_Bmod', 'zeta_Dmod') (U=498, N_lam=16) from table_tree_cut1000_r4.npz
[etl-callable] loaded 6/6 nonzero channels ('zeta_TTT', 'zeta_TTP', 'zeta_TPP', 'zeta_PPP', 'zeta_Bmod', 'zeta_Dmod') (U=498, N_lam=16) from table_tree_cut1000_r4.npz
[etl-callable] loaded 6/6 nonzero channels ('zeta_TTT', 'zeta_TTP', 'zeta_TPP', 'zeta_PPP', 'zeta_Bmod', 'zeta_Dmod') (U=498, N_lam=16) from table_tree_cut1000_r4.npz
[etl-callable] loaded 6/6 nonzero channels ('zeta_TTT', 'zeta_TTP', 'zeta_TPP', 'zeta_PPP', 'zeta_Bmod', 'zeta_Dmod') (U=498, N_lam=16) from table_tree_cut1000_r4.npz
[etl-callable] loaded 6/6 nonzero channels ('zeta_TTT', 'zeta_TTP', 'zeta_TPP', 'zeta_PPP', 'zeta_Bmod', 'zeta_Dmod') (U=498, N_lam=16) from table_tree_cut1000_r4.npz
[etl-callable] loaded 6/6 nonzero channels ('zeta_TTT', 'zeta_TTP', 'zeta_TPP', 'zeta_PPP', 'zeta_Bmod', 'zeta_Dmod') (U=498, N_lam=16) from table_tree_cut1000_r4.npz
[etl-callable] loaded 6/6 nonzero channels ('zeta_TTT', 'zeta_TTP', 'zeta_TPP', 'zeta_PPP', 'zeta_Bmod', 'zeta_Dmod') (U=498, N_lam=16) from table_tree_cut1000_r4.npz
[etl-callable] loaded 6/6 nonzero channels ('zeta_TTT', 'zeta_TTP', 'zeta_TPP', 'zeta_PPP', 'zeta_Bmod', 'zeta_Dmod') (U=498, N_lam=16) from table_tree_cut1000_r4.npz
[etl-callable] loaded 6/6 nonzero channels ('zeta_TTT', 'zeta_TTP', 'zeta_TPP', 'zeta_PPP', 'zeta_Bmod', 'zeta_Dmod') (U=498, N_lam=16) from table_tree_cut1000_r4.npz
[etl-callable] loaded 6/6 nonzero channels ('zeta_TTT', 'zeta_TTP', 'zeta_TPP', 'zeta_PPP', 'zeta_Bmod', 'zeta_Dmod') (U=498, N_lam=16) from table_tree_cut1000_r4.npz
[etl-callable] loaded 6/6 nonzero channels ('zeta_TTT', 'zeta_TTP', 'zeta_TPP', 'zeta_PPP', 'zeta_Bmod', 'zeta_Dmod') (U=498, N_lam=16) from table_tree_cut1000_r4.npz
[etl-callable] loaded 6/6 nonzero channels ('zeta_TTT', 'zeta_TTP', 'zeta_TPP', 'zeta_PPP', 'zeta_Bmod', 'zeta_Dmod') (U=498, N_lam=16) from table_tree_cut1000_r4.npz
[etl-callable] loaded 6/6 nonzero channels ('zeta_TTT', 'zeta_TTP', 'zeta_TPP', 'zeta_PPP', 'zeta_Bmod', 'zeta_Dmod') (U=498, N_lam=16) from table_tree_cut1000_r4.npz
[etl-callable] loaded 6/6 nonzero channels ('zeta_TTT', 'zeta_TTP', 'zeta_TPP', 'zeta_PPP', 'zeta_Bmod', 'zeta_Dmod') (U=498, N_lam=16) from table_tree_cut1000_r4.npz
[etl-callable] loaded 6/6 nonzero channels ('zeta_TTT', 'zeta_TTP', 'zeta_TPP', 'zeta_PPP', 'zeta_Bmod', 'zeta_Dmod') (U=498, N_lam=16) from table_tree_cut1000_r4.npz
[etl-callable] loaded 6/6 nonzero channels ('zeta_TTT', 'zeta_TTP', 'zeta_TPP', 'zeta_PPP', 'zeta_Bmod', 'zeta_Dmod') (U=498, N_lam=16) from table_tree_cut1000_r4.npz
[etl-callable] loaded 6/6 nonzero channels ('zeta_TTT', 'zeta_TTP', 'zeta_TPP', 'zeta_PPP', 'zeta_Bmod', 'zeta_Dmod') (U=498, N_lam=16) from table_tree_cut1000_r4.npz
[etl-callable] loaded 6/6 nonzero channels ('zeta_TTT', 'zeta_TTP', 'zeta_TPP', 'zeta_PPP', 'zeta_Bmod', 'zeta_Dmod') (U=498, N_lam=16) from table_tree_cut1000_r4.npz
[etl-callable] loaded 6/6 nonzero channels ('zeta_TTT', 'zeta_TTP', 'zeta_TPP', 'zeta_PPP', 'zeta_Bmod', 'zeta_Dmod') (U=498, N_lam=16) from table_tree_cut1000_r4.npz
[etl-callable] loaded 6/6 nonzero channels ('zeta_TTT', 'zeta_TTP', 'zeta_TPP', 'zeta_PPP', 'zeta_Bmod', 'zeta_Dmod') (U=498, N_lam=16) from table_tree_cut1000_r4.npz
[etl-callable] loaded 6/6 nonzero channels ('zeta_TTT', 'zeta_TTP', 'zeta_TPP', 'zeta_PPP', 'zeta_Bmod', 'zeta_Dmod') (U=498, N_lam=16) from table_tree_cut1000_r4.npz
[etl-callable] loaded 6/6 nonzero channels ('zeta_TTT', 'zeta_TTP', 'zeta_TPP', 'zeta_PPP', 'zeta_Bmod', 'zeta_Dmod') (U=498, N_lam=16) from table_tree_cut1000_r4.npz
[etl-callable] loaded 6/6 nonzero channels ('zeta_TTT', 'zeta_TTP', 'zeta_TPP', 'zeta_PPP', 'zeta_Bmod', 'zeta_Dmod') (U=498, N_lam=16) from table_tree_cut1000_r4.npz
[etl-callable] loaded 6/6 nonzero channels ('zeta_TTT', 'zeta_TTP', 'zeta_TPP', 'zeta_PPP', 'zeta_Bmod', 'zeta_Dmod') (U=498, N_lam=16) from table_tree_cut1000_r4.npz
[etl-callable] loaded 6/6 nonzero channels ('zeta_TTT', 'zeta_TTP', 'zeta_TPP', 'zeta_PPP', 'zeta_Bmod', 'zeta_Dmod') (U=498, N_lam=16) from table_tree_cut1000_r4.npz
[etl-callable] loaded 6/6 nonzero channels ('zeta_TTT', 'zeta_TTP', 'zeta_TPP', 'zeta_PPP', 'zeta_Bmod', 'zeta_Dmod') (U=498, N_lam=16) from table_tree_cut1000_r4.npz
[etl-callable] loaded 6/6 nonzero channels ('zeta_TTT', 'zeta_TTP', 'zeta_TPP', 'zeta_PPP', 'zeta_Bmod', 'zeta_Dmod') (U=498, N_lam=16) from table_tree_cut1000_r4.npz
[etl-callable] loaded 6/6 nonzero channels ('zeta_TTT', 'zeta_TTP', 'zeta_TPP', 'zeta_PPP', 'zeta_Bmod', 'zeta_Dmod') (U=498, N_lam=16) from table_tree_cut1000_r4.npz
[etl-callable] loaded 6/6 nonzero channels ('zeta_TTT', 'zeta_TTP', 'zeta_TPP', 'zeta_PPP', 'zeta_Bmod', 'zeta_Dmod') (U=498, N_lam=16) from table_tree_cut1000_r4.npz
[etl-callable] loaded 6/6 nonzero channels ('zeta_TTT', 'zeta_TTP', 'zeta_TPP', 'zeta_PPP', 'zeta_Bmod', 'zeta_Dmod') (U=498, N_lam=16) from table_tree_cut1000_r4.npz
[etl-callable] loaded 6/6 nonzero channels ('zeta_TTT', 'zeta_TTP', 'zeta_TPP', 'zeta_PPP', 'zeta_Bmod', 'zeta_Dmod') (U=498, N_lam=16) from table_tree_cut1000_r4.npz
[etl-callable] loaded 6/6 nonzero channels ('zeta_TTT', 'zeta_TTP', 'zeta_TPP', 'zeta_PPP', 'zeta_Bmod', 'zeta_Dmod') (U=498, N_lam=16) from table_tree_cut1000_r4.npz
[etl-callable] loaded 6/6 nonzero channels ('zeta_TTT', 'zeta_TTP', 'zeta_TPP', 'zeta_PPP', 'zeta_Bmod', 'zeta_Dmod') (U=498, N_lam=16) from table_tree_cut1000_r4.npz
[etl-callable] loaded 6/6 nonzero channels ('zeta_TTT', 'zeta_TTP', 'zeta_TPP', 'zeta_PPP', 'zeta_Bmod', 'zeta_Dmod') (U=498, N_lam=16) from table_tree_cut1000_r4.npz
[etl-callable] loaded 6/6 nonzero channels ('zeta_TTT', 'zeta_TTP', 'zeta_TPP', 'zeta_PPP', 'zeta_Bmod', 'zeta_Dmod') (U=498, N_lam=16) from table_tree_cut1000_r4.npz
[etl-callable] loaded 6/6 nonzero channels ('zeta_TTT', 'zeta_TTP', 'zeta_TPP', 'zeta_PPP', 'zeta_Bmod', 'zeta_Dmod') (U=498, N_lam=16) from table_tree_cut1000_r4.npz
[etl-callable] loaded 6/6 nonzero channels ('zeta_TTT', 'zeta_TTP', 'zeta_TPP', 'zeta_PPP', 'zeta_Bmod', 'zeta_Dmod') (U=498, N_lam=16) from table_tree_cut1000_r4.npz
[etl-callable] loaded 6/6 nonzero channels ('zeta_TTT', 'zeta_TTP', 'zeta_TPP', 'zeta_PPP', 'zeta_Bmod', 'zeta_Dmod') (U=498, N_lam=16) from table_tree_cut1000_r4.npz
[etl-callable] loaded 6/6 nonzero channels ('zeta_TTT', 'zeta_TTP', 'zeta_TPP', 'zeta_PPP', 'zeta_Bmod', 'zeta_Dmod') (U=498, N_lam=16) from table_tree_cut1000_r4.npz
[etl-callable] loaded 6/6 nonzero channels ('zeta_TTT', 'zeta_TTP', 'zeta_TPP', 'zeta_PPP', 'zeta_Bmod', 'zeta_Dmod') (U=498, N_lam=16) from table_tree_cut1000_r4.npz
[etl-callable] loaded 6/6 nonzero channels ('zeta_TTT', 'zeta_TTP', 'zeta_TPP', 'zeta_PPP', 'zeta_Bmod', 'zeta_Dmod') (U=498, N_lam=16) from table_tree_cut1000_r4.npz
[etl-callable] loaded 6/6 nonzero channels ('zeta_TTT', 'zeta_TTP', 'zeta_TPP', 'zeta_PPP', 'zeta_Bmod', 'zeta_Dmod') (U=498, N_lam=16) from table_tree_cut1000_r4.npz
[etl-callable] loaded 6/6 nonzero channels ('zeta_TTT', 'zeta_TTP', 'zeta_TPP', 'zeta_PPP', 'zeta_Bmod', 'zeta_Dmod') (U=498, N_lam=16) from table_tree_cut1000_r4.npz
[etl-callable] loaded 6/6 nonzero channels ('zeta_TTT', 'zeta_TTP', 'zeta_TPP', 'zeta_PPP', 'zeta_Bmod', 'zeta_Dmod') (U=498, N_lam=16) from table_tree_cut1000_r4.npz
[etl-callable] loaded 6/6 nonzero channels ('zeta_TTT', 'zeta_TTP', 'zeta_TPP', 'zeta_PPP', 'zeta_Bmod', 'zeta_Dmod') (U=498, N_lam=16) from table_tree_cut1000_r4.npz
[etl-callable] loaded 6/6 nonzero channels ('zeta_TTT', 'zeta_TTP', 'zeta_TPP', 'zeta_PPP', 'zeta_Bmod', 'zeta_Dmod') (U=498, N_lam=16) from table_tree_cut1000_r4.npz
[etl-callable] loaded 6/6 nonzero channels ('zeta_TTT', 'zeta_TTP', 'zeta_TPP', 'zeta_PPP', 'zeta_Bmod', 'zeta_Dmod') (U=498, N_lam=16) from table_tree_cut1000_r4.npz
[etl-callable] loaded 6/6 nonzero channels ('zeta_TTT', 'zeta_TTP', 'zeta_TPP', 'zeta_PPP', 'zeta_Bmod', 'zeta_Dmod') (U=498, N_lam=16) from table_tree_cut1000_r4.npz
[etl-callable] loaded 6/6 nonzero channels ('zeta_TTT', 'zeta_TTP', 'zeta_TPP', 'zeta_PPP', 'zeta_Bmod', 'zeta_Dmod') (U=498, N_lam=16) from table_tree_cut1000_r4.npz
[etl-callable] loaded 6/6 nonzero channels ('zeta_TTT', 'zeta_TTP', 'zeta_TPP', 'zeta_PPP', 'zeta_Bmod', 'zeta_Dmod') (U=498, N_lam=16) from table_tree_cut1000_r4.npz
[etl-callable] loaded 6/6 nonzero channels ('zeta_TTT', 'zeta_TTP', 'zeta_TPP', 'zeta_PPP', 'zeta_Bmod', 'zeta_Dmod') (U=498, N_lam=16) from table_tree_cut1000_r4.npz
[etl-callable] loaded 6/6 nonzero channels ('zeta_TTT', 'zeta_TTP', 'zeta_TPP', 'zeta_PPP', 'zeta_Bmod', 'zeta_Dmod') (U=498, N_lam=16) from table_tree_cut1000_r4.npz
[etl-callable] loaded 6/6 nonzero channels ('zeta_TTT', 'zeta_TTP', 'zeta_TPP', 'zeta_PPP', 'zeta_Bmod', 'zeta_Dmod') (U=498, N_lam=16) from table_tree_cut1000_r4.npz
[etl-callable] loaded 6/6 nonzero channels ('zeta_TTT', 'zeta_TTP', 'zeta_TPP', 'zeta_PPP', 'zeta_Bmod', 'zeta_Dmod') (U=498, N_lam=16) from table_tree_cut1000_r4.npz
[etl-callable] loaded 6/6 nonzero channels ('zeta_TTT', 'zeta_TTP', 'zeta_TPP', 'zeta_PPP', 'zeta_Bmod', 'zeta_Dmod') (U=498, N_lam=16) from table_tree_cut1000_r4.npz
[etl-callable] loaded 6/6 nonzero channels ('zeta_TTT', 'zeta_TTP', 'zeta_TPP', 'zeta_PPP', 'zeta_Bmod', 'zeta_Dmod') (U=498, N_lam=16) from table_tree_cut1000_r4.npz
[etl-callable] loaded 6/6 nonzero channels ('zeta_TTT', 'zeta_TTP', 'zeta_TPP', 'zeta_PPP', 'zeta_Bmod', 'zeta_Dmod') (U=498, N_lam=16) from table_tree_cut1000_r4.npz
[etl-callable] loaded 6/6 nonzero channels ('zeta_TTT', 'zeta_TTP', 'zeta_TPP', 'zeta_PPP', 'zeta_Bmod', 'zeta_Dmod') (U=498, N_lam=16) from table_tree_cut1000_r4.npz
[etl-callable] loaded 6/6 nonzero channels ('zeta_TTT', 'zeta_TTP', 'zeta_TPP', 'zeta_PPP', 'zeta_Bmod', 'zeta_Dmod') (U=498, N_lam=16) from table_tree_cut1000_r4.npz
[etl-callable] loaded 6/6 nonzero channels ('zeta_TTT', 'zeta_TTP', 'zeta_TPP', 'zeta_PPP', 'zeta_Bmod', 'zeta_Dmod') (U=498, N_lam=16) from table_tree_cut1000_r4.npz
[etl-callable] loaded 6/6 nonzero channels ('zeta_TTT', 'zeta_TTP', 'zeta_TPP', 'zeta_PPP', 'zeta_Bmod', 'zeta_Dmod') (U=498, N_lam=16) from table_tree_cut1000_r4.npz
[etl-callable] loaded 6/6 nonzero channels ('zeta_TTT', 'zeta_TTP', 'zeta_TPP', 'zeta_PPP', 'zeta_Bmod', 'zeta_Dmod') (U=498, N_lam=16) from table_tree_cut1000_r4.npz
[etl-callable] loaded 6/6 nonzero channels ('zeta_TTT', 'zeta_TTP', 'zeta_TPP', 'zeta_PPP', 'zeta_Bmod', 'zeta_Dmod') (U=498, N_lam=16) from table_tree_cut1000_r4.npz
[etl-callable] loaded 6/6 nonzero channels ('zeta_TTT', 'zeta_TTP', 'zeta_TPP', 'zeta_PPP', 'zeta_Bmod', 'zeta_Dmod') (U=498, N_lam=16) from table_tree_cut1000_r4.npz
[etl-callable] loaded 6/6 nonzero channels ('zeta_TTT', 'zeta_TTP', 'zeta_TPP', 'zeta_PPP', 'zeta_Bmod', 'zeta_Dmod') (U=498, N_lam=16) from table_tree_cut1000_r4.npz
[etl-callable] loaded 6/6 nonzero channels ('zeta_TTT', 'zeta_TTP', 'zeta_TPP', 'zeta_PPP', 'zeta_Bmod', 'zeta_Dmod') (U=498, N_lam=16) from table_tree_cut1000_r4.npz
[etl-callable] loaded 6/6 nonzero channels ('zeta_TTT', 'zeta_TTP', 'zeta_TPP', 'zeta_PPP', 'zeta_Bmod', 'zeta_Dmod') (U=498, N_lam=16) from table_tree_cut1000_r4.npz
[etl-callable] loaded 6/6 nonzero channels ('zeta_TTT', 'zeta_TTP', 'zeta_TPP', 'zeta_PPP', 'zeta_Bmod', 'zeta_Dmod') (U=498, N_lam=16) from table_tree_cut1000_r4.npz
[etl-callable] loaded 6/6 nonzero channels ('zeta_TTT', 'zeta_TTP', 'zeta_TPP', 'zeta_PPP', 'zeta_Bmod', 'zeta_Dmod') (U=498, N_lam=16) from table_tree_cut1000_r4.npz
[etl-callable] loaded 6/6 nonzero channels ('zeta_TTT', 'zeta_TTP', 'zeta_TPP', 'zeta_PPP', 'zeta_Bmod', 'zeta_Dmod') (U=498, N_lam=16) from table_tree_cut1000_r4.npz
[etl-callable] loaded 6/6 nonzero channels ('zeta_TTT', 'zeta_TTP', 'zeta_TPP', 'zeta_PPP', 'zeta_Bmod', 'zeta_Dmod') (U=498, N_lam=16) from table_tree_cut1000_r4.npz
[etl-callable] loaded 6/6 nonzero channels ('zeta_TTT', 'zeta_TTP', 'zeta_TPP', 'zeta_PPP', 'zeta_Bmod', 'zeta_Dmod') (U=498, N_lam=16) from table_tree_cut1000_r4.npz
[etl-callable] loaded 6/6 nonzero channels ('zeta_TTT', 'zeta_TTP', 'zeta_TPP', 'zeta_PPP', 'zeta_Bmod', 'zeta_Dmod') (U=498, N_lam=16) from table_tree_cut1000_r4.npz
[etl-callable] loaded 6/6 nonzero channels ('zeta_TTT', 'zeta_TTP', 'zeta_TPP', 'zeta_PPP', 'zeta_Bmod', 'zeta_Dmod') (U=498, N_lam=16) from table_tree_cut1000_r4.npz
[etl-callable] loaded 6/6 nonzero channels ('zeta_TTT', 'zeta_TTP', 'zeta_TPP', 'zeta_PPP', 'zeta_Bmod', 'zeta_Dmod') (U=498, N_lam=16) from table_tree_cut1000_r4.npz
[etl-callable] loaded 6/6 nonzero channels ('zeta_TTT', 'zeta_TTP', 'zeta_TPP', 'zeta_PPP', 'zeta_Bmod', 'zeta_Dmod') (U=498, N_lam=16) from table_tree_cut1000_r4.npz
[etl-callable] loaded 6/6 nonzero channels ('zeta_TTT', 'zeta_TTP', 'zeta_TPP', 'zeta_PPP', 'zeta_Bmod', 'zeta_Dmod') (U=498, N_lam=16) from table_tree_cut1000_r4.npz
[etl-callable] loaded 6/6 nonzero channels ('zeta_TTT', 'zeta_TTP', 'zeta_TPP', 'zeta_PPP', 'zeta_Bmod', 'zeta_Dmod') (U=498, N_lam=16) from table_tree_cut1000_r4.npz
[etl-callable] loaded 6/6 nonzero channels ('zeta_TTT', 'zeta_TTP', 'zeta_TPP', 'zeta_PPP', 'zeta_Bmod', 'zeta_Dmod') (U=498, N_lam=16) from table_tree_cut1000_r4.npz
[etl-callable] loaded 6/6 nonzero channels ('zeta_TTT', 'zeta_TTP', 'zeta_TPP', 'zeta_PPP', 'zeta_Bmod', 'zeta_Dmod') (U=498, N_lam=16) from table_tree_cut1000_r4.npz
[etl-callable] loaded 6/6 nonzero channels ('zeta_TTT', 'zeta_TTP', 'zeta_TPP', 'zeta_PPP', 'zeta_Bmod', 'zeta_Dmod') (U=498, N_lam=16) from table_tree_cut1000_r4.npz
[etl-callable] loaded 6/6 nonzero channels ('zeta_TTT', 'zeta_TTP', 'zeta_TPP', 'zeta_PPP', 'zeta_Bmod', 'zeta_Dmod') (U=498, N_lam=16) from table_tree_cut1000_r4.npz
[etl-callable] loaded 6/6 nonzero channels ('zeta_TTT', 'zeta_TTP', 'zeta_TPP', 'zeta_PPP', 'zeta_Bmod', 'zeta_Dmod') (U=498, N_lam=16) from table_tree_cut1000_r4.npz
[etl-callable] loaded 6/6 nonzero channels ('zeta_TTT', 'zeta_TTP', 'zeta_TPP', 'zeta_PPP', 'zeta_Bmod', 'zeta_Dmod') (U=498, N_lam=16) from table_tree_cut1000_r4.npz
[etl-callable] loaded 6/6 nonzero channels ('zeta_TTT', 'zeta_TTP', 'zeta_TPP', 'zeta_PPP', 'zeta_Bmod', 'zeta_Dmod') (U=498, N_lam=16) from table_tree_cut1000_r4.npz
[etl-callable] loaded 6/6 nonzero channels ('zeta_TTT', 'zeta_TTP', 'zeta_TPP', 'zeta_PPP', 'zeta_Bmod', 'zeta_Dmod') (U=498, N_lam=16) from table_tree_cut1000_r4.npz
[etl-callable] loaded 6/6 nonzero channels ('zeta_TTT', 'zeta_TTP', 'zeta_TPP', 'zeta_PPP', 'zeta_Bmod', 'zeta_Dmod') (U=498, N_lam=16) from table_tree_cut1000_r4.npz
[etl-callable] loaded 6/6 nonzero channels ('zeta_TTT', 'zeta_TTP', 'zeta_TPP', 'zeta_PPP', 'zeta_Bmod', 'zeta_Dmod') (U=498, N_lam=16) from table_tree_cut1000_r4.npz
[etl-callable] loaded 6/6 nonzero channels ('zeta_TTT', 'zeta_TTP', 'zeta_TPP', 'zeta_PPP', 'zeta_Bmod', 'zeta_Dmod') (U=498, N_lam=16) from table_tree_cut1000_r4.npz
[etl-callable] loaded 6/6 nonzero channels ('zeta_TTT', 'zeta_TTP', 'zeta_TPP', 'zeta_PPP', 'zeta_Bmod', 'zeta_Dmod') (U=498, N_lam=16) from table_tree_cut1000_r4.npz
[etl-callable] loaded 6/6 nonzero channels ('zeta_TTT', 'zeta_TTP', 'zeta_TPP', 'zeta_PPP', 'zeta_Bmod', 'zeta_Dmod') (U=498, N_lam=16) from table_tree_cut1000_r4.npz
[etl-callable] loaded 6/6 nonzero channels ('zeta_TTT', 'zeta_TTP', 'zeta_TPP', 'zeta_PPP', 'zeta_Bmod', 'zeta_Dmod') (U=498, N_lam=16) from table_tree_cut1000_r4.npz
[etl-callable] loaded 6/6 nonzero channels ('zeta_TTT', 'zeta_TTP', 'zeta_TPP', 'zeta_PPP', 'zeta_Bmod', 'zeta_Dmod') (U=498, N_lam=16) from table_tree_cut1000_r4.npz
[etl-callable] loaded 6/6 nonzero channels ('zeta_TTT', 'zeta_TTP', 'zeta_TPP', 'zeta_PPP', 'zeta_Bmod', 'zeta_Dmod') (U=498, N_lam=16) from table_tree_cut1000_r4.npz
[etl-callable] loaded 6/6 nonzero channels ('zeta_TTT', 'zeta_TTP', 'zeta_TPP', 'zeta_PPP', 'zeta_Bmod', 'zeta_Dmod') (U=498, N_lam=16) from table_tree_cut1000_r4.npz
[etl-callable] loaded 6/6 nonzero channels ('zeta_TTT', 'zeta_TTP', 'zeta_TPP', 'zeta_PPP', 'zeta_Bmod', 'zeta_Dmod') (U=498, N_lam=16) from table_tree_cut1000_r4.npz
[etl-callable] loaded 6/6 nonzero channels ('zeta_TTT', 'zeta_TTP', 'zeta_TPP', 'zeta_PPP', 'zeta_Bmod', 'zeta_Dmod') (U=498, N_lam=16) from table_tree_cut1000_r4.npz
[etl-callable] loaded 6/6 nonzero channels ('zeta_TTT', 'zeta_TTP', 'zeta_TPP', 'zeta_PPP', 'zeta_Bmod', 'zeta_Dmod') (U=498, N_lam=16) from table_tree_cut1000_r4.npz
[etl-callable] loaded 6/6 nonzero channels ('zeta_TTT', 'zeta_TTP', 'zeta_TPP', 'zeta_PPP', 'zeta_Bmod', 'zeta_Dmod') (U=498, N_lam=16) from table_tree_cut1000_r4.npz
[etl-callable] loaded 6/6 nonzero channels ('zeta_TTT', 'zeta_TTP', 'zeta_TPP', 'zeta_PPP', 'zeta_Bmod', 'zeta_Dmod') (U=498, N_lam=16) from table_tree_cut1000_r4.npz
[etl-callable] loaded 6/6 nonzero channels ('zeta_TTT', 'zeta_TTP', 'zeta_TPP', 'zeta_PPP', 'zeta_Bmod', 'zeta_Dmod') (U=498, N_lam=16) from table_tree_cut1000_r4.npz
[etl-callable] loaded 6/6 nonzero channels ('zeta_TTT', 'zeta_TTP', 'zeta_TPP', 'zeta_PPP', 'zeta_Bmod', 'zeta_Dmod') (U=498, N_lam=16) from table_tree_cut1000_r4.npz
[etl-callable] loaded 6/6 nonzero channels ('zeta_TTT', 'zeta_TTP', 'zeta_TPP', 'zeta_PPP', 'zeta_Bmod', 'zeta_Dmod') (U=498, N_lam=16) from table_tree_cut1000_r4.npz
[etl-callable] loaded 6/6 nonzero channels ('zeta_TTT', 'zeta_TTP', 'zeta_TPP', 'zeta_PPP', 'zeta_Bmod', 'zeta_Dmod') (U=498, N_lam=16) from table_tree_cut1000_r4.npz
[etl-callable] loaded 6/6 nonzero channels ('zeta_TTT', 'zeta_TTP', 'zeta_TPP', 'zeta_PPP', 'zeta_Bmod', 'zeta_Dmod') (U=498, N_lam=16) from table_tree_cut1000_r4.npz
[etl-callable] loaded 6/6 nonzero channels ('zeta_TTT', 'zeta_TTP', 'zeta_TPP', 'zeta_PPP', 'zeta_Bmod', 'zeta_Dmod') (U=498, N_lam=16) from table_tree_cut1000_r4.npz
[etl-callable] loaded 6/6 nonzero channels ('zeta_TTT', 'zeta_TTP', 'zeta_TPP', 'zeta_PPP', 'zeta_Bmod', 'zeta_Dmod') (U=498, N_lam=16) from table_tree_cut1000_r4.npz
[etl-callable] loaded 6/6 nonzero channels ('zeta_TTT', 'zeta_TTP', 'zeta_TPP', 'zeta_PPP', 'zeta_Bmod', 'zeta_Dmod') (U=498, N_lam=16) from table_tree_cut1000_r4.npz
[etl-callable] loaded 6/6 nonzero channels ('zeta_TTT', 'zeta_TTP', 'zeta_TPP', 'zeta_PPP', 'zeta_Bmod', 'zeta_Dmod') (U=498, N_lam=16) from table_tree_cut1000_r4.npz
[etl-callable] loaded 6/6 nonzero channels ('zeta_TTT', 'zeta_TTP', 'zeta_TPP', 'zeta_PPP', 'zeta_Bmod', 'zeta_Dmod') (U=498, N_lam=16) from table_tree_cut1000_r4.npz
[etl-callable] loaded 6/6 nonzero channels ('zeta_TTT', 'zeta_TTP', 'zeta_TPP', 'zeta_PPP', 'zeta_Bmod', 'zeta_Dmod') (U=498, N_lam=16) from table_tree_cut1000_r4.npz
[etl-callable] loaded 6/6 nonzero channels ('zeta_TTT', 'zeta_TTP', 'zeta_TPP', 'zeta_PPP', 'zeta_Bmod', 'zeta_Dmod') (U=498, N_lam=16) from table_tree_cut1000_r4.npz
[etl-callable] loaded 6/6 nonzero channels ('zeta_TTT', 'zeta_TTP', 'zeta_TPP', 'zeta_PPP', 'zeta_Bmod', 'zeta_Dmod') (U=498, N_lam=16) from table_tree_cut1000_r4.npz
[etl-callable] loaded 6/6 nonzero channels ('zeta_TTT', 'zeta_TTP', 'zeta_TPP', 'zeta_PPP', 'zeta_Bmod', 'zeta_Dmod') (U=498, N_lam=16) from table_tree_cut1000_r4.npz
[etl-callable] loaded 6/6 nonzero channels ('zeta_TTT', 'zeta_TTP', 'zeta_TPP', 'zeta_PPP', 'zeta_Bmod', 'zeta_Dmod') (U=498, N_lam=16) from table_tree_cut1000_r4.npz
[etl-callable] loaded 6/6 nonzero channels ('zeta_TTT', 'zeta_TTP', 'zeta_TPP', 'zeta_PPP', 'zeta_Bmod', 'zeta_Dmod') (U=498, N_lam=16) from table_tree_cut1000_r4.npz
[etl-callable] loaded 6/6 nonzero channels ('zeta_TTT', 'zeta_TTP', 'zeta_TPP', 'zeta_PPP', 'zeta_Bmod', 'zeta_Dmod') (U=498, N_lam=16) from table_tree_cut1000_r4.npz
[etl-callable] loaded 6/6 nonzero channels ('zeta_TTT', 'zeta_TTP', 'zeta_TPP', 'zeta_PPP', 'zeta_Bmod', 'zeta_Dmod') (U=498, N_lam=16) from table_tree_cut1000_r4.npz
[etl-callable] loaded 6/6 nonzero channels ('zeta_TTT', 'zeta_TTP', 'zeta_TPP', 'zeta_PPP', 'zeta_Bmod', 'zeta_Dmod') (U=498, N_lam=16) from table_tree_cut1000_r4.npz
[etl-callable] loaded 6/6 nonzero channels ('zeta_TTT', 'zeta_TTP', 'zeta_TPP', 'zeta_PPP', 'zeta_Bmod', 'zeta_Dmod') (U=498, N_lam=16) from table_tree_cut1000_r4.npz
[etl-callable] loaded 6/6 nonzero channels ('zeta_TTT', 'zeta_TTP', 'zeta_TPP', 'zeta_PPP', 'zeta_Bmod', 'zeta_Dmod') (U=498, N_lam=16) from table_tree_cut1000_r4.npz
[etl-callable] loaded 6/6 nonzero channels ('zeta_TTT', 'zeta_TTP', 'zeta_TPP', 'zeta_PPP', 'zeta_Bmod', 'zeta_Dmod') (U=498, N_lam=16) from table_tree_cut1000_r4.npz
[etl-callable] loaded 6/6 nonzero channels ('zeta_TTT', 'zeta_TTP', 'zeta_TPP', 'zeta_PPP', 'zeta_Bmod', 'zeta_Dmod') (U=498, N_lam=16) from table_tree_cut1000_r4.npz
[etl-callable] loaded 6/6 nonzero channels ('zeta_TTT', 'zeta_TTP', 'zeta_TPP', 'zeta_PPP', 'zeta_Bmod', 'zeta_Dmod') (U=498, N_lam=16) from table_tree_cut1000_r4.npz
[etl-callable] loaded 6/6 nonzero channels ('zeta_TTT', 'zeta_TTP', 'zeta_TPP', 'zeta_PPP', 'zeta_Bmod', 'zeta_Dmod') (U=498, N_lam=16) from table_tree_cut1000_r4.npz
[etl-callable] loaded 6/6 nonzero channels ('zeta_TTT', 'zeta_TTP', 'zeta_TPP', 'zeta_PPP', 'zeta_Bmod', 'zeta_Dmod') (U=498, N_lam=16) from table_tree_cut1000_r4.npz
[etl-callable] loaded 6/6 nonzero channels ('zeta_TTT', 'zeta_TTP', 'zeta_TPP', 'zeta_PPP', 'zeta_Bmod', 'zeta_Dmod') (U=498, N_lam=16) from table_tree_cut1000_r4.npz
[etl-callable] loaded 6/6 nonzero channels ('zeta_TTT', 'zeta_TTP', 'zeta_TPP', 'zeta_PPP', 'zeta_Bmod', 'zeta_Dmod') (U=498, N_lam=16) from table_tree_cut1000_r4.npz
[etl-callable] loaded 6/6 nonzero channels ('zeta_TTT', 'zeta_TTP', 'zeta_TPP', 'zeta_PPP', 'zeta_Bmod', 'zeta_Dmod') (U=498, N_lam=16) from table_tree_cut1000_r4.npz
[etl-callable] loaded 6/6 nonzero channels ('zeta_TTT', 'zeta_TTP', 'zeta_TPP', 'zeta_PPP', 'zeta_Bmod', 'zeta_Dmod') (U=498, N_lam=16) from table_tree_cut1000_r4.npz
[etl-callable] loaded 6/6 nonzero channels ('zeta_TTT', 'zeta_TTP', 'zeta_TPP', 'zeta_PPP', 'zeta_Bmod', 'zeta_Dmod') (U=498, N_lam=16) from table_tree_cut1000_r4.npz
[etl-callable] loaded 6/6 nonzero channels ('zeta_TTT', 'zeta_TTP', 'zeta_TPP', 'zeta_PPP', 'zeta_Bmod', 'zeta_Dmod') (U=498, N_lam=16) from table_tree_cut1000_r4.npz
[etl-callable] loaded 6/6 nonzero channels ('zeta_TTT', 'zeta_TTP', 'zeta_TPP', 'zeta_PPP', 'zeta_Bmod', 'zeta_Dmod') (U=498, N_lam=16) from table_tree_cut1000_r4.npz
[etl-callable] loaded 6/6 nonzero channels ('zeta_TTT', 'zeta_TTP', 'zeta_TPP', 'zeta_PPP', 'zeta_Bmod', 'zeta_Dmod') (U=498, N_lam=16) from table_tree_cut1000_r4.npz
[etl-callable] loaded 6/6 nonzero channels ('zeta_TTT', 'zeta_TTP', 'zeta_TPP', 'zeta_PPP', 'zeta_Bmod', 'zeta_Dmod') (U=498, N_lam=16) from table_tree_cut1000_r4.npz
[etl-callable] loaded 6/6 nonzero channels ('zeta_TTT', 'zeta_TTP', 'zeta_TPP', 'zeta_PPP', 'zeta_Bmod', 'zeta_Dmod') (U=498, N_lam=16) from table_tree_cut1000_r4.npz
[etl-callable] loaded 6/6 nonzero channels ('zeta_TTT', 'zeta_TTP', 'zeta_TPP', 'zeta_PPP', 'zeta_Bmod', 'zeta_Dmod') (U=498, N_lam=16) from table_tree_cut1000_r4.npz
[etl-callable] loaded 6/6 nonzero channels ('zeta_TTT', 'zeta_TTP', 'zeta_TPP', 'zeta_PPP', 'zeta_Bmod', 'zeta_Dmod') (U=498, N_lam=16) from table_tree_cut1000_r4.npz
[etl-callable] loaded 6/6 nonzero channels ('zeta_TTT', 'zeta_TTP', 'zeta_TPP', 'zeta_PPP', 'zeta_Bmod', 'zeta_Dmod') (U=498, N_lam=16) from table_tree_cut1000_r4.npz
[etl-callable] loaded 6/6 nonzero channels ('zeta_TTT', 'zeta_TTP', 'zeta_TPP', 'zeta_PPP', 'zeta_Bmod', 'zeta_Dmod') (U=498, N_lam=16) from table_tree_cut1000_r4.npz
[etl-callable] loaded 6/6 nonzero channels ('zeta_TTT', 'zeta_TTP', 'zeta_TPP', 'zeta_PPP', 'zeta_Bmod', 'zeta_Dmod') (U=498, N_lam=16) from table_tree_cut1000_r4.npz
[etl-callable] loaded 6/6 nonzero channels ('zeta_TTT', 'zeta_TTP', 'zeta_TPP', 'zeta_PPP', 'zeta_Bmod', 'zeta_Dmod') (U=498, N_lam=16) from table_tree_cut1000_r4.npz
[etl-callable] loaded 6/6 nonzero channels ('zeta_TTT', 'zeta_TTP', 'zeta_TPP', 'zeta_PPP', 'zeta_Bmod', 'zeta_Dmod') (U=498, N_lam=16) from table_tree_cut1000_r4.npz
[etl-callable] loaded 6/6 nonzero channels ('zeta_TTT', 'zeta_TTP', 'zeta_TPP', 'zeta_PPP', 'zeta_Bmod', 'zeta_Dmod') (U=498, N_lam=16) from table_tree_cut1000_r4.npz
[etl-callable] loaded 6/6 nonzero channels ('zeta_TTT', 'zeta_TTP', 'zeta_TPP', 'zeta_PPP', 'zeta_Bmod', 'zeta_Dmod') (U=498, N_lam=16) from table_tree_cut1000_r4.npz
[etl-callable] loaded 6/6 nonzero channels ('zeta_TTT', 'zeta_TTP', 'zeta_TPP', 'zeta_PPP', 'zeta_Bmod', 'zeta_Dmod') (U=498, N_lam=16) from table_tree_cut1000_r4.npz
[etl-callable] loaded 6/6 nonzero channels ('zeta_TTT', 'zeta_TTP', 'zeta_TPP', 'zeta_PPP', 'zeta_Bmod', 'zeta_Dmod') (U=498, N_lam=16) from table_tree_cut1000_r4.npz
[etl-callable] loaded 6/6 nonzero channels ('zeta_TTT', 'zeta_TTP', 'zeta_TPP', 'zeta_PPP', 'zeta_Bmod', 'zeta_Dmod') (U=498, N_lam=16) from table_tree_cut1000_r4.npz
[etl-callable] loaded 6/6 nonzero channels ('zeta_TTT', 'zeta_TTP', 'zeta_TPP', 'zeta_PPP', 'zeta_Bmod', 'zeta_Dmod') (U=498, N_lam=16) from table_tree_cut1000_r4.npz
[etl-callable] loaded 6/6 nonzero channels ('zeta_TTT', 'zeta_TTP', 'zeta_TPP', 'zeta_PPP', 'zeta_Bmod', 'zeta_Dmod') (U=498, N_lam=16) from table_tree_cut1000_r4.npz
[etl-callable] loaded 6/6 nonzero channels ('zeta_TTT', 'zeta_TTP', 'zeta_TPP', 'zeta_PPP', 'zeta_Bmod', 'zeta_Dmod') (U=498, N_lam=16) from table_tree_cut1000_r4.npz
[etl-callable] loaded 6/6 nonzero channels ('zeta_TTT', 'zeta_TTP', 'zeta_TPP', 'zeta_PPP', 'zeta_Bmod', 'zeta_Dmod') (U=498, N_lam=16) from table_tree_cut1000_r4.npz
[etl-callable] loaded 6/6 nonzero channels ('zeta_TTT', 'zeta_TTP', 'zeta_TPP', 'zeta_PPP', 'zeta_Bmod', 'zeta_Dmod') (U=498, N_lam=16) from table_tree_cut1000_r4.npz
[etl-callable] loaded 6/6 nonzero channels ('zeta_TTT', 'zeta_TTP', 'zeta_TPP', 'zeta_PPP', 'zeta_Bmod', 'zeta_Dmod') (U=498, N_lam=16) from table_tree_cut1000_r4.npz
[etl-callable] loaded 6/6 nonzero channels ('zeta_TTT', 'zeta_TTP', 'zeta_TPP', 'zeta_PPP', 'zeta_Bmod', 'zeta_Dmod') (U=498, N_lam=16) from table_tree_cut1000_r4.npz
[etl-callable] loaded 6/6 nonzero channels ('zeta_TTT', 'zeta_TTP', 'zeta_TPP', 'zeta_PPP', 'zeta_Bmod', 'zeta_Dmod') (U=498, N_lam=16) from table_tree_cut1000_r4.npz
[etl-callable] loaded 6/6 nonzero channels ('zeta_TTT', 'zeta_TTP', 'zeta_TPP', 'zeta_PPP', 'zeta_Bmod', 'zeta_Dmod') (U=498, N_lam=16) from table_tree_cut1000_r4.npz
[etl-callable] loaded 6/6 nonzero channels ('zeta_TTT', 'zeta_TTP', 'zeta_TPP', 'zeta_PPP', 'zeta_Bmod', 'zeta_Dmod') (U=498, N_lam=16) from table_tree_cut1000_r4.npz
[etl-callable] loaded 6/6 nonzero channels ('zeta_TTT', 'zeta_TTP', 'zeta_TPP', 'zeta_PPP', 'zeta_Bmod', 'zeta_Dmod') (U=498, N_lam=16) from table_tree_cut1000_r4.npz
[etl-callable] loaded 6/6 nonzero channels ('zeta_TTT', 'zeta_TTP', 'zeta_TPP', 'zeta_PPP', 'zeta_Bmod', 'zeta_Dmod') (U=498, N_lam=16) from table_tree_cut1000_r4.npz
[etl-callable] loaded 6/6 nonzero channels ('zeta_TTT', 'zeta_TTP', 'zeta_TPP', 'zeta_PPP', 'zeta_Bmod', 'zeta_Dmod') (U=498, N_lam=16) from table_tree_cut1000_r4.npz
[etl-callable] loaded 6/6 nonzero channels ('zeta_TTT', 'zeta_TTP', 'zeta_TPP', 'zeta_PPP', 'zeta_Bmod', 'zeta_Dmod') (U=498, N_lam=16) from table_tree_cut1000_r4.npz
[etl-callable] loaded 6/6 nonzero channels ('zeta_TTT', 'zeta_TTP', 'zeta_TPP', 'zeta_PPP', 'zeta_Bmod', 'zeta_Dmod') (U=498, N_lam=16) from table_tree_cut1000_r4.npz
[etl-callable] loaded 6/6 nonzero channels ('zeta_TTT', 'zeta_TTP', 'zeta_TPP', 'zeta_PPP', 'zeta_Bmod', 'zeta_Dmod') (U=498, N_lam=16) from table_tree_cut1000_r4.npz
[etl-callable] loaded 6/6 nonzero channels ('zeta_TTT', 'zeta_TTP', 'zeta_TPP', 'zeta_PPP', 'zeta_Bmod', 'zeta_Dmod') (U=498, N_lam=16) from table_tree_cut1000_r4.npz
[etl-callable] loaded 6/6 nonzero channels ('zeta_TTT', 'zeta_TTP', 'zeta_TPP', 'zeta_PPP', 'zeta_Bmod', 'zeta_Dmod') (U=498, N_lam=16) from table_tree_cut1000_r4.npz
[etl-callable] loaded 6/6 nonzero channels ('zeta_TTT', 'zeta_TTP', 'zeta_TPP', 'zeta_PPP', 'zeta_Bmod', 'zeta_Dmod') (U=498, N_lam=16) from table_tree_cut1000_r4.npz
[etl-callable] loaded 6/6 nonzero channels ('zeta_TTT', 'zeta_TTP', 'zeta_TPP', 'zeta_PPP', 'zeta_Bmod', 'zeta_Dmod') (U=498, N_lam=16) from table_tree_cut1000_r4.npz
[etl-callable] loaded 6/6 nonzero channels ('zeta_TTT', 'zeta_TTP', 'zeta_TPP', 'zeta_PPP', 'zeta_Bmod', 'zeta_Dmod') (U=498, N_lam=16) from table_tree_cut1000_r4.npz
[etl-callable] loaded 6/6 nonzero channels ('zeta_TTT', 'zeta_TTP', 'zeta_TPP', 'zeta_PPP', 'zeta_Bmod', 'zeta_Dmod') (U=498, N_lam=16) from table_tree_cut1000_r4.npz
[etl-callable] loaded 6/6 nonzero channels ('zeta_TTT', 'zeta_TTP', 'zeta_TPP', 'zeta_PPP', 'zeta_Bmod', 'zeta_Dmod') (U=498, N_lam=16) from table_tree_cut1000_r4.npz
[etl-callable] loaded 6/6 nonzero channels ('zeta_TTT', 'zeta_TTP', 'zeta_TPP', 'zeta_PPP', 'zeta_Bmod', 'zeta_Dmod') (U=498, N_lam=16) from table_tree_cut1000_r4.npz
[etl-callable] loaded 6/6 nonzero channels ('zeta_TTT', 'zeta_TTP', 'zeta_TPP', 'zeta_PPP', 'zeta_Bmod', 'zeta_Dmod') (U=498, N_lam=16) from table_tree_cut1000_r4.npz
[etl-callable] loaded 6/6 nonzero channels ('zeta_TTT', 'zeta_TTP', 'zeta_TPP', 'zeta_PPP', 'zeta_Bmod', 'zeta_Dmod') (U=498, N_lam=16) from table_tree_cut1000_r4.npz
[etl-callable] loaded 6/6 nonzero channels ('zeta_TTT', 'zeta_TTP', 'zeta_TPP', 'zeta_PPP', 'zeta_Bmod', 'zeta_Dmod') (U=498, N_lam=16) from table_tree_cut1000_r4.npz
[etl-callable] loaded 6/6 nonzero channels ('zeta_TTT', 'zeta_TTP', 'zeta_TPP', 'zeta_PPP', 'zeta_Bmod', 'zeta_Dmod') (U=498, N_lam=16) from table_tree_cut1000_r4.npz
[etl-callable] loaded 6/6 nonzero channels ('zeta_TTT', 'zeta_TTP', 'zeta_TPP', 'zeta_PPP', 'zeta_Bmod', 'zeta_Dmod') (U=498, N_lam=16) from table_tree_cut1000_r4.npz
[etl-callable] loaded 6/6 nonzero channels ('zeta_TTT', 'zeta_TTP', 'zeta_TPP', 'zeta_PPP', 'zeta_Bmod', 'zeta_Dmod') (U=498, N_lam=16) from table_tree_cut1000_r4.npz
[etl-callable] loaded 6/6 nonzero channels ('zeta_TTT', 'zeta_TTP', 'zeta_TPP', 'zeta_PPP', 'zeta_Bmod', 'zeta_Dmod') (U=498, N_lam=16) from table_tree_cut1000_r4.npz
[etl-callable] loaded 6/6 nonzero channels ('zeta_TTT', 'zeta_TTP', 'zeta_TPP', 'zeta_PPP', 'zeta_Bmod', 'zeta_Dmod') (U=498, N_lam=16) from table_tree_cut1000_r4.npz
[etl-callable] loaded 6/6 nonzero channels ('zeta_TTT', 'zeta_TTP', 'zeta_TPP', 'zeta_PPP', 'zeta_Bmod', 'zeta_Dmod') (U=498, N_lam=16) from table_tree_cut1000_r4.npz
[etl-callable] loaded 6/6 nonzero channels ('zeta_TTT', 'zeta_TTP', 'zeta_TPP', 'zeta_PPP', 'zeta_Bmod', 'zeta_Dmod') (U=498, N_lam=16) from table_tree_cut1000_r4.npz
[etl-callable] loaded 6/6 nonzero channels ('zeta_TTT', 'zeta_TTP', 'zeta_TPP', 'zeta_PPP', 'zeta_Bmod', 'zeta_Dmod') (U=498, N_lam=16) from table_tree_cut1000_r4.npz
[etl-callable] loaded 6/6 nonzero channels ('zeta_TTT', 'zeta_TTP', 'zeta_TPP', 'zeta_PPP', 'zeta_Bmod', 'zeta_Dmod') (U=498, N_lam=16) from table_tree_cut1000_r4.npz
[etl-callable] loaded 6/6 nonzero channels ('zeta_TTT', 'zeta_TTP', 'zeta_TPP', 'zeta_PPP', 'zeta_Bmod', 'zeta_Dmod') (U=498, N_lam=16) from table_tree_cut1000_r4.npz
[etl-callable] loaded 6/6 nonzero channels ('zeta_TTT', 'zeta_TTP', 'zeta_TPP', 'zeta_PPP', 'zeta_Bmod', 'zeta_Dmod') (U=498, N_lam=16) from table_tree_cut1000_r4.npz
[etl-callable] loaded 6/6 nonzero channels ('zeta_TTT', 'zeta_TTP', 'zeta_TPP', 'zeta_PPP', 'zeta_Bmod', 'zeta_Dmod') (U=498, N_lam=16) from table_tree_cut1000_r4.npz
[etl-callable] loaded 6/6 nonzero channels ('zeta_TTT', 'zeta_TTP', 'zeta_TPP', 'zeta_PPP', 'zeta_Bmod', 'zeta_Dmod') (U=498, N_lam=16) from table_tree_cut1000_r4.npz
[etl-callable] loaded 6/6 nonzero channels ('zeta_TTT', 'zeta_TTP', 'zeta_TPP', 'zeta_PPP', 'zeta_Bmod', 'zeta_Dmod') (U=498, N_lam=16) from table_tree_cut1000_r4.npz
[etl-callable] loaded 6/6 nonzero channels ('zeta_TTT', 'zeta_TTP', 'zeta_TPP', 'zeta_PPP', 'zeta_Bmod', 'zeta_Dmod') (U=498, N_lam=16) from table_tree_cut1000_r4.npz
[etl-callable] loaded 6/6 nonzero channels ('zeta_TTT', 'zeta_TTP', 'zeta_TPP', 'zeta_PPP', 'zeta_Bmod', 'zeta_Dmod') (U=498, N_lam=16) from table_tree_cut1000_r4.npz
[etl-callable] loaded 6/6 nonzero channels ('zeta_TTT', 'zeta_TTP', 'zeta_TPP', 'zeta_PPP', 'zeta_Bmod', 'zeta_Dmod') (U=498, N_lam=16) from table_tree_cut1000_r4.npz
[etl-callable] loaded 6/6 nonzero channels ('zeta_TTT', 'zeta_TTP', 'zeta_TPP', 'zeta_PPP', 'zeta_Bmod', 'zeta_Dmod') (U=498, N_lam=16) from table_tree_cut1000_r4.npz
[etl-callable] loaded 6/6 nonzero channels ('zeta_TTT', 'zeta_TTP', 'zeta_TPP', 'zeta_PPP', 'zeta_Bmod', 'zeta_Dmod') (U=498, N_lam=16) from table_tree_cut1000_r4.npz
[etl-callable] loaded 6/6 nonzero channels ('zeta_TTT', 'zeta_TTP', 'zeta_TPP', 'zeta_PPP', 'zeta_Bmod', 'zeta_Dmod') (U=498, N_lam=16) from table_tree_cut1000_r4.npz
[etl-callable] loaded 6/6 nonzero channels ('zeta_TTT', 'zeta_TTP', 'zeta_TPP', 'zeta_PPP', 'zeta_Bmod', 'zeta_Dmod') (U=498, N_lam=16) from table_tree_cut1000_r4.npz
[etl-callable] loaded 6/6 nonzero channels ('zeta_TTT', 'zeta_TTP', 'zeta_TPP', 'zeta_PPP', 'zeta_Bmod', 'zeta_Dmod') (U=498, N_lam=16) from table_tree_cut1000_r4.npz
[etl-callable] loaded 6/6 nonzero channels ('zeta_TTT', 'zeta_TTP', 'zeta_TPP', 'zeta_PPP', 'zeta_Bmod', 'zeta_Dmod') (U=498, N_lam=16) from table_tree_cut1000_r4.npz
[etl-callable] loaded 6/6 nonzero channels ('zeta_TTT', 'zeta_TTP', 'zeta_TPP', 'zeta_PPP', 'zeta_Bmod', 'zeta_Dmod') (U=498, N_lam=16) from table_tree_cut1000_r4.npz
[etl-callable] loaded 6/6 nonzero channels ('zeta_TTT', 'zeta_TTP', 'zeta_TPP', 'zeta_PPP', 'zeta_Bmod', 'zeta_Dmod') (U=498, N_lam=16) from table_tree_cut1000_r4.npz
[etl-callable] loaded 6/6 nonzero channels ('zeta_TTT', 'zeta_TTP', 'zeta_TPP', 'zeta_PPP', 'zeta_Bmod', 'zeta_Dmod') (U=498, N_lam=16) from table_tree_cut1000_r4.npz
[etl-callable] loaded 6/6 nonzero channels ('zeta_TTT', 'zeta_TTP', 'zeta_TPP', 'zeta_PPP', 'zeta_Bmod', 'zeta_Dmod') (U=498, N_lam=16) from table_tree_cut1000_r4.npz
[etl-callable] loaded 6/6 nonzero channels ('zeta_TTT', 'zeta_TTP', 'zeta_TPP', 'zeta_PPP', 'zeta_Bmod', 'zeta_Dmod') (U=498, N_lam=16) from table_tree_cut1000_r4.npz
[etl-callable] loaded 6/6 nonzero channels ('zeta_TTT', 'zeta_TTP', 'zeta_TPP', 'zeta_PPP', 'zeta_Bmod', 'zeta_Dmod') (U=498, N_lam=16) from table_tree_cut1000_r4.npz
[etl-callable] loaded 6/6 nonzero channels ('zeta_TTT', 'zeta_TTP', 'zeta_TPP', 'zeta_PPP', 'zeta_Bmod', 'zeta_Dmod') (U=498, N_lam=16) from table_tree_cut1000_r4.npz
[etl-callable] loaded 6/6 nonzero channels ('zeta_TTT', 'zeta_TTP', 'zeta_TPP', 'zeta_PPP', 'zeta_Bmod', 'zeta_Dmod') (U=498, N_lam=16) from table_tree_cut1000_r4.npz
[etl-callable] loaded 6/6 nonzero channels ('zeta_TTT', 'zeta_TTP', 'zeta_TPP', 'zeta_PPP', 'zeta_Bmod', 'zeta_Dmod') (U=498, N_lam=16) from table_tree_cut1000_r4.npz
[etl-callable] loaded 6/6 nonzero channels ('zeta_TTT', 'zeta_TTP', 'zeta_TPP', 'zeta_PPP', 'zeta_Bmod', 'zeta_Dmod') (U=498, N_lam=16) from table_tree_cut1000_r4.npz
[etl-callable] loaded 6/6 nonzero channels ('zeta_TTT', 'zeta_TTP', 'zeta_TPP', 'zeta_PPP', 'zeta_Bmod', 'zeta_Dmod') (U=498, N_lam=16) from table_tree_cut1000_r4.npz
[etl-callable] loaded 6/6 nonzero channels ('zeta_TTT', 'zeta_TTP', 'zeta_TPP', 'zeta_PPP', 'zeta_Bmod', 'zeta_Dmod') (U=498, N_lam=16) from table_tree_cut1000_r4.npz
[etl-callable] loaded 6/6 nonzero channels ('zeta_TTT', 'zeta_TTP', 'zeta_TPP', 'zeta_PPP', 'zeta_Bmod', 'zeta_Dmod') (U=498, N_lam=16) from table_tree_cut1000_r4.npz
[etl-callable] loaded 6/6 nonzero channels ('zeta_TTT', 'zeta_TTP', 'zeta_TPP', 'zeta_PPP', 'zeta_Bmod', 'zeta_Dmod') (U=498, N_lam=16) from table_tree_cut1000_r4.npz
[etl-callable] loaded 6/6 nonzero channels ('zeta_TTT', 'zeta_TTP', 'zeta_TPP', 'zeta_PPP', 'zeta_Bmod', 'zeta_Dmod') (U=498, N_lam=16) from table_tree_cut1000_r4.npz
[etl-callable] loaded 6/6 nonzero channels ('zeta_TTT', 'zeta_TTP', 'zeta_TPP', 'zeta_PPP', 'zeta_Bmod', 'zeta_Dmod') (U=498, N_lam=16) from table_tree_cut1000_r4.npz
[etl-callable] loaded 6/6 nonzero channels ('zeta_TTT', 'zeta_TTP', 'zeta_TPP', 'zeta_PPP', 'zeta_Bmod', 'zeta_Dmod') (U=498, N_lam=16) from table_tree_cut1000_r4.npz
[etl-callable] loaded 6/6 nonzero channels ('zeta_TTT', 'zeta_TTP', 'zeta_TPP', 'zeta_PPP', 'zeta_Bmod', 'zeta_Dmod') (U=498, N_lam=16) from table_tree_cut1000_r4.npz
[etl-callable] loaded 6/6 nonzero channels ('zeta_TTT', 'zeta_TTP', 'zeta_TPP', 'zeta_PPP', 'zeta_Bmod', 'zeta_Dmod') (U=498, N_lam=16) from table_tree_cut1000_r4.npz
[etl-callable] loaded 6/6 nonzero channels ('zeta_TTT', 'zeta_TTP', 'zeta_TPP', 'zeta_PPP', 'zeta_Bmod', 'zeta_Dmod') (U=498, N_lam=16) from table_tree_cut1000_r4.npz
[etl-callable] loaded 6/6 nonzero channels ('zeta_TTT', 'zeta_TTP', 'zeta_TPP', 'zeta_PPP', 'zeta_Bmod', 'zeta_Dmod') (U=498, N_lam=16) from table_tree_cut1000_r4.npz
[etl-callable] loaded 6/6 nonzero channels ('zeta_TTT', 'zeta_TTP', 'zeta_TPP', 'zeta_PPP', 'zeta_Bmod', 'zeta_Dmod') (U=498, N_lam=16) from table_tree_cut1000_r4.npz
[etl-callable] loaded 6/6 nonzero channels ('zeta_TTT', 'zeta_TTP', 'zeta_TPP', 'zeta_PPP', 'zeta_Bmod', 'zeta_Dmod') (U=498, N_lam=16) from table_tree_cut1000_r4.npz
[etl-callable] loaded 6/6 nonzero channels ('zeta_TTT', 'zeta_TTP', 'zeta_TPP', 'zeta_PPP', 'zeta_Bmod', 'zeta_Dmod') (U=498, N_lam=16) from table_tree_cut1000_r4.npz
[etl-callable] loaded 6/6 nonzero channels ('zeta_TTT', 'zeta_TTP', 'zeta_TPP', 'zeta_PPP', 'zeta_Bmod', 'zeta_Dmod') (U=498, N_lam=16) from table_tree_cut1000_r4.npz
[etl-callable] loaded 6/6 nonzero channels ('zeta_TTT', 'zeta_TTP', 'zeta_TPP', 'zeta_PPP', 'zeta_Bmod', 'zeta_Dmod') (U=498, N_lam=16) from table_tree_cut1000_r4.npz
[etl-callable] loaded 6/6 nonzero channels ('zeta_TTT', 'zeta_TTP', 'zeta_TPP', 'zeta_PPP', 'zeta_Bmod', 'zeta_Dmod') (U=498, N_lam=16) from table_tree_cut1000_r4.npz
[etl-callable] loaded 6/6 nonzero channels ('zeta_TTT', 'zeta_TTP', 'zeta_TPP', 'zeta_PPP', 'zeta_Bmod', 'zeta_Dmod') (U=498, N_lam=16) from table_tree_cut1000_r4.npz
[etl-callable] loaded 6/6 nonzero channels ('zeta_TTT', 'zeta_TTP', 'zeta_TPP', 'zeta_PPP', 'zeta_Bmod', 'zeta_Dmod') (U=498, N_lam=16) from table_tree_cut1000_r4.npz
[etl-callable] loaded 6/6 nonzero channels ('zeta_TTT', 'zeta_TTP', 'zeta_TPP', 'zeta_PPP', 'zeta_Bmod', 'zeta_Dmod') (U=498, N_lam=16) from table_tree_cut1000_r4.npz
[etl-callable] loaded 6/6 nonzero channels ('zeta_TTT', 'zeta_TTP', 'zeta_TPP', 'zeta_PPP', 'zeta_Bmod', 'zeta_Dmod') (U=498, N_lam=16) from table_tree_cut1000_r4.npz
[etl-callable] loaded 6/6 nonzero channels ('zeta_TTT', 'zeta_TTP', 'zeta_TPP', 'zeta_PPP', 'zeta_Bmod', 'zeta_Dmod') (U=498, N_lam=16) from table_tree_cut1000_r4.npz
[etl-callable] loaded 6/6 nonzero channels ('zeta_TTT', 'zeta_TTP', 'zeta_TPP', 'zeta_PPP', 'zeta_Bmod', 'zeta_Dmod') (U=498, N_lam=16) from table_tree_cut1000_r4.npz
[etl-callable] loaded 6/6 nonzero channels ('zeta_TTT', 'zeta_TTP', 'zeta_TPP', 'zeta_PPP', 'zeta_Bmod', 'zeta_Dmod') (U=498, N_lam=16) from table_tree_cut1000_r4.npz
[etl-callable] loaded 6/6 nonzero channels ('zeta_TTT', 'zeta_TTP', 'zeta_TPP', 'zeta_PPP', 'zeta_Bmod', 'zeta_Dmod') (U=498, N_lam=16) from table_tree_cut1000_r4.npz
[etl-callable] loaded 6/6 nonzero channels ('zeta_TTT', 'zeta_TTP', 'zeta_TPP', 'zeta_PPP', 'zeta_Bmod', 'zeta_Dmod') (U=498, N_lam=16) from table_tree_cut1000_r4.npz
[etl-callable] loaded 6/6 nonzero channels ('zeta_TTT', 'zeta_TTP', 'zeta_TPP', 'zeta_PPP', 'zeta_Bmod', 'zeta_Dmod') (U=498, N_lam=16) from table_tree_cut1000_r4.npz
[etl-callable] loaded 6/6 nonzero channels ('zeta_TTT', 'zeta_TTP', 'zeta_TPP', 'zeta_PPP', 'zeta_Bmod', 'zeta_Dmod') (U=498, N_lam=16) from table_tree_cut1000_r4.npz
[etl-callable] loaded 6/6 nonzero channels ('zeta_TTT', 'zeta_TTP', 'zeta_TPP', 'zeta_PPP', 'zeta_Bmod', 'zeta_Dmod') (U=498, N_lam=16) from table_tree_cut1000_r4.npz
[etl-callable] loaded 6/6 nonzero channels ('zeta_TTT', 'zeta_TTP', 'zeta_TPP', 'zeta_PPP', 'zeta_Bmod', 'zeta_Dmod') (U=498, N_lam=16) from table_tree_cut1000_r4.npz
[etl-callable] loaded 6/6 nonzero channels ('zeta_TTT', 'zeta_TTP', 'zeta_TPP', 'zeta_PPP', 'zeta_Bmod', 'zeta_Dmod') (U=498, N_lam=16) from table_tree_cut1000_r4.npz
[etl-callable] loaded 6/6 nonzero channels ('zeta_TTT', 'zeta_TTP', 'zeta_TPP', 'zeta_PPP', 'zeta_Bmod', 'zeta_Dmod') (U=498, N_lam=16) from table_tree_cut1000_r4.npz
[etl-callable] loaded 6/6 nonzero channels ('zeta_TTT', 'zeta_TTP', 'zeta_TPP', 'zeta_PPP', 'zeta_Bmod', 'zeta_Dmod') (U=498, N_lam=16) from table_tree_cut1000_r4.npz
[etl-callable] loaded 6/6 nonzero channels ('zeta_TTT', 'zeta_TTP', 'zeta_TPP', 'zeta_PPP', 'zeta_Bmod', 'zeta_Dmod') (U=498, N_lam=16) from table_tree_cut1000_r4.npz
[etl-callable] loaded 6/6 nonzero channels ('zeta_TTT', 'zeta_TTP', 'zeta_TPP', 'zeta_PPP', 'zeta_Bmod', 'zeta_Dmod') (U=498, N_lam=16) from table_tree_cut1000_r4.npz
[etl-callable] loaded 6/6 nonzero channels ('zeta_TTT', 'zeta_TTP', 'zeta_TPP', 'zeta_PPP', 'zeta_Bmod', 'zeta_Dmod') (U=498, N_lam=16) from table_tree_cut1000_r4.npz
[etl-callable] loaded 6/6 nonzero channels ('zeta_TTT', 'zeta_TTP', 'zeta_TPP', 'zeta_PPP', 'zeta_Bmod', 'zeta_Dmod') (U=498, N_lam=16) from table_tree_cut1000_r4.npz
[etl-callable] loaded 6/6 nonzero channels ('zeta_TTT', 'zeta_TTP', 'zeta_TPP', 'zeta_PPP', 'zeta_Bmod', 'zeta_Dmod') (U=498, N_lam=16) from table_tree_cut1000_r4.npz
[etl-callable] loaded 6/6 nonzero channels ('zeta_TTT', 'zeta_TTP', 'zeta_TPP', 'zeta_PPP', 'zeta_Bmod', 'zeta_Dmod') (U=498, N_lam=16) from table_tree_cut1000_r4.npz
[etl-callable] loaded 6/6 nonzero channels ('zeta_TTT', 'zeta_TTP', 'zeta_TPP', 'zeta_PPP', 'zeta_Bmod', 'zeta_Dmod') (U=498, N_lam=16) from table_tree_cut1000_r4.npz
[etl-callable] loaded 6/6 nonzero channels ('zeta_TTT', 'zeta_TTP', 'zeta_TPP', 'zeta_PPP', 'zeta_Bmod', 'zeta_Dmod') (U=498, N_lam=16) from table_tree_cut1000_r4.npz
[etl-callable] loaded 6/6 nonzero channels ('zeta_TTT', 'zeta_TTP', 'zeta_TPP', 'zeta_PPP', 'zeta_Bmod', 'zeta_Dmod') (U=498, N_lam=16) from table_tree_cut1000_r4.npz
[etl-callable] loaded 6/6 nonzero channels ('zeta_TTT', 'zeta_TTP', 'zeta_TPP', 'zeta_PPP', 'zeta_Bmod', 'zeta_Dmod') (U=498, N_lam=16) from table_tree_cut1000_r4.npz
[etl-callable] loaded 6/6 nonzero channels ('zeta_TTT', 'zeta_TTP', 'zeta_TPP', 'zeta_PPP', 'zeta_Bmod', 'zeta_Dmod') (U=498, N_lam=16) from table_tree_cut1000_r4.npz
[etl-callable] loaded 6/6 nonzero channels ('zeta_TTT', 'zeta_TTP', 'zeta_TPP', 'zeta_PPP', 'zeta_Bmod', 'zeta_Dmod') (U=498, N_lam=16) from table_tree_cut1000_r4.npz
[etl-callable] loaded 6/6 nonzero channels ('zeta_TTT', 'zeta_TTP', 'zeta_TPP', 'zeta_PPP', 'zeta_Bmod', 'zeta_Dmod') (U=498, N_lam=16) from table_tree_cut1000_r4.npz
[etl-callable] loaded 6/6 nonzero channels ('zeta_TTT', 'zeta_TTP', 'zeta_TPP', 'zeta_PPP', 'zeta_Bmod', 'zeta_Dmod') (U=498, N_lam=16) from table_tree_cut1000_r4.npz
[etl-callable] loaded 6/6 nonzero channels ('zeta_TTT', 'zeta_TTP', 'zeta_TPP', 'zeta_PPP', 'zeta_Bmod', 'zeta_Dmod') (U=498, N_lam=16) from table_tree_cut1000_r4.npz
[etl-callable] loaded 6/6 nonzero channels ('zeta_TTT', 'zeta_TTP', 'zeta_TPP', 'zeta_PPP', 'zeta_Bmod', 'zeta_Dmod') (U=498, N_lam=16) from table_tree_cut1000_r4.npz
[etl-callable] loaded 6/6 nonzero channels ('zeta_TTT', 'zeta_TTP', 'zeta_TPP', 'zeta_PPP', 'zeta_Bmod', 'zeta_Dmod') (U=498, N_lam=16) from table_tree_cut1000_r4.npz
[etl-callable] loaded 6/6 nonzero channels ('zeta_TTT', 'zeta_TTP', 'zeta_TPP', 'zeta_PPP', 'zeta_Bmod', 'zeta_Dmod') (U=498, N_lam=16) from table_tree_cut1000_r4.npz
[etl-callable] loaded 6/6 nonzero channels ('zeta_TTT', 'zeta_TTP', 'zeta_TPP', 'zeta_PPP', 'zeta_Bmod', 'zeta_Dmod') (U=498, N_lam=16) from table_tree_cut1000_r4.npz
[etl-callable] loaded 6/6 nonzero channels ('zeta_TTT', 'zeta_TTP', 'zeta_TPP', 'zeta_PPP', 'zeta_Bmod', 'zeta_Dmod') (U=498, N_lam=16) from table_tree_cut1000_r4.npz
[etl-callable] loaded 6/6 nonzero channels ('zeta_TTT', 'zeta_TTP', 'zeta_TPP', 'zeta_PPP', 'zeta_Bmod', 'zeta_Dmod') (U=498, N_lam=16) from table_tree_cut1000_r4.npz
[etl-callable] loaded 6/6 nonzero channels ('zeta_TTT', 'zeta_TTP', 'zeta_TPP', 'zeta_PPP', 'zeta_Bmod', 'zeta_Dmod') (U=498, N_lam=16) from table_tree_cut1000_r4.npz
[etl-callable] loaded 6/6 nonzero channels ('zeta_TTT', 'zeta_TTP', 'zeta_TPP', 'zeta_PPP', 'zeta_Bmod', 'zeta_Dmod') (U=498, N_lam=16) from table_tree_cut1000_r4.npz
[etl-callable] loaded 6/6 nonzero channels ('zeta_TTT', 'zeta_TTP', 'zeta_TPP', 'zeta_PPP', 'zeta_Bmod', 'zeta_Dmod') (U=498, N_lam=16) from table_tree_cut1000_r4.npz
[etl-callable] loaded 6/6 nonzero channels ('zeta_TTT', 'zeta_TTP', 'zeta_TPP', 'zeta_PPP', 'zeta_Bmod', 'zeta_Dmod') (U=498, N_lam=16) from table_tree_cut1000_r4.npz
[etl-callable] loaded 6/6 nonzero channels ('zeta_TTT', 'zeta_TTP', 'zeta_TPP', 'zeta_PPP', 'zeta_Bmod', 'zeta_Dmod') (U=498, N_lam=16) from table_tree_cut1000_r4.npz
[etl-callable] loaded 6/6 nonzero channels ('zeta_TTT', 'zeta_TTP', 'zeta_TPP', 'zeta_PPP', 'zeta_Bmod', 'zeta_Dmod') (U=498, N_lam=16) from table_tree_cut1000_r4.npz
[etl-callable] loaded 6/6 nonzero channels ('zeta_TTT', 'zeta_TTP', 'zeta_TPP', 'zeta_PPP', 'zeta_Bmod', 'zeta_Dmod') (U=498, N_lam=16) from table_tree_cut1000_r4.npz
[etl-callable] loaded 6/6 nonzero channels ('zeta_TTT', 'zeta_TTP', 'zeta_TPP', 'zeta_PPP', 'zeta_Bmod', 'zeta_Dmod') (U=498, N_lam=16) from table_tree_cut1000_r4.npz
[etl-callable] loaded 6/6 nonzero channels ('zeta_TTT', 'zeta_TTP', 'zeta_TPP', 'zeta_PPP', 'zeta_Bmod', 'zeta_Dmod') (U=498, N_lam=16) from table_tree_cut1000_r4.npz
[etl-callable] loaded 6/6 nonzero channels ('zeta_TTT', 'zeta_TTP', 'zeta_TPP', 'zeta_PPP', 'zeta_Bmod', 'zeta_Dmod') (U=498, N_lam=16) from table_tree_cut1000_r4.npz
[etl-callable] loaded 6/6 nonzero channels ('zeta_TTT', 'zeta_TTP', 'zeta_TPP', 'zeta_PPP', 'zeta_Bmod', 'zeta_Dmod') (U=498, N_lam=16) from table_tree_cut1000_r4.npz
[etl-callable] loaded 6/6 nonzero channels ('zeta_TTT', 'zeta_TTP', 'zeta_TPP', 'zeta_PPP', 'zeta_Bmod', 'zeta_Dmod') (U=498, N_lam=16) from table_tree_cut1000_r4.npz
[etl-callable] loaded 6/6 nonzero channels ('zeta_TTT', 'zeta_TTP', 'zeta_TPP', 'zeta_PPP', 'zeta_Bmod', 'zeta_Dmod') (U=498, N_lam=16) from table_tree_cut1000_r4.npz
[etl-callable] loaded 6/6 nonzero channels ('zeta_TTT', 'zeta_TTP', 'zeta_TPP', 'zeta_PPP', 'zeta_Bmod', 'zeta_Dmod') (U=498, N_lam=16) from table_tree_cut1000_r4.npz
[etl-callable] loaded 6/6 nonzero channels ('zeta_TTT', 'zeta_TTP', 'zeta_TPP', 'zeta_PPP', 'zeta_Bmod', 'zeta_Dmod') (U=498, N_lam=16) from table_tree_cut1000_r4.npz
[etl-callable] loaded 6/6 nonzero channels ('zeta_TTT', 'zeta_TTP', 'zeta_TPP', 'zeta_PPP', 'zeta_Bmod', 'zeta_Dmod') (U=498, N_lam=16) from table_tree_cut1000_r4.npz
[etl-callable] loaded 6/6 nonzero channels ('zeta_TTT', 'zeta_TTP', 'zeta_TPP', 'zeta_PPP', 'zeta_Bmod', 'zeta_Dmod') (U=498, N_lam=16) from table_tree_cut1000_r4.npz
[etl-callable] loaded 6/6 nonzero channels ('zeta_TTT', 'zeta_TTP', 'zeta_TPP', 'zeta_PPP', 'zeta_Bmod', 'zeta_Dmod') (U=498, N_lam=16) from table_tree_cut1000_r4.npz
[etl-callable] loaded 6/6 nonzero channels ('zeta_TTT', 'zeta_TTP', 'zeta_TPP', 'zeta_PPP', 'zeta_Bmod', 'zeta_Dmod') (U=498, N_lam=16) from table_tree_cut1000_r4.npz
[etl-callable] loaded 6/6 nonzero channels ('zeta_TTT', 'zeta_TTP', 'zeta_TPP', 'zeta_PPP', 'zeta_Bmod', 'zeta_Dmod') (U=498, N_lam=16) from table_tree_cut1000_r4.npz
[etl-callable] loaded 6/6 nonzero channels ('zeta_TTT', 'zeta_TTP', 'zeta_TPP', 'zeta_PPP', 'zeta_Bmod', 'zeta_Dmod') (U=498, N_lam=16) from table_tree_cut1000_r4.npz
[etl-callable] loaded 6/6 nonzero channels ('zeta_TTT', 'zeta_TTP', 'zeta_TPP', 'zeta_PPP', 'zeta_Bmod', 'zeta_Dmod') (U=498, N_lam=16) from table_tree_cut1000_r4.npz
[etl-callable] loaded 6/6 nonzero channels ('zeta_TTT', 'zeta_TTP', 'zeta_TPP', 'zeta_PPP', 'zeta_Bmod', 'zeta_Dmod') (U=498, N_lam=16) from table_tree_cut1000_r4.npz
[etl-callable] loaded 6/6 nonzero channels ('zeta_TTT', 'zeta_TTP', 'zeta_TPP', 'zeta_PPP', 'zeta_Bmod', 'zeta_Dmod') (U=498, N_lam=16) from table_tree_cut1000_r4.npz
[etl-callable] loaded 6/6 nonzero channels ('zeta_TTT', 'zeta_TTP', 'zeta_TPP', 'zeta_PPP', 'zeta_Bmod', 'zeta_Dmod') (U=498, N_lam=16) from table_tree_cut1000_r4.npz
[etl-callable] loaded 6/6 nonzero channels ('zeta_TTT', 'zeta_TTP', 'zeta_TPP', 'zeta_PPP', 'zeta_Bmod', 'zeta_Dmod') (U=498, N_lam=16) from table_tree_cut1000_r4.npz
[etl-callable] loaded 6/6 nonzero channels ('zeta_TTT', 'zeta_TTP', 'zeta_TPP', 'zeta_PPP', 'zeta_Bmod', 'zeta_Dmod') (U=498, N_lam=16) from table_tree_cut1000_r4.npz
[etl-callable] loaded 6/6 nonzero channels ('zeta_TTT', 'zeta_TTP', 'zeta_TPP', 'zeta_PPP', 'zeta_Bmod', 'zeta_Dmod') (U=498, N_lam=16) from table_tree_cut1000_r4.npz
[etl-callable] loaded 6/6 nonzero channels ('zeta_TTT', 'zeta_TTP', 'zeta_TPP', 'zeta_PPP', 'zeta_Bmod', 'zeta_Dmod') (U=498, N_lam=16) from table_tree_cut1000_r4.npz
[etl-callable] loaded 6/6 nonzero channels ('zeta_TTT', 'zeta_TTP', 'zeta_TPP', 'zeta_PPP', 'zeta_Bmod', 'zeta_Dmod') (U=498, N_lam=16) from table_tree_cut1000_r4.npz
[etl-callable] loaded 6/6 nonzero channels ('zeta_TTT', 'zeta_TTP', 'zeta_TPP', 'zeta_PPP', 'zeta_Bmod', 'zeta_Dmod') (U=498, N_lam=16) from table_tree_cut1000_r4.npz
[etl-callable] loaded 6/6 nonzero channels ('zeta_TTT', 'zeta_TTP', 'zeta_TPP', 'zeta_PPP', 'zeta_Bmod', 'zeta_Dmod') (U=498, N_lam=16) from table_tree_cut1000_r4.npz
[run_FF_single] done in 1257.3 s
[etl-callable] loaded 6/6 nonzero channels ('zeta_TTT', 'zeta_TTP', 'zeta_TPP', 'zeta_PPP', 'zeta_Bmod', 'zeta_Dmod') (U=498, N_lam=16) from table_tree_cut1000_r4.npz
[etl-callable] loaded 6/6 nonzero channels ('zeta_TTT', 'zeta_TTP', 'zeta_TPP', 'zeta_PPP', 'zeta_Bmod', 'zeta_Dmod') (U=498, N_lam=16) from table_tree_cut1000_r4.npz
[etl-callable] loaded 6/6 nonzero channels ('zeta_TTT', 'zeta_TTP', 'zeta_TPP', 'zeta_PPP', 'zeta_Bmod', 'zeta_Dmod') (U=498, N_lam=16) from table_tree_cut1000_r4.npz
[etl-callable] loaded 6/6 nonzero channels ('zeta_TTT', 'zeta_TTP', 'zeta_TPP', 'zeta_PPP', 'zeta_Bmod', 'zeta_Dmod') (U=498, N_lam=16) from table_tree_cut1000_r4.npz
[etl-callable] loaded 6/6 nonzero channels ('zeta_TTT', 'zeta_TTP', 'zeta_TPP', 'zeta_PPP', 'zeta_Bmod', 'zeta_Dmod') (U=498, N_lam=16) from table_tree_cut1000_r4.npz
[etl-callable] loaded 6/6 nonzero channels ('zeta_TTT', 'zeta_TTP', 'zeta_TPP', 'zeta_PPP', 'zeta_Bmod', 'zeta_Dmod') (U=498, N_lam=16) from table_tree_cut1000_r4.npz
[etl-callable] loaded 6/6 nonzero channels ('zeta_TTT', 'zeta_TTP', 'zeta_TPP', 'zeta_PPP', 'zeta_Bmod', 'zeta_Dmod') (U=498, N_lam=16) from table_tree_cut1000_r4.npz
[fk] /opt/homebrew/Caskroom/miniconda/base/envs/sft-wick/bin/python /Users/zzhang/Documents/MyDrafts/STF_lensing/SFT-lensing-paper-analyses/sachs_sft/scripts/run_FF_single.py /Users/zzhang/Documents/MyDrafts/STF_lensing/SFT-lensing-paper-analyses/sachs_sft/scripts/inputs/kappa2_grid_lcut0_low_empty.npz /Users/zzhang/Documents/MyDrafts/STF_lensing/driver_field_emulators/products/table_tree_cut1000_r4_multiz_xi.npz
[fk] wrote /Users/zzhang/Documents/MyDrafts/STF_lensing/driver_field_emulators/products/table_tree_cut1000_r4_multiz_xi.npz
[run_FF_single] kappa2 = kappa2_grid_lcut0_low_empty.npz
[run_FF_single] sigma2 = disabled
[run_FF_single] sweep.n_gauss = 24
[run_FF_single] expand.orders = (0,)
[run_FF_single] -> /Users/zzhang/Documents/MyDrafts/STF_lensing/driver_field_emulators/products/order0_multiz_xi.npz
Traceback (most recent call last):
  File "/Users/zzhang/Documents/MyDrafts/STF_lensing/SFT-lensing-paper-analyses/sachs_sft/scripts/run_FF_single.py", line 132, in <module>
    main()
    ~~~~^^
  File "/Users/zzhang/Documents/MyDrafts/STF_lensing/SFT-lensing-paper-analyses/sachs_sft/scripts/run_FF_single.py", line 124, in main
    run_workflow(cfg)
    ~~~~~~~~~~~~^^^^^
  File "/Users/zzhang/projects/SFT/sft-wick/src/sft_wick/workflow/config.py", line 827, in run_workflow
    c_fn = _load_c_closed_form(cfg.propagators)
  File "/Users/zzhang/projects/SFT/sft-wick/src/sft_wick/workflow/config.py", line 925, in _load_c_closed_form
    spec_obj.loader.exec_module(module)
    ~~~~~~~~~~~~~~~~~~~~~~~~~~~^^^^^^^^
  File "<frozen importlib._bootstrap_external>", line 759, in exec_module
  File "<frozen importlib._bootstrap>", line 491, in _call_with_frames_removed
  File "/Users/zzhang/Documents/MyDrafts/STF_lensing/SFT-lensing-paper-analyses/sachs_sft/callables/C_propagator/corr_op/corr_op_C_callable.py", line 50, in <module>
    from canoes.sachs.sft_input.corr_op.table import (  # noqa: E402
    ...<3 lines>...
    )
ModuleNotFoundError: No module named 'canoes'
[fk] /opt/homebrew/Caskroom/miniconda/base/envs/sft-wick/bin/python /Users/zzhang/Documents/MyDrafts/STF_lensing/SFT-lensing-paper-analyses/sachs_sft/scripts/run_FF_single.py /Users/zzhang/Documents/MyDrafts/STF_lensing/SFT-lensing-paper-analyses/sachs_sft/scripts/inputs/kappa2_grid_lcut0_low_empty.npz /Users/zzhang/Documents/MyDrafts/STF_lensing/driver_field_emulators/products/order0_multiz_xi.npz
run_FF_single failed with code 1
