[run_FF_single] kappa2 = kappa2_grid_lcut0_low_empty.npz
[run_FF_single] sigma2 = disabled
[run_FF_single] sweep.n_gauss = 24
[run_FF_single] expand.orders = (0, 2)
[run_FF_single] -> /Users/zzhang/Documents/MyDrafts/STF_lensing/driver_field_emulators/products/table_tree_cut1000_r4_xi.npz
[etl-callable] loaded 6/6 nonzero channels ('zeta_TTT', 'zeta_TTP', 'zeta_TPP', 'zeta_PPP', 'zeta_Bmod', 'zeta_Dmod') (U=498, N_lam=16) from table_tree_cut1000_r4.npz
[etl-callable] loaded 6/6 nonzero channels ('zeta_TTT', 'zeta_TTP', 'zeta_TPP', 'zeta_PPP', 'zeta_Bmod', 'zeta_Dmod') (U=498, N_lam=16) from table_tree_cut1000_r4.npz
/opt/homebrew/Caskroom/miniconda/base/envs/sft-wick/lib/python3.14/site-packages/joblib/externals/loky/process_executor.py:782: UserWarning: A worker stopped while some jobs were given to the executor. This can be caused by a too short worker timeout or by a memory leak.
  warnings.warn(
[etl-callable] loaded 6/6 nonzero channels ('zeta_TTT', 'zeta_TTP', 'zeta_TPP', 'zeta_PPP', 'zeta_Bmod', 'zeta_Dmod') (U=498, N_lam=16) from table_tree_cut1000_r4.npz
[etl-callable] loaded 6/6 nonzero channels ('zeta_TTT', 'zeta_TTP', 'zeta_TPP', 'zeta_PPP', 'zeta_Bmod', 'zeta_Dmod') (U=498, N_lam=16) from table_tree_cut1000_r4.npz
[etl-callable] loaded 6/6 nonzero channels ('zeta_TTT', 'zeta_TTP', 'zeta_TPP', 'zeta_PPP', 'zeta_Bmod', 'zeta_Dmod') (U=498, N_lam=16) from table_tree_cut1000_r4.npz
[etl-callable] loaded 6/6 nonzero channels ('zeta_TTT', 'zeta_TTP', 'zeta_TPP', 'zeta_PPP', 'zeta_Bmod', 'zeta_Dmod') (U=498, N_lam=16) from table_tree_cut1000_r4.npz
[etl-callable] loaded 6/6 nonzero channels ('zeta_TTT', 'zeta_TTP', 'zeta_TPP', 'zeta_PPP', 'zeta_Bmod', 'zeta_Dmod') (U=498, N_lam=16) from table_tree_cut1000_r4.npz
[etl-callable] loaded 6/6 nonzero channels ('zeta_TTT', 'zeta_TTP', 'zeta_TPP', 'zeta_PPP', 'zeta_Bmod', 'zeta_Dmod') (U=498, N_lam=16) from table_tree_cut1000_r4.npz
[etl-callable] loaded 6/6 nonzero channels ('zeta_TTT', 'zeta_TTP', 'zeta_TPP', 'zeta_PPP', 'zeta_Bmod', 'zeta_Dmod') (U=498, N_lam=16) from table_tree_cut1000_r4.npz
[etl-callable] loaded 6/6 nonzero channels ('zeta_TTT', 'zeta_TTP', 'zeta_TPP', 'zeta_PPP', 'zeta_Bmod', 'zeta_Dmod') (U=498, N_lam=16) from table_tree_cut1000_r4.npz
[etl-callable] loaded 6/6 nonzero channels ('zeta_TTT', 'zeta_TTP', 'zeta_TPP', 'zeta_PPP', 'zeta_Bmod', 'zeta_Dmod') (U=498, N_lam=16) from table_tree_cut1000_r4.npz
[etl-callable] loaded 6/6 nonzero channels ('zeta_TTT', 'zeta_TTP', 'zeta_TPP', 'zeta_PPP', 'zeta_Bmod', 'zeta_Dmod') (U=498, N_lam=16) from table_tree_cut1000_r4.npz
[etl-callable] loaded 6/6 nonzero channels ('zeta_TTT', 'zeta_TTP', 'zeta_TPP', 'zeta_PPP', 'zeta_Bmod', 'zeta_Dmod') (U=498, N_lam=16) from table_tree_cut1000_r4.npz
[etl-callable] loaded 6/6 nonzero channels ('zeta_TTT', 'zeta_TTP', 'zeta_TPP', 'zeta_PPP', 'zeta_Bmod', 'zeta_Dmod') (U=498, N_lam=16) from table_tree_cut1000_r4.npz
[etl-callable] loaded 6/6 nonzero channels ('zeta_TTT', 'zeta_TTP', 'zeta_TPP', 'zeta_PPP', 'zeta_Bmod', 'zeta_Dmod') (U=498, N_lam=16) from table_tree_cut1000_r4.npz
[etl-callable] loaded 6/6 nonzero channels ('zeta_TTT', 'zeta_TTP', 'zeta_TPP', 'zeta_PPP', 'zeta_Bmod', 'zeta_Dmod') (U=498, N_lam=16) from table_tree_cut1000_r4.npz
[etl-callable] loaded 6/6 nonzero channels ('zeta_TTT', 'zeta_TTP', 'zeta_TPP', 'zeta_PPP', 'zeta_Bmod', 'zeta_Dmod') (U=498, N_lam=16) from table_tree_cut1000_r4.npz
[etl-callable] loaded 6/6 nonzero channels ('zeta_TTT', 'zeta_TTP', 'zeta_TPP', 'zeta_PPP', 'zeta_Bmod', 'zeta_Dmod') (U=498, N_lam=16) from table_tree_cut1000_r4.npz
[etl-callable] loaded 6/6 nonzero channels ('zeta_TTT', 'zeta_TTP', 'zeta_TPP', 'zeta_PPP', 'zeta_Bmod', 'zeta_Dmod') (U=498, N_lam=16) from table_tree_cut1000_r4.npz
[etl-callable] loaded 6/6 nonzero channels ('zeta_TTT', 'zeta_TTP', 'zeta_TPP', 'zeta_PPP', 'zeta_Bmod', 'zeta_Dmod') (U=498, N_lam=16) from table_tree_cut1000_r4.npz
[etl-callable] loaded 6/6 nonzero channels ('zeta_TTT', 'zeta_TTP', 'zeta_TPP', 'zeta_PPP', 'zeta_Bmod', 'zeta_Dmod') (U=498, N_lam=16) from table_tree_cut1000_r4.npz
[etl-callable] loaded 6/6 nonzero channels ('zeta_TTT', 'zeta_TTP', 'zeta_TPP', 'zeta_PPP', 'zeta_Bmod', 'zeta_Dmod') (U=498, N_lam=16) from table_tree_cut1000_r4.npz
[etl-callable] loaded 6/6 nonzero channels ('zeta_TTT', 'zeta_TTP', 'zeta_TPP', 'zeta_PPP', 'zeta_Bmod', 'zeta_Dmod') (U=498, N_lam=16) from table_tree_cut1000_r4.npz
[etl-callable] loaded 6/6 nonzero channels ('zeta_TTT', 'zeta_TTP', 'zeta_TPP', 'zeta_PPP', 'zeta_Bmod', 'zeta_Dmod') (U=498, N_lam=16) from table_tree_cut1000_r4.npz
[etl-callable] loaded 6/6 nonzero channels ('zeta_TTT', 'zeta_TTP', 'zeta_TPP', 'zeta_PPP', 'zeta_Bmod', 'zeta_Dmod') (U=498, N_lam=16) from table_tree_cut1000_r4.npz
[etl-callable] loaded 6/6 nonzero channels ('zeta_TTT', 'zeta_TTP', 'zeta_TPP', 'zeta_PPP', 'zeta_Bmod', 'zeta_Dmod') (U=498, N_lam=16) from table_tree_cut1000_r4.npz
[etl-callable] loaded 6/6 nonzero channels ('zeta_TTT', 'zeta_TTP', 'zeta_TPP', 'zeta_PPP', 'zeta_Bmod', 'zeta_Dmod') (U=498, N_lam=16) from table_tree_cut1000_r4.npz
[etl-callable] loaded 6/6 nonzero channels ('zeta_TTT', 'zeta_TTP', 'zeta_TPP', 'zeta_PPP', 'zeta_Bmod', 'zeta_Dmod') (U=498, N_lam=16) from table_tree_cut1000_r4.npz
[etl-callable] loaded 6/6 nonzero channels ('zeta_TTT', 'zeta_TTP', 'zeta_TPP', 'zeta_PPP', 'zeta_Bmod', 'zeta_Dmod') (U=498, N_lam=16) from table_tree_cut1000_r4.npz
[etl-callable] loaded 6/6 nonzero channels ('zeta_TTT', 'zeta_TTP', 'zeta_TPP', 'zeta_PPP', 'zeta_Bmod', 'zeta_Dmod') (U=498, N_lam=16) from table_tree_cut1000_r4.npz
[etl-callable] loaded 6/6 nonzero channels ('zeta_TTT', 'zeta_TTP', 'zeta_TPP', 'zeta_PPP', 'zeta_Bmod', 'zeta_Dmod') (U=498, N_lam=16) from table_tree_cut1000_r4.npz
[etl-callable] loaded 6/6 nonzero channels ('zeta_TTT', 'zeta_TTP', 'zeta_TPP', 'zeta_PPP', 'zeta_Bmod', 'zeta_Dmod') (U=498, N_lam=16) from table_tree_cut1000_r4.npz
[etl-callable] loaded 6/6 nonzero channels ('zeta_TTT', 'zeta_TTP', 'zeta_TPP', 'zeta_PPP', 'zeta_Bmod', 'zeta_Dmod') (U=498, N_lam=16) from table_tree_cut1000_r4.npz
[etl-callable] loaded 6/6 nonzero channels ('zeta_TTT', 'zeta_TTP', 'zeta_TPP', 'zeta_PPP', 'zeta_Bmod', 'zeta_Dmod') (U=498, N_lam=16) from table_tree_cut1000_r4.npz
[etl-callable] loaded 6/6 nonzero channels ('zeta_TTT', 'zeta_TTP', 'zeta_TPP', 'zeta_PPP', 'zeta_Bmod', 'zeta_Dmod') (U=498, N_lam=16) from table_tree_cut1000_r4.npz
[etl-callable] loaded 6/6 nonzero channels ('zeta_TTT', 'zeta_TTP', 'zeta_TPP', 'zeta_PPP', 'zeta_Bmod', 'zeta_Dmod') (U=498, N_lam=16) from table_tree_cut1000_r4.npz
[etl-callable] loaded 6/6 nonzero channels ('zeta_TTT', 'zeta_TTP', 'zeta_TPP', 'zeta_PPP', 'zeta_Bmod', 'zeta_Dmod') (U=498, N_lam=16) from table_tree_cut1000_r4.npz
[etl-callable] loaded 6/6 nonzero channels ('zeta_TTT', 'zeta_TTP', 'zeta_TPP', 'zeta_PPP', 'zeta_Bmod', 'zeta_Dmod') (U=498, N_lam=16) from table_tree_cut1000_r4.npz
[etl-callable] loaded 6/6 nonzero channels ('zeta_TTT', 'zeta_TTP', 'zeta_TPP', 'zeta_PPP', 'zeta_Bmod', 'zeta_Dmod') (U=498, N_lam=16) from table_tree_cut1000_r4.npz
[etl-callable] loaded 6/6 nonzero channels ('zeta_TTT', 'zeta_TTP', 'zeta_TPP', 'zeta_PPP', 'zeta_Bmod', 'zeta_Dmod') (U=498, N_lam=16) from table_tree_cut1000_r4.npz
[etl-callable] loaded 6/6 nonzero channels ('zeta_TTT', 'zeta_TTP', 'zeta_TPP', 'zeta_PPP', 'zeta_Bmod', 'zeta_Dmod') (U=498, N_lam=16) from table_tree_cut1000_r4.npz
[etl-callable] loaded 6/6 nonzero channels ('zeta_TTT', 'zeta_TTP', 'zeta_TPP', 'zeta_PPP', 'zeta_Bmod', 'zeta_Dmod') (U=498, N_lam=16) from table_tree_cut1000_r4.npz
[etl-callable] loaded 6/6 nonzero channels ('zeta_TTT', 'zeta_TTP', 'zeta_TPP', 'zeta_PPP', 'zeta_Bmod', 'zeta_Dmod') (U=498, N_lam=16) from table_tree_cut1000_r4.npz
[etl-callable] loaded 6/6 nonzero channels ('zeta_TTT', 'zeta_TTP', 'zeta_TPP', 'zeta_PPP', 'zeta_Bmod', 'zeta_Dmod') (U=498, N_lam=16) from table_tree_cut1000_r4.npz
[etl-callable] loaded 6/6 nonzero channels ('zeta_TTT', 'zeta_TTP', 'zeta_TPP', 'zeta_PPP', 'zeta_Bmod', 'zeta_Dmod') (U=498, N_lam=16) from table_tree_cut1000_r4.npz
[etl-callable] loaded 6/6 nonzero channels ('zeta_TTT', 'zeta_TTP', 'zeta_TPP', 'zeta_PPP', 'zeta_Bmod', 'zeta_Dmod') (U=498, N_lam=16) from table_tree_cut1000_r4.npz
[etl-callable] loaded 6/6 nonzero channels ('zeta_TTT', 'zeta_TTP', 'zeta_TPP', 'zeta_PPP', 'zeta_Bmod', 'zeta_Dmod') (U=498, N_lam=16) from table_tree_cut1000_r4.npz
[etl-callable] loaded 6/6 nonzero channels ('zeta_TTT', 'zeta_TTP', 'zeta_TPP', 'zeta_PPP', 'zeta_Bmod', 'zeta_Dmod') (U=498, N_lam=16) from table_tree_cut1000_r4.npz
[etl-callable] loaded 6/6 nonzero channels ('zeta_TTT', 'zeta_TTP', 'zeta_TPP', 'zeta_PPP', 'zeta_Bmod', 'zeta_Dmod') (U=498, N_lam=16) from table_tree_cut1000_r4.npz
[etl-callable] loaded 6/6 nonzero channels ('zeta_TTT', 'zeta_TTP', 'zeta_TPP', 'zeta_PPP', 'zeta_Bmod', 'zeta_Dmod') (U=498, N_lam=16) from table_tree_cut1000_r4.npz
[etl-callable] loaded 6/6 nonzero channels ('zeta_TTT', 'zeta_TTP', 'zeta_TPP', 'zeta_PPP', 'zeta_Bmod', 'zeta_Dmod') (U=498, N_lam=16) from table_tree_cut1000_r4.npz
[etl-callable] loaded 6/6 nonzero channels ('zeta_TTT', 'zeta_TTP', 'zeta_TPP', 'zeta_PPP', 'zeta_Bmod', 'zeta_Dmod') (U=498, N_lam=16) from table_tree_cut1000_r4.npz
[etl-callable] loaded 6/6 nonzero channels ('zeta_TTT', 'zeta_TTP', 'zeta_TPP', 'zeta_PPP', 'zeta_Bmod', 'zeta_Dmod') (U=498, N_lam=16) from table_tree_cut1000_r4.npz
[etl-callable] loaded 6/6 nonzero channels ('zeta_TTT', 'zeta_TTP', 'zeta_TPP', 'zeta_PPP', 'zeta_Bmod', 'zeta_Dmod') (U=498, N_lam=16) from table_tree_cut1000_r4.npz
[etl-callable] loaded 6/6 nonzero channels ('zeta_TTT', 'zeta_TTP', 'zeta_TPP', 'zeta_PPP', 'zeta_Bmod', 'zeta_Dmod') (U=498, N_lam=16) from table_tree_cut1000_r4.npz
[etl-callable] loaded 6/6 nonzero channels ('zeta_TTT', 'zeta_TTP', 'zeta_TPP', 'zeta_PPP', 'zeta_Bmod', 'zeta_Dmod') (U=498, N_lam=16) from table_tree_cut1000_r4.npz
[etl-callable] loaded 6/6 nonzero channels ('zeta_TTT', 'zeta_TTP', 'zeta_TPP', 'zeta_PPP', 'zeta_Bmod', 'zeta_Dmod') (U=498, N_lam=16) from table_tree_cut1000_r4.npz
[etl-callable] loaded 6/6 nonzero channels ('zeta_TTT', 'zeta_TTP', 'zeta_TPP', 'zeta_PPP', 'zeta_Bmod', 'zeta_Dmod') (U=498, N_lam=16) from table_tree_cut1000_r4.npz
[etl-callable] loaded 6/6 nonzero channels ('zeta_TTT', 'zeta_TTP', 'zeta_TPP', 'zeta_PPP', 'zeta_Bmod', 'zeta_Dmod') (U=498, N_lam=16) from table_tree_cut1000_r4.npz
[etl-callable] loaded 6/6 nonzero channels ('zeta_TTT', 'zeta_TTP', 'zeta_TPP', 'zeta_PPP', 'zeta_Bmod', 'zeta_Dmod') (U=498, N_lam=16) from table_tree_cut1000_r4.npz
[etl-callable] loaded 6/6 nonzero channels ('zeta_TTT', 'zeta_TTP', 'zeta_TPP', 'zeta_PPP', 'zeta_Bmod', 'zeta_Dmod') (U=498, N_lam=16) from table_tree_cut1000_r4.npz
[etl-callable] loaded 6/6 nonzero channels ('zeta_TTT', 'zeta_TTP', 'zeta_TPP', 'zeta_PPP', 'zeta_Bmod', 'zeta_Dmod') (U=498, N_lam=16) from table_tree_cut1000_r4.npz
[etl-callable] loaded 6/6 nonzero channels ('zeta_TTT', 'zeta_TTP', 'zeta_TPP', 'zeta_PPP', 'zeta_Bmod', 'zeta_Dmod') (U=498, N_lam=16) from table_tree_cut1000_r4.npz
[etl-callable] loaded 6/6 nonzero channels ('zeta_TTT', 'zeta_TTP', 'zeta_TPP', 'zeta_PPP', 'zeta_Bmod', 'zeta_Dmod') (U=498, N_lam=16) from table_tree_cut1000_r4.npz
[etl-callable] loaded 6/6 nonzero channels ('zeta_TTT', 'zeta_TTP', 'zeta_TPP', 'zeta_PPP', 'zeta_Bmod', 'zeta_Dmod') (U=498, N_lam=16) from table_tree_cut1000_r4.npz
[etl-callable] loaded 6/6 nonzero channels ('zeta_TTT', 'zeta_TTP', 'zeta_TPP', 'zeta_PPP', 'zeta_Bmod', 'zeta_Dmod') (U=498, N_lam=16) from table_tree_cut1000_r4.npz
[etl-callable] loaded 6/6 nonzero channels ('zeta_TTT', 'zeta_TTP', 'zeta_TPP', 'zeta_PPP', 'zeta_Bmod', 'zeta_Dmod') (U=498, N_lam=16) from table_tree_cut1000_r4.npz
[etl-callable] loaded 6/6 nonzero channels ('zeta_TTT', 'zeta_TTP', 'zeta_TPP', 'zeta_PPP', 'zeta_Bmod', 'zeta_Dmod') (U=498, N_lam=16) from table_tree_cut1000_r4.npz
[etl-callable] loaded 6/6 nonzero channels ('zeta_TTT', 'zeta_TTP', 'zeta_TPP', 'zeta_PPP', 'zeta_Bmod', 'zeta_Dmod') (U=498, N_lam=16) from table_tree_cut1000_r4.npz
[etl-callable] loaded 6/6 nonzero channels ('zeta_TTT', 'zeta_TTP', 'zeta_TPP', 'zeta_PPP', 'zeta_Bmod', 'zeta_Dmod') (U=498, N_lam=16) from table_tree_cut1000_r4.npz
[etl-callable] loaded 6/6 nonzero channels ('zeta_TTT', 'zeta_TTP', 'zeta_TPP', 'zeta_PPP', 'zeta_Bmod', 'zeta_Dmod') (U=498, N_lam=16) from table_tree_cut1000_r4.npz
[etl-callable] loaded 6/6 nonzero channels ('zeta_TTT', 'zeta_TTP', 'zeta_TPP', 'zeta_PPP', 'zeta_Bmod', 'zeta_Dmod') (U=498, N_lam=16) from table_tree_cut1000_r4.npz
[etl-callable] loaded 6/6 nonzero channels ('zeta_TTT', 'zeta_TTP', 'zeta_TPP', 'zeta_PPP', 'zeta_Bmod', 'zeta_Dmod') (U=498, N_lam=16) from table_tree_cut1000_r4.npz
[etl-callable] loaded 6/6 nonzero channels ('zeta_TTT', 'zeta_TTP', 'zeta_TPP', 'zeta_PPP', 'zeta_Bmod', 'zeta_Dmod') (U=498, N_lam=16) from table_tree_cut1000_r4.npz
[etl-callable] loaded 6/6 nonzero channels ('zeta_TTT', 'zeta_TTP', 'zeta_TPP', 'zeta_PPP', 'zeta_Bmod', 'zeta_Dmod') (U=498, N_lam=16) from table_tree_cut1000_r4.npz
[etl-callable] loaded 6/6 nonzero channels ('zeta_TTT', 'zeta_TTP', 'zeta_TPP', 'zeta_PPP', 'zeta_Bmod', 'zeta_Dmod') (U=498, N_lam=16) from table_tree_cut1000_r4.npz
[etl-callable] loaded 6/6 nonzero channels ('zeta_TTT', 'zeta_TTP', 'zeta_TPP', 'zeta_PPP', 'zeta_Bmod', 'zeta_Dmod') (U=498, N_lam=16) from table_tree_cut1000_r4.npz
[etl-callable] loaded 6/6 nonzero channels ('zeta_TTT', 'zeta_TTP', 'zeta_TPP', 'zeta_PPP', 'zeta_Bmod', 'zeta_Dmod') (U=498, N_lam=16) from table_tree_cut1000_r4.npz
[etl-callable] loaded 6/6 nonzero channels ('zeta_TTT', 'zeta_TTP', 'zeta_TPP', 'zeta_PPP', 'zeta_Bmod', 'zeta_Dmod') (U=498, N_lam=16) from table_tree_cut1000_r4.npz
[etl-callable] loaded 6/6 nonzero channels ('zeta_TTT', 'zeta_TTP', 'zeta_TPP', 'zeta_PPP', 'zeta_Bmod', 'zeta_Dmod') (U=498, N_lam=16) from table_tree_cut1000_r4.npz
[etl-callable] loaded 6/6 nonzero channels ('zeta_TTT', 'zeta_TTP', 'zeta_TPP', 'zeta_PPP', 'zeta_Bmod', 'zeta_Dmod') (U=498, N_lam=16) from table_tree_cut1000_r4.npz
[etl-callable] loaded 6/6 nonzero channels ('zeta_TTT', 'zeta_TTP', 'zeta_TPP', 'zeta_PPP', 'zeta_Bmod', 'zeta_Dmod') (U=498, N_lam=16) from table_tree_cut1000_r4.npz
[etl-callable] loaded 6/6 nonzero channels ('zeta_TTT', 'zeta_TTP', 'zeta_TPP', 'zeta_PPP', 'zeta_Bmod', 'zeta_Dmod') (U=498, N_lam=16) from table_tree_cut1000_r4.npz
[etl-callable] loaded 6/6 nonzero channels ('zeta_TTT', 'zeta_TTP', 'zeta_TPP', 'zeta_PPP', 'zeta_Bmod', 'zeta_Dmod') (U=498, N_lam=16) from table_tree_cut1000_r4.npz
[etl-callable] loaded 6/6 nonzero channels ('zeta_TTT', 'zeta_TTP', 'zeta_TPP', 'zeta_PPP', 'zeta_Bmod', 'zeta_Dmod') (U=498, N_lam=16) from table_tree_cut1000_r4.npz
[etl-callable] loaded 6/6 nonzero channels ('zeta_TTT', 'zeta_TTP', 'zeta_TPP', 'zeta_PPP', 'zeta_Bmod', 'zeta_Dmod') (U=498, N_lam=16) from table_tree_cut1000_r4.npz
[etl-callable] loaded 6/6 nonzero channels ('zeta_TTT', 'zeta_TTP', 'zeta_TPP', 'zeta_PPP', 'zeta_Bmod', 'zeta_Dmod') (U=498, N_lam=16) from table_tree_cut1000_r4.npz
[etl-callable] loaded 6/6 nonzero channels ('zeta_TTT', 'zeta_TTP', 'zeta_TPP', 'zeta_PPP', 'zeta_Bmod', 'zeta_Dmod') (U=498, N_lam=16) from table_tree_cut1000_r4.npz
[etl-callable] loaded 6/6 nonzero channels ('zeta_TTT', 'zeta_TTP', 'zeta_TPP', 'zeta_PPP', 'zeta_Bmod', 'zeta_Dmod') (U=498, N_lam=16) from table_tree_cut1000_r4.npz
[etl-callable] loaded 6/6 nonzero channels ('zeta_TTT', 'zeta_TTP', 'zeta_TPP', 'zeta_PPP', 'zeta_Bmod', 'zeta_Dmod') (U=498, N_lam=16) from table_tree_cut1000_r4.npz
[etl-callable] loaded 6/6 nonzero channels ('zeta_TTT', 'zeta_TTP', 'zeta_TPP', 'zeta_PPP', 'zeta_Bmod', 'zeta_Dmod') (U=498, N_lam=16) from table_tree_cut1000_r4.npz
[etl-callable] loaded 6/6 nonzero channels ('zeta_TTT', 'zeta_TTP', 'zeta_TPP', 'zeta_PPP', 'zeta_Bmod', 'zeta_Dmod') (U=498, N_lam=16) from table_tree_cut1000_r4.npz
[etl-callable] loaded 6/6 nonzero channels ('zeta_TTT', 'zeta_TTP', 'zeta_TPP', 'zeta_PPP', 'zeta_Bmod', 'zeta_Dmod') (U=498, N_lam=16) from table_tree_cut1000_r4.npz
[etl-callable] loaded 6/6 nonzero channels ('zeta_TTT', 'zeta_TTP', 'zeta_TPP', 'zeta_PPP', 'zeta_Bmod', 'zeta_Dmod') (U=498, N_lam=16) from table_tree_cut1000_r4.npz
[etl-callable] loaded 6/6 nonzero channels ('zeta_TTT', 'zeta_TTP', 'zeta_TPP', 'zeta_PPP', 'zeta_Bmod', 'zeta_Dmod') (U=498, N_lam=16) from table_tree_cut1000_r4.npz
[etl-callable] loaded 6/6 nonzero channels ('zeta_TTT', 'zeta_TTP', 'zeta_TPP', 'zeta_PPP', 'zeta_Bmod', 'zeta_Dmod') (U=498, N_lam=16) from table_tree_cut1000_r4.npz
[etl-callable] loaded 6/6 nonzero channels ('zeta_TTT', 'zeta_TTP', 'zeta_TPP', 'zeta_PPP', 'zeta_Bmod', 'zeta_Dmod') (U=498, N_lam=16) from table_tree_cut1000_r4.npz
[etl-callable] loaded 6/6 nonzero channels ('zeta_TTT', 'zeta_TTP', 'zeta_TPP', 'zeta_PPP', 'zeta_Bmod', 'zeta_Dmod') (U=498, N_lam=16) from table_tree_cut1000_r4.npz
[etl-callable] loaded 6/6 nonzero channels ('zeta_TTT', 'zeta_TTP', 'zeta_TPP', 'zeta_PPP', 'zeta_Bmod', 'zeta_Dmod') (U=498, N_lam=16) from table_tree_cut1000_r4.npz
[etl-callable] loaded 6/6 nonzero channels ('zeta_TTT', 'zeta_TTP', 'zeta_TPP', 'zeta_PPP', 'zeta_Bmod', 'zeta_Dmod') (U=498, N_lam=16) from table_tree_cut1000_r4.npz
[etl-callable] loaded 6/6 nonzero channels ('zeta_TTT', 'zeta_TTP', 'zeta_TPP', 'zeta_PPP', 'zeta_Bmod', 'zeta_Dmod') (U=498, N_lam=16) from table_tree_cut1000_r4.npz
[etl-callable] loaded 6/6 nonzero channels ('zeta_TTT', 'zeta_TTP', 'zeta_TPP', 'zeta_PPP', 'zeta_Bmod', 'zeta_Dmod') (U=498, N_lam=16) from table_tree_cut1000_r4.npz
[etl-callable] loaded 6/6 nonzero channels ('zeta_TTT', 'zeta_TTP', 'zeta_TPP', 'zeta_PPP', 'zeta_Bmod', 'zeta_Dmod') (U=498, N_lam=16) from table_tree_cut1000_r4.npz
[etl-callable] loaded 6/6 nonzero channels ('zeta_TTT', 'zeta_TTP', 'zeta_TPP', 'zeta_PPP', 'zeta_Bmod', 'zeta_Dmod') (U=498, N_lam=16) from table_tree_cut1000_r4.npz
[etl-callable] loaded 6/6 nonzero channels ('zeta_TTT', 'zeta_TTP', 'zeta_TPP', 'zeta_PPP', 'zeta_Bmod', 'zeta_Dmod') (U=498, N_lam=16) from table_tree_cut1000_r4.npz
[etl-callable] loaded 6/6 nonzero channels ('zeta_TTT', 'zeta_TTP', 'zeta_TPP', 'zeta_PPP', 'zeta_Bmod', 'zeta_Dmod') (U=498, N_lam=16) from table_tree_cut1000_r4.npz
[etl-callable] loaded 6/6 nonzero channels ('zeta_TTT', 'zeta_TTP', 'zeta_TPP', 'zeta_PPP', 'zeta_Bmod', 'zeta_Dmod') (U=498, N_lam=16) from table_tree_cut1000_r4.npz
[etl-callable] loaded 6/6 nonzero channels ('zeta_TTT', 'zeta_TTP', 'zeta_TPP', 'zeta_PPP', 'zeta_Bmod', 'zeta_Dmod') (U=498, N_lam=16) from table_tree_cut1000_r4.npz
[etl-callable] loaded 6/6 nonzero channels ('zeta_TTT', 'zeta_TTP', 'zeta_TPP', 'zeta_PPP', 'zeta_Bmod', 'zeta_Dmod') (U=498, N_lam=16) from table_tree_cut1000_r4.npz
[etl-callable] loaded 6/6 nonzero channels ('zeta_TTT', 'zeta_TTP', 'zeta_TPP', 'zeta_PPP', 'zeta_Bmod', 'zeta_Dmod') (U=498, N_lam=16) from table_tree_cut1000_r4.npz
[etl-callable] loaded 6/6 nonzero channels ('zeta_TTT', 'zeta_TTP', 'zeta_TPP', 'zeta_PPP', 'zeta_Bmod', 'zeta_Dmod') (U=498, N_lam=16) from table_tree_cut1000_r4.npz
[etl-callable] loaded 6/6 nonzero channels ('zeta_TTT', 'zeta_TTP', 'zeta_TPP', 'zeta_PPP', 'zeta_Bmod', 'zeta_Dmod') (U=498, N_lam=16) from table_tree_cut1000_r4.npz
[etl-callable] loaded 6/6 nonzero channels ('zeta_TTT', 'zeta_TTP', 'zeta_TPP', 'zeta_PPP', 'zeta_Bmod', 'zeta_Dmod') (U=498, N_lam=16) from table_tree_cut1000_r4.npz
[etl-callable] loaded 6/6 nonzero channels ('zeta_TTT', 'zeta_TTP', 'zeta_TPP', 'zeta_PPP', 'zeta_Bmod', 'zeta_Dmod') (U=498, N_lam=16) from table_tree_cut1000_r4.npz
[etl-callable] loaded 6/6 nonzero channels ('zeta_TTT', 'zeta_TTP', 'zeta_TPP', 'zeta_PPP', 'zeta_Bmod', 'zeta_Dmod') (U=498, N_lam=16) from table_tree_cut1000_r4.npz
[etl-callable] loaded 6/6 nonzero channels ('zeta_TTT', 'zeta_TTP', 'zeta_TPP', 'zeta_PPP', 'zeta_Bmod', 'zeta_Dmod') (U=498, N_lam=16) from table_tree_cut1000_r4.npz
[etl-callable] loaded 6/6 nonzero channels ('zeta_TTT', 'zeta_TTP', 'zeta_TPP', 'zeta_PPP', 'zeta_Bmod', 'zeta_Dmod') (U=498, N_lam=16) from table_tree_cut1000_r4.npz
[etl-callable] loaded 6/6 nonzero channels ('zeta_TTT', 'zeta_TTP', 'zeta_TPP', 'zeta_PPP', 'zeta_Bmod', 'zeta_Dmod') (U=498, N_lam=16) from table_tree_cut1000_r4.npz
[etl-callable] loaded 6/6 nonzero channels ('zeta_TTT', 'zeta_TTP', 'zeta_TPP', 'zeta_PPP', 'zeta_Bmod', 'zeta_Dmod') (U=498, N_lam=16) from table_tree_cut1000_r4.npz
[etl-callable] loaded 6/6 nonzero channels ('zeta_TTT', 'zeta_TTP', 'zeta_TPP', 'zeta_PPP', 'zeta_Bmod', 'zeta_Dmod') (U=498, N_lam=16) from table_tree_cut1000_r4.npz
[etl-callable] loaded 6/6 nonzero channels ('zeta_TTT', 'zeta_TTP', 'zeta_TPP', 'zeta_PPP', 'zeta_Bmod', 'zeta_Dmod') (U=498, N_lam=16) from table_tree_cut1000_r4.npz
[etl-callable] loaded 6/6 nonzero channels ('zeta_TTT', 'zeta_TTP', 'zeta_TPP', 'zeta_PPP', 'zeta_Bmod', 'zeta_Dmod') (U=498, N_lam=16) from table_tree_cut1000_r4.npz
[etl-callable] loaded 6/6 nonzero channels ('zeta_TTT', 'zeta_TTP', 'zeta_TPP', 'zeta_PPP', 'zeta_Bmod', 'zeta_Dmod') (U=498, N_lam=16) from table_tree_cut1000_r4.npz
[etl-callable] loaded 6/6 nonzero channels ('zeta_TTT', 'zeta_TTP', 'zeta_TPP', 'zeta_PPP', 'zeta_Bmod', 'zeta_Dmod') (U=498, N_lam=16) from table_tree_cut1000_r4.npz
[etl-callable] loaded 6/6 nonzero channels ('zeta_TTT', 'zeta_TTP', 'zeta_TPP', 'zeta_PPP', 'zeta_Bmod', 'zeta_Dmod') (U=498, N_lam=16) from table_tree_cut1000_r4.npz
[etl-callable] loaded 6/6 nonzero channels ('zeta_TTT', 'zeta_TTP', 'zeta_TPP', 'zeta_PPP', 'zeta_Bmod', 'zeta_Dmod') (U=498, N_lam=16) from table_tree_cut1000_r4.npz
[etl-callable] loaded 6/6 nonzero channels ('zeta_TTT', 'zeta_TTP', 'zeta_TPP', 'zeta_PPP', 'zeta_Bmod', 'zeta_Dmod') (U=498, N_lam=16) from table_tree_cut1000_r4.npz
[etl-callable] loaded 6/6 nonzero channels ('zeta_TTT', 'zeta_TTP', 'zeta_TPP', 'zeta_PPP', 'zeta_Bmod', 'zeta_Dmod') (U=498, N_lam=16) from table_tree_cut1000_r4.npz
[etl-callable] loaded 6/6 nonzero channels ('zeta_TTT', 'zeta_TTP', 'zeta_TPP', 'zeta_PPP', 'zeta_Bmod', 'zeta_Dmod') (U=498, N_lam=16) from table_tree_cut1000_r4.npz
[etl-callable] loaded 6/6 nonzero channels ('zeta_TTT', 'zeta_TTP', 'zeta_TPP', 'zeta_PPP', 'zeta_Bmod', 'zeta_Dmod') (U=498, N_lam=16) from table_tree_cut1000_r4.npz
[etl-callable] loaded 6/6 nonzero channels ('zeta_TTT', 'zeta_TTP', 'zeta_TPP', 'zeta_PPP', 'zeta_Bmod', 'zeta_Dmod') (U=498, N_lam=16) from table_tree_cut1000_r4.npz
[etl-callable] loaded 6/6 nonzero channels ('zeta_TTT', 'zeta_TTP', 'zeta_TPP', 'zeta_PPP', 'zeta_Bmod', 'zeta_Dmod') (U=498, N_lam=16) from table_tree_cut1000_r4.npz
[etl-callable] loaded 6/6 nonzero channels ('zeta_TTT', 'zeta_TTP', 'zeta_TPP', 'zeta_PPP', 'zeta_Bmod', 'zeta_Dmod') (U=498, N_lam=16) from table_tree_cut1000_r4.npz
[etl-callable] loaded 6/6 nonzero channels ('zeta_TTT', 'zeta_TTP', 'zeta_TPP', 'zeta_PPP', 'zeta_Bmod', 'zeta_Dmod') (U=498, N_lam=16) from table_tree_cut1000_r4.npz
[etl-callable] loaded 6/6 nonzero channels ('zeta_TTT', 'zeta_TTP', 'zeta_TPP', 'zeta_PPP', 'zeta_Bmod', 'zeta_Dmod') (U=498, N_lam=16) from table_tree_cut1000_r4.npz
[etl-callable] loaded 6/6 nonzero channels ('zeta_TTT', 'zeta_TTP', 'zeta_TPP', 'zeta_PPP', 'zeta_Bmod', 'zeta_Dmod') (U=498, N_lam=16) from table_tree_cut1000_r4.npz
[etl-callable] loaded 6/6 nonzero channels ('zeta_TTT', 'zeta_TTP', 'zeta_TPP', 'zeta_PPP', 'zeta_Bmod', 'zeta_Dmod') (U=498, N_lam=16) from table_tree_cut1000_r4.npz
[etl-callable] loaded 6/6 nonzero channels ('zeta_TTT', 'zeta_TTP', 'zeta_TPP', 'zeta_PPP', 'zeta_Bmod', 'zeta_Dmod') (U=498, N_lam=16) from table_tree_cut1000_r4.npz
[etl-callable] loaded 6/6 nonzero channels ('zeta_TTT', 'zeta_TTP', 'zeta_TPP', 'zeta_PPP', 'zeta_Bmod', 'zeta_Dmod') (U=498, N_lam=16) from table_tree_cut1000_r4.npz
[etl-callable] loaded 6/6 nonzero channels ('zeta_TTT', 'zeta_TTP', 'zeta_TPP', 'zeta_PPP', 'zeta_Bmod', 'zeta_Dmod') (U=498, N_lam=16) from table_tree_cut1000_r4.npz
[etl-callable] loaded 6/6 nonzero channels ('zeta_TTT', 'zeta_TTP', 'zeta_TPP', 'zeta_PPP', 'zeta_Bmod', 'zeta_Dmod') (U=498, N_lam=16) from table_tree_cut1000_r4.npz
[etl-callable] loaded 6/6 nonzero channels ('zeta_TTT', 'zeta_TTP', 'zeta_TPP', 'zeta_PPP', 'zeta_Bmod', 'zeta_Dmod') (U=498, N_lam=16) from table_tree_cut1000_r4.npz
[etl-callable] loaded 6/6 nonzero channels ('zeta_TTT', 'zeta_TTP', 'zeta_TPP', 'zeta_PPP', 'zeta_Bmod', 'zeta_Dmod') (U=498, N_lam=16) from table_tree_cut1000_r4.npz
[etl-callable] loaded 6/6 nonzero channels ('zeta_TTT', 'zeta_TTP', 'zeta_TPP', 'zeta_PPP', 'zeta_Bmod', 'zeta_Dmod') (U=498, N_lam=16) from table_tree_cut1000_r4.npz
[etl-callable] loaded 6/6 nonzero channels ('zeta_TTT', 'zeta_TTP', 'zeta_TPP', 'zeta_PPP', 'zeta_Bmod', 'zeta_Dmod') (U=498, N_lam=16) from table_tree_cut1000_r4.npz
[etl-callable] loaded 6/6 nonzero channels ('zeta_TTT', 'zeta_TTP', 'zeta_TPP', 'zeta_PPP', 'zeta_Bmod', 'zeta_Dmod') (U=498, N_lam=16) from table_tree_cut1000_r4.npz
[etl-callable] loaded 6/6 nonzero channels ('zeta_TTT', 'zeta_TTP', 'zeta_TPP', 'zeta_PPP', 'zeta_Bmod', 'zeta_Dmod') (U=498, N_lam=16) from table_tree_cut1000_r4.npz
[etl-callable] loaded 6/6 nonzero channels ('zeta_TTT', 'zeta_TTP', 'zeta_TPP', 'zeta_PPP', 'zeta_Bmod', 'zeta_Dmod') (U=498, N_lam=16) from table_tree_cut1000_r4.npz
[etl-callable] loaded 6/6 nonzero channels ('zeta_TTT', 'zeta_TTP', 'zeta_TPP', 'zeta_PPP', 'zeta_Bmod', 'zeta_Dmod') (U=498, N_lam=16) from table_tree_cut1000_r4.npz
[etl-callable] loaded 6/6 nonzero channels ('zeta_TTT', 'zeta_TTP', 'zeta_TPP', 'zeta_PPP', 'zeta_Bmod', 'zeta_Dmod') (U=498, N_lam=16) from table_tree_cut1000_r4.npz
[etl-callable] loaded 6/6 nonzero channels ('zeta_TTT', 'zeta_TTP', 'zeta_TPP', 'zeta_PPP', 'zeta_Bmod', 'zeta_Dmod') (U=498, N_lam=16) from table_tree_cut1000_r4.npz
[etl-callable] loaded 6/6 nonzero channels ('zeta_TTT', 'zeta_TTP', 'zeta_TPP', 'zeta_PPP', 'zeta_Bmod', 'zeta_Dmod') (U=498, N_lam=16) from table_tree_cut1000_r4.npz
[etl-callable] loaded 6/6 nonzero channels ('zeta_TTT', 'zeta_TTP', 'zeta_TPP', 'zeta_PPP', 'zeta_Bmod', 'zeta_Dmod') (U=498, N_lam=16) from table_tree_cut1000_r4.npz
[etl-callable] loaded 6/6 nonzero channels ('zeta_TTT', 'zeta_TTP', 'zeta_TPP', 'zeta_PPP', 'zeta_Bmod', 'zeta_Dmod') (U=498, N_lam=16) from table_tree_cut1000_r4.npz
[etl-callable] loaded 6/6 nonzero channels ('zeta_TTT', 'zeta_TTP', 'zeta_TPP', 'zeta_PPP', 'zeta_Bmod', 'zeta_Dmod') (U=498, N_lam=16) from table_tree_cut1000_r4.npz
[etl-callable] loaded 6/6 nonzero channels ('zeta_TTT', 'zeta_TTP', 'zeta_TPP', 'zeta_PPP', 'zeta_Bmod', 'zeta_Dmod') (U=498, N_lam=16) from table_tree_cut1000_r4.npz
[etl-callable] loaded 6/6 nonzero channels ('zeta_TTT', 'zeta_TTP', 'zeta_TPP', 'zeta_PPP', 'zeta_Bmod', 'zeta_Dmod') (U=498, N_lam=16) from table_tree_cut1000_r4.npz
[etl-callable] loaded 6/6 nonzero channels ('zeta_TTT', 'zeta_TTP', 'zeta_TPP', 'zeta_PPP', 'zeta_Bmod', 'zeta_Dmod') (U=498, N_lam=16) from table_tree_cut1000_r4.npz
[etl-callable] loaded 6/6 nonzero channels ('zeta_TTT', 'zeta_TTP', 'zeta_TPP', 'zeta_PPP', 'zeta_Bmod', 'zeta_Dmod') (U=498, N_lam=16) from table_tree_cut1000_r4.npz
[etl-callable] loaded 6/6 nonzero channels ('zeta_TTT', 'zeta_TTP', 'zeta_TPP', 'zeta_PPP', 'zeta_Bmod', 'zeta_Dmod') (U=498, N_lam=16) from table_tree_cut1000_r4.npz
[etl-callable] loaded 6/6 nonzero channels ('zeta_TTT', 'zeta_TTP', 'zeta_TPP', 'zeta_PPP', 'zeta_Bmod', 'zeta_Dmod') (U=498, N_lam=16) from table_tree_cut1000_r4.npz
[etl-callable] loaded 6/6 nonzero channels ('zeta_TTT', 'zeta_TTP', 'zeta_TPP', 'zeta_PPP', 'zeta_Bmod', 'zeta_Dmod') (U=498, N_lam=16) from table_tree_cut1000_r4.npz
[etl-callable] loaded 6/6 nonzero channels ('zeta_TTT', 'zeta_TTP', 'zeta_TPP', 'zeta_PPP', 'zeta_Bmod', 'zeta_Dmod') (U=498, N_lam=16) from table_tree_cut1000_r4.npz
[etl-callable] loaded 6/6 nonzero channels ('zeta_TTT', 'zeta_TTP', 'zeta_TPP', 'zeta_PPP', 'zeta_Bmod', 'zeta_Dmod') (U=498, N_lam=16) from table_tree_cut1000_r4.npz
[etl-callable] loaded 6/6 nonzero channels ('zeta_TTT', 'zeta_TTP', 'zeta_TPP', 'zeta_PPP', 'zeta_Bmod', 'zeta_Dmod') (U=498, N_lam=16) from table_tree_cut1000_r4.npz
[etl-callable] loaded 6/6 nonzero channels ('zeta_TTT', 'zeta_TTP', 'zeta_TPP', 'zeta_PPP', 'zeta_Bmod', 'zeta_Dmod') (U=498, N_lam=16) from table_tree_cut1000_r4.npz
[etl-callable] loaded 6/6 nonzero channels ('zeta_TTT', 'zeta_TTP', 'zeta_TPP', 'zeta_PPP', 'zeta_Bmod', 'zeta_Dmod') (U=498, N_lam=16) from table_tree_cut1000_r4.npz
[etl-callable] loaded 6/6 nonzero channels ('zeta_TTT', 'zeta_TTP', 'zeta_TPP', 'zeta_PPP', 'zeta_Bmod', 'zeta_Dmod') (U=498, N_lam=16) from table_tree_cut1000_r4.npz
[etl-callable] loaded 6/6 nonzero channels ('zeta_TTT', 'zeta_TTP', 'zeta_TPP', 'zeta_PPP', 'zeta_Bmod', 'zeta_Dmod') (U=498, N_lam=16) from table_tree_cut1000_r4.npz
[etl-callable] loaded 6/6 nonzero channels ('zeta_TTT', 'zeta_TTP', 'zeta_TPP', 'zeta_PPP', 'zeta_Bmod', 'zeta_Dmod') (U=498, N_lam=16) from table_tree_cut1000_r4.npz
[etl-callable] loaded 6/6 nonzero channels ('zeta_TTT', 'zeta_TTP', 'zeta_TPP', 'zeta_PPP', 'zeta_Bmod', 'zeta_Dmod') (U=498, N_lam=16) from table_tree_cut1000_r4.npz
[etl-callable] loaded 6/6 nonzero channels ('zeta_TTT', 'zeta_TTP', 'zeta_TPP', 'zeta_PPP', 'zeta_Bmod', 'zeta_Dmod') (U=498, N_lam=16) from table_tree_cut1000_r4.npz
[etl-callable] loaded 6/6 nonzero channels ('zeta_TTT', 'zeta_TTP', 'zeta_TPP', 'zeta_PPP', 'zeta_Bmod', 'zeta_Dmod') (U=498, N_lam=16) from table_tree_cut1000_r4.npz
[etl-callable] loaded 6/6 nonzero channels ('zeta_TTT', 'zeta_TTP', 'zeta_TPP', 'zeta_PPP', 'zeta_Bmod', 'zeta_Dmod') (U=498, N_lam=16) from table_tree_cut1000_r4.npz
[etl-callable] loaded 6/6 nonzero channels ('zeta_TTT', 'zeta_TTP', 'zeta_TPP', 'zeta_PPP', 'zeta_Bmod', 'zeta_Dmod') (U=498, N_lam=16) from table_tree_cut1000_r4.npz
[etl-callable] loaded 6/6 nonzero channels ('zeta_TTT', 'zeta_TTP', 'zeta_TPP', 'zeta_PPP', 'zeta_Bmod', 'zeta_Dmod') (U=498, N_lam=16) from table_tree_cut1000_r4.npz
[etl-callable] loaded 6/6 nonzero channels ('zeta_TTT', 'zeta_TTP', 'zeta_TPP', 'zeta_PPP', 'zeta_Bmod', 'zeta_Dmod') (U=498, N_lam=16) from table_tree_cut1000_r4.npz
[etl-callable] loaded 6/6 nonzero channels ('zeta_TTT', 'zeta_TTP', 'zeta_TPP', 'zeta_PPP', 'zeta_Bmod', 'zeta_Dmod') (U=498, N_lam=16) from table_tree_cut1000_r4.npz
[etl-callable] loaded 6/6 nonzero channels ('zeta_TTT', 'zeta_TTP', 'zeta_TPP', 'zeta_PPP', 'zeta_Bmod', 'zeta_Dmod') (U=498, N_lam=16) from table_tree_cut1000_r4.npz
[etl-callable] loaded 6/6 nonzero channels ('zeta_TTT', 'zeta_TTP', 'zeta_TPP', 'zeta_PPP', 'zeta_Bmod', 'zeta_Dmod') (U=498, N_lam=16) from table_tree_cut1000_r4.npz
[etl-callable] loaded 6/6 nonzero channels ('zeta_TTT', 'zeta_TTP', 'zeta_TPP', 'zeta_PPP', 'zeta_Bmod', 'zeta_Dmod') (U=498, N_lam=16) from table_tree_cut1000_r4.npz
[etl-callable] loaded 6/6 nonzero channels ('zeta_TTT', 'zeta_TTP', 'zeta_TPP', 'zeta_PPP', 'zeta_Bmod', 'zeta_Dmod') (U=498, N_lam=16) from table_tree_cut1000_r4.npz
[etl-callable] loaded 6/6 nonzero channels ('zeta_TTT', 'zeta_TTP', 'zeta_TPP', 'zeta_PPP', 'zeta_Bmod', 'zeta_Dmod') (U=498, N_lam=16) from table_tree_cut1000_r4.npz
[etl-callable] loaded 6/6 nonzero channels ('zeta_TTT', 'zeta_TTP', 'zeta_TPP', 'zeta_PPP', 'zeta_Bmod', 'zeta_Dmod') (U=498, N_lam=16) from table_tree_cut1000_r4.npz
[etl-callable] loaded 6/6 nonzero channels ('zeta_TTT', 'zeta_TTP', 'zeta_TPP', 'zeta_PPP', 'zeta_Bmod', 'zeta_Dmod') (U=498, N_lam=16) from table_tree_cut1000_r4.npz
[etl-callable] loaded 6/6 nonzero channels ('zeta_TTT', 'zeta_TTP', 'zeta_TPP', 'zeta_PPP', 'zeta_Bmod', 'zeta_Dmod') (U=498, N_lam=16) from table_tree_cut1000_r4.npz
[etl-callable] loaded 6/6 nonzero channels ('zeta_TTT', 'zeta_TTP', 'zeta_TPP', 'zeta_PPP', 'zeta_Bmod', 'zeta_Dmod') (U=498, N_lam=16) from table_tree_cut1000_r4.npz
[etl-callable] loaded 6/6 nonzero channels ('zeta_TTT', 'zeta_TTP', 'zeta_TPP', 'zeta_PPP', 'zeta_Bmod', 'zeta_Dmod') (U=498, N_lam=16) from table_tree_cut1000_r4.npz
[etl-callable] loaded 6/6 nonzero channels ('zeta_TTT', 'zeta_TTP', 'zeta_TPP', 'zeta_PPP', 'zeta_Bmod', 'zeta_Dmod') (U=498, N_lam=16) from table_tree_cut1000_r4.npz
[etl-callable] loaded 6/6 nonzero channels ('zeta_TTT', 'zeta_TTP', 'zeta_TPP', 'zeta_PPP', 'zeta_Bmod', 'zeta_Dmod') (U=498, N_lam=16) from table_tree_cut1000_r4.npz
[etl-callable] loaded 6/6 nonzero channels ('zeta_TTT', 'zeta_TTP', 'zeta_TPP', 'zeta_PPP', 'zeta_Bmod', 'zeta_Dmod') (U=498, N_lam=16) from table_tree_cut1000_r4.npz
[etl-callable] loaded 6/6 nonzero channels ('zeta_TTT', 'zeta_TTP', 'zeta_TPP', 'zeta_PPP', 'zeta_Bmod', 'zeta_Dmod') (U=498, N_lam=16) from table_tree_cut1000_r4.npz
[etl-callable] loaded 6/6 nonzero channels ('zeta_TTT', 'zeta_TTP', 'zeta_TPP', 'zeta_PPP', 'zeta_Bmod', 'zeta_Dmod') (U=498, N_lam=16) from table_tree_cut1000_r4.npz
[etl-callable] loaded 6/6 nonzero channels ('zeta_TTT', 'zeta_TTP', 'zeta_TPP', 'zeta_PPP', 'zeta_Bmod', 'zeta_Dmod') (U=498, N_lam=16) from table_tree_cut1000_r4.npz
[etl-callable] loaded 6/6 nonzero channels ('zeta_TTT', 'zeta_TTP', 'zeta_TPP', 'zeta_PPP', 'zeta_Bmod', 'zeta_Dmod') (U=498, N_lam=16) from table_tree_cut1000_r4.npz
[etl-callable] loaded 6/6 nonzero channels ('zeta_TTT', 'zeta_TTP', 'zeta_TPP', 'zeta_PPP', 'zeta_Bmod', 'zeta_Dmod') (U=498, N_lam=16) from table_tree_cut1000_r4.npz
[etl-callable] loaded 6/6 nonzero channels ('zeta_TTT', 'zeta_TTP', 'zeta_TPP', 'zeta_PPP', 'zeta_Bmod', 'zeta_Dmod') (U=498, N_lam=16) from table_tree_cut1000_r4.npz
[etl-callable] loaded 6/6 nonzero channels ('zeta_TTT', 'zeta_TTP', 'zeta_TPP', 'zeta_PPP', 'zeta_Bmod', 'zeta_Dmod') (U=498, N_lam=16) from table_tree_cut1000_r4.npz
[etl-callable] loaded 6/6 nonzero channels ('zeta_TTT', 'zeta_TTP', 'zeta_TPP', 'zeta_PPP', 'zeta_Bmod', 'zeta_Dmod') (U=498, N_lam=16) from table_tree_cut1000_r4.npz
[etl-callable] loaded 6/6 nonzero channels ('zeta_TTT', 'zeta_TTP', 'zeta_TPP', 'zeta_PPP', 'zeta_Bmod', 'zeta_Dmod') (U=498, N_lam=16) from table_tree_cut1000_r4.npz
[etl-callable] loaded 6/6 nonzero channels ('zeta_TTT', 'zeta_TTP', 'zeta_TPP', 'zeta_PPP', 'zeta_Bmod', 'zeta_Dmod') (U=498, N_lam=16) from table_tree_cut1000_r4.npz
[etl-callable] loaded 6/6 nonzero channels ('zeta_TTT', 'zeta_TTP', 'zeta_TPP', 'zeta_PPP', 'zeta_Bmod', 'zeta_Dmod') (U=498, N_lam=16) from table_tree_cut1000_r4.npz
[etl-callable] loaded 6/6 nonzero channels ('zeta_TTT', 'zeta_TTP', 'zeta_TPP', 'zeta_PPP', 'zeta_Bmod', 'zeta_Dmod') (U=498, N_lam=16) from table_tree_cut1000_r4.npz
[etl-callable] loaded 6/6 nonzero channels ('zeta_TTT', 'zeta_TTP', 'zeta_TPP', 'zeta_PPP', 'zeta_Bmod', 'zeta_Dmod') (U=498, N_lam=16) from table_tree_cut1000_r4.npz
[etl-callable] loaded 6/6 nonzero channels ('zeta_TTT', 'zeta_TTP', 'zeta_TPP', 'zeta_PPP', 'zeta_Bmod', 'zeta_Dmod') (U=498, N_lam=16) from table_tree_cut1000_r4.npz
[etl-callable] loaded 6/6 nonzero channels ('zeta_TTT', 'zeta_TTP', 'zeta_TPP', 'zeta_PPP', 'zeta_Bmod', 'zeta_Dmod') (U=498, N_lam=16) from table_tree_cut1000_r4.npz
[etl-callable] loaded 6/6 nonzero channels ('zeta_TTT', 'zeta_TTP', 'zeta_TPP', 'zeta_PPP', 'zeta_Bmod', 'zeta_Dmod') (U=498, N_lam=16) from table_tree_cut1000_r4.npz
[etl-callable] loaded 6/6 nonzero channels ('zeta_TTT', 'zeta_TTP', 'zeta_TPP', 'zeta_PPP', 'zeta_Bmod', 'zeta_Dmod') (U=498, N_lam=16) from table_tree_cut1000_r4.npz
[etl-callable] loaded 6/6 nonzero channels ('zeta_TTT', 'zeta_TTP', 'zeta_TPP', 'zeta_PPP', 'zeta_Bmod', 'zeta_Dmod') (U=498, N_lam=16) from table_tree_cut1000_r4.npz
[etl-callable] loaded 6/6 nonzero channels ('zeta_TTT', 'zeta_TTP', 'zeta_TPP', 'zeta_PPP', 'zeta_Bmod', 'zeta_Dmod') (U=498, N_lam=16) from table_tree_cut1000_r4.npz
[etl-callable] loaded 6/6 nonzero channels ('zeta_TTT', 'zeta_TTP', 'zeta_TPP', 'zeta_PPP', 'zeta_Bmod', 'zeta_Dmod') (U=498, N_lam=16) from table_tree_cut1000_r4.npz
[etl-callable] loaded 6/6 nonzero channels ('zeta_TTT', 'zeta_TTP', 'zeta_TPP', 'zeta_PPP', 'zeta_Bmod', 'zeta_Dmod') (U=498, N_lam=16) from table_tree_cut1000_r4.npz
[etl-callable] loaded 6/6 nonzero channels ('zeta_TTT', 'zeta_TTP', 'zeta_TPP', 'zeta_PPP', 'zeta_Bmod', 'zeta_Dmod') (U=498, N_lam=16) from table_tree_cut1000_r4.npz
[etl-callable] loaded 6/6 nonzero channels ('zeta_TTT', 'zeta_TTP', 'zeta_TPP', 'zeta_PPP', 'zeta_Bmod', 'zeta_Dmod') (U=498, N_lam=16) from table_tree_cut1000_r4.npz
[etl-callable] loaded 6/6 nonzero channels ('zeta_TTT', 'zeta_TTP', 'zeta_TPP', 'zeta_PPP', 'zeta_Bmod', 'zeta_Dmod') (U=498, N_lam=16) from table_tree_cut1000_r4.npz
[etl-callable] loaded 6/6 nonzero channels ('zeta_TTT', 'zeta_TTP', 'zeta_TPP', 'zeta_PPP', 'zeta_Bmod', 'zeta_Dmod') (U=498, N_lam=16) from table_tree_cut1000_r4.npz
[etl-callable] loaded 6/6 nonzero channels ('zeta_TTT', 'zeta_TTP', 'zeta_TPP', 'zeta_PPP', 'zeta_Bmod', 'zeta_Dmod') (U=498, N_lam=16) from table_tree_cut1000_r4.npz
[etl-callable] loaded 6/6 nonzero channels ('zeta_TTT', 'zeta_TTP', 'zeta_TPP', 'zeta_PPP', 'zeta_Bmod', 'zeta_Dmod') (U=498, N_lam=16) from table_tree_cut1000_r4.npz
[etl-callable] loaded 6/6 nonzero channels ('zeta_TTT', 'zeta_TTP', 'zeta_TPP', 'zeta_PPP', 'zeta_Bmod', 'zeta_Dmod') (U=498, N_lam=16) from table_tree_cut1000_r4.npz
[etl-callable] loaded 6/6 nonzero channels ('zeta_TTT', 'zeta_TTP', 'zeta_TPP', 'zeta_PPP', 'zeta_Bmod', 'zeta_Dmod') (U=498, N_lam=16) from table_tree_cut1000_r4.npz
[etl-callable] loaded 6/6 nonzero channels ('zeta_TTT', 'zeta_TTP', 'zeta_TPP', 'zeta_PPP', 'zeta_Bmod', 'zeta_Dmod') (U=498, N_lam=16) from table_tree_cut1000_r4.npz
[etl-callable] loaded 6/6 nonzero channels ('zeta_TTT', 'zeta_TTP', 'zeta_TPP', 'zeta_PPP', 'zeta_Bmod', 'zeta_Dmod') (U=498, N_lam=16) from table_tree_cut1000_r4.npz
[etl-callable] loaded 6/6 nonzero channels ('zeta_TTT', 'zeta_TTP', 'zeta_TPP', 'zeta_PPP', 'zeta_Bmod', 'zeta_Dmod') (U=498, N_lam=16) from table_tree_cut1000_r4.npz
[etl-callable] loaded 6/6 nonzero channels ('zeta_TTT', 'zeta_TTP', 'zeta_TPP', 'zeta_PPP', 'zeta_Bmod', 'zeta_Dmod') (U=498, N_lam=16) from table_tree_cut1000_r4.npz
[etl-callable] loaded 6/6 nonzero channels ('zeta_TTT', 'zeta_TTP', 'zeta_TPP', 'zeta_PPP', 'zeta_Bmod', 'zeta_Dmod') (U=498, N_lam=16) from table_tree_cut1000_r4.npz
[etl-callable] loaded 6/6 nonzero channels ('zeta_TTT', 'zeta_TTP', 'zeta_TPP', 'zeta_PPP', 'zeta_Bmod', 'zeta_Dmod') (U=498, N_lam=16) from table_tree_cut1000_r4.npz
[etl-callable] loaded 6/6 nonzero channels ('zeta_TTT', 'zeta_TTP', 'zeta_TPP', 'zeta_PPP', 'zeta_Bmod', 'zeta_Dmod') (U=498, N_lam=16) from table_tree_cut1000_r4.npz
[etl-callable] loaded 6/6 nonzero channels ('zeta_TTT', 'zeta_TTP', 'zeta_TPP', 'zeta_PPP', 'zeta_Bmod', 'zeta_Dmod') (U=498, N_lam=16) from table_tree_cut1000_r4.npz
[etl-callable] loaded 6/6 nonzero channels ('zeta_TTT', 'zeta_TTP', 'zeta_TPP', 'zeta_PPP', 'zeta_Bmod', 'zeta_Dmod') (U=498, N_lam=16) from table_tree_cut1000_r4.npz
[etl-callable] loaded 6/6 nonzero channels ('zeta_TTT', 'zeta_TTP', 'zeta_TPP', 'zeta_PPP', 'zeta_Bmod', 'zeta_Dmod') (U=498, N_lam=16) from table_tree_cut1000_r4.npz
[etl-callable] loaded 6/6 nonzero channels ('zeta_TTT', 'zeta_TTP', 'zeta_TPP', 'zeta_PPP', 'zeta_Bmod', 'zeta_Dmod') (U=498, N_lam=16) from table_tree_cut1000_r4.npz
[etl-callable] loaded 6/6 nonzero channels ('zeta_TTT', 'zeta_TTP', 'zeta_TPP', 'zeta_PPP', 'zeta_Bmod', 'zeta_Dmod') (U=498, N_lam=16) from table_tree_cut1000_r4.npz
[etl-callable] loaded 6/6 nonzero channels ('zeta_TTT', 'zeta_TTP', 'zeta_TPP', 'zeta_PPP', 'zeta_Bmod', 'zeta_Dmod') (U=498, N_lam=16) from table_tree_cut1000_r4.npz
[run_FF_single] done in 136.5 s
[etl-callable] loaded 6/6 nonzero channels ('zeta_TTT', 'zeta_TTP', 'zeta_TPP', 'zeta_PPP', 'zeta_Bmod', 'zeta_Dmod') (U=498, N_lam=16) from table_tree_cut1000_r4.npz
[etl-callable] loaded 6/6 nonzero channels ('zeta_TTT', 'zeta_TTP', 'zeta_TPP', 'zeta_PPP', 'zeta_Bmod', 'zeta_Dmod') (U=498, N_lam=16) from table_tree_cut1000_r4.npz
[etl-callable] loaded 6/6 nonzero channels ('zeta_TTT', 'zeta_TTP', 'zeta_TPP', 'zeta_PPP', 'zeta_Bmod', 'zeta_Dmod') (U=498, N_lam=16) from table_tree_cut1000_r4.npz
[etl-callable] loaded 6/6 nonzero channels ('zeta_TTT', 'zeta_TTP', 'zeta_TPP', 'zeta_PPP', 'zeta_Bmod', 'zeta_Dmod') (U=498, N_lam=16) from table_tree_cut1000_r4.npz
[etl-callable] loaded 6/6 nonzero channels ('zeta_TTT', 'zeta_TTP', 'zeta_TPP', 'zeta_PPP', 'zeta_Bmod', 'zeta_Dmod') (U=498, N_lam=16) from table_tree_cut1000_r4.npz
[etl-callable] loaded 6/6 nonzero channels ('zeta_TTT', 'zeta_TTP', 'zeta_TPP', 'zeta_PPP', 'zeta_Bmod', 'zeta_Dmod') (U=498, N_lam=16) from table_tree_cut1000_r4.npz
[etl-callable] loaded 6/6 nonzero channels ('zeta_TTT', 'zeta_TTP', 'zeta_TPP', 'zeta_PPP', 'zeta_Bmod', 'zeta_Dmod') (U=498, N_lam=16) from table_tree_cut1000_r4.npz
[fk] /opt/homebrew/Caskroom/miniconda/base/envs/sft-wick/bin/python /Users/zzhang/Documents/MyDrafts/STF_lensing/SFT-lensing-paper-analyses/sachs_sft/scripts/run_FF_single.py /Users/zzhang/Documents/MyDrafts/STF_lensing/SFT-lensing-paper-analyses/sachs_sft/scripts/inputs/kappa2_grid_lcut0_low_empty.npz /Users/zzhang/Documents/MyDrafts/STF_lensing/driver_field_emulators/products/table_tree_cut1000_r4_xi.npz
[fk] wrote /Users/zzhang/Documents/MyDrafts/STF_lensing/driver_field_emulators/products/table_tree_cut1000_r4_xi.npz
[run_FF_single] kappa2 = kappa2_grid_lcut0_low_empty.npz
[run_FF_single] sigma2 = disabled
[run_FF_single] sweep.n_gauss = 24
[run_FF_single] expand.orders = (0, 2)
[run_FF_single] -> /Users/zzhang/Documents/MyDrafts/STF_lensing/driver_field_emulators/products/table_tree_cut1000_r1_xi.npz
[etl-callable] loaded 6/6 nonzero channels ('zeta_TTT', 'zeta_TTP', 'zeta_TPP', 'zeta_PPP', 'zeta_Bmod', 'zeta_Dmod') (U=391, N_lam=16) from table_tree_cut1000_r1.npz
[etl-callable] loaded 6/6 nonzero channels ('zeta_TTT', 'zeta_TTP', 'zeta_TPP', 'zeta_PPP', 'zeta_Bmod', 'zeta_Dmod') (U=391, N_lam=16) from table_tree_cut1000_r1.npz
[etl-callable] loaded 6/6 nonzero channels ('zeta_TTT', 'zeta_TTP', 'zeta_TPP', 'zeta_PPP', 'zeta_Bmod', 'zeta_Dmod') (U=391, N_lam=16) from table_tree_cut1000_r1.npz
/opt/homebrew/Caskroom/miniconda/base/envs/sft-wick/lib/python3.14/site-packages/joblib/externals/loky/process_executor.py:782: UserWarning: A worker stopped while some jobs were given to the executor. This can be caused by a too short worker timeout or by a memory leak.
  warnings.warn(
[etl-callable] loaded 6/6 nonzero channels ('zeta_TTT', 'zeta_TTP', 'zeta_TPP', 'zeta_PPP', 'zeta_Bmod', 'zeta_Dmod') (U=391, N_lam=16) from table_tree_cut1000_r1.npz
[etl-callable] loaded 6/6 nonzero channels ('zeta_TTT', 'zeta_TTP', 'zeta_TPP', 'zeta_PPP', 'zeta_Bmod', 'zeta_Dmod') (U=391, N_lam=16) from table_tree_cut1000_r1.npz
[etl-callable] loaded 6/6 nonzero channels ('zeta_TTT', 'zeta_TTP', 'zeta_TPP', 'zeta_PPP', 'zeta_Bmod', 'zeta_Dmod') (U=391, N_lam=16) from table_tree_cut1000_r1.npz
[etl-callable] loaded 6/6 nonzero channels ('zeta_TTT', 'zeta_TTP', 'zeta_TPP', 'zeta_PPP', 'zeta_Bmod', 'zeta_Dmod') (U=391, N_lam=16) from table_tree_cut1000_r1.npz
[etl-callable] loaded 6/6 nonzero channels ('zeta_TTT', 'zeta_TTP', 'zeta_TPP', 'zeta_PPP', 'zeta_Bmod', 'zeta_Dmod') (U=391, N_lam=16) from table_tree_cut1000_r1.npz
[etl-callable] loaded 6/6 nonzero channels ('zeta_TTT', 'zeta_TTP', 'zeta_TPP', 'zeta_PPP', 'zeta_Bmod', 'zeta_Dmod') (U=391, N_lam=16) from table_tree_cut1000_r1.npz
[etl-callable] loaded 6/6 nonzero channels ('zeta_TTT', 'zeta_TTP', 'zeta_TPP', 'zeta_PPP', 'zeta_Bmod', 'zeta_Dmod') (U=391, N_lam=16) from table_tree_cut1000_r1.npz
[etl-callable] loaded 6/6 nonzero channels ('zeta_TTT', 'zeta_TTP', 'zeta_TPP', 'zeta_PPP', 'zeta_Bmod', 'zeta_Dmod') (U=391, N_lam=16) from table_tree_cut1000_r1.npz
[etl-callable] loaded 6/6 nonzero channels ('zeta_TTT', 'zeta_TTP', 'zeta_TPP', 'zeta_PPP', 'zeta_Bmod', 'zeta_Dmod') (U=391, N_lam=16) from table_tree_cut1000_r1.npz
[etl-callable] loaded 6/6 nonzero channels ('zeta_TTT', 'zeta_TTP', 'zeta_TPP', 'zeta_PPP', 'zeta_Bmod', 'zeta_Dmod') (U=391, N_lam=16) from table_tree_cut1000_r1.npz
[etl-callable] loaded 6/6 nonzero channels ('zeta_TTT', 'zeta_TTP', 'zeta_TPP', 'zeta_PPP', 'zeta_Bmod', 'zeta_Dmod') (U=391, N_lam=16) from table_tree_cut1000_r1.npz
[etl-callable] loaded 6/6 nonzero channels ('zeta_TTT', 'zeta_TTP', 'zeta_TPP', 'zeta_PPP', 'zeta_Bmod', 'zeta_Dmod') (U=391, N_lam=16) from table_tree_cut1000_r1.npz
[etl-callable] loaded 6/6 nonzero channels ('zeta_TTT', 'zeta_TTP', 'zeta_TPP', 'zeta_PPP', 'zeta_Bmod', 'zeta_Dmod') (U=391, N_lam=16) from table_tree_cut1000_r1.npz
[etl-callable] loaded 6/6 nonzero channels ('zeta_TTT', 'zeta_TTP', 'zeta_TPP', 'zeta_PPP', 'zeta_Bmod', 'zeta_Dmod') (U=391, N_lam=16) from table_tree_cut1000_r1.npz
[etl-callable] loaded 6/6 nonzero channels ('zeta_TTT', 'zeta_TTP', 'zeta_TPP', 'zeta_PPP', 'zeta_Bmod', 'zeta_Dmod') (U=391, N_lam=16) from table_tree_cut1000_r1.npz
[etl-callable] loaded 6/6 nonzero channels ('zeta_TTT', 'zeta_TTP', 'zeta_TPP', 'zeta_PPP', 'zeta_Bmod', 'zeta_Dmod') (U=391, N_lam=16) from table_tree_cut1000_r1.npz
[etl-callable] loaded 6/6 nonzero channels ('zeta_TTT', 'zeta_TTP', 'zeta_TPP', 'zeta_PPP', 'zeta_Bmod', 'zeta_Dmod') (U=391, N_lam=16) from table_tree_cut1000_r1.npz
[etl-callable] loaded 6/6 nonzero channels ('zeta_TTT', 'zeta_TTP', 'zeta_TPP', 'zeta_PPP', 'zeta_Bmod', 'zeta_Dmod') (U=391, N_lam=16) from table_tree_cut1000_r1.npz
[etl-callable] loaded 6/6 nonzero channels ('zeta_TTT', 'zeta_TTP', 'zeta_TPP', 'zeta_PPP', 'zeta_Bmod', 'zeta_Dmod') (U=391, N_lam=16) from table_tree_cut1000_r1.npz
[etl-callable] loaded 6/6 nonzero channels ('zeta_TTT', 'zeta_TTP', 'zeta_TPP', 'zeta_PPP', 'zeta_Bmod', 'zeta_Dmod') (U=391, N_lam=16) from table_tree_cut1000_r1.npz
[etl-callable] loaded 6/6 nonzero channels ('zeta_TTT', 'zeta_TTP', 'zeta_TPP', 'zeta_PPP', 'zeta_Bmod', 'zeta_Dmod') (U=391, N_lam=16) from table_tree_cut1000_r1.npz
[etl-callable] loaded 6/6 nonzero channels ('zeta_TTT', 'zeta_TTP', 'zeta_TPP', 'zeta_PPP', 'zeta_Bmod', 'zeta_Dmod') (U=391, N_lam=16) from table_tree_cut1000_r1.npz
[etl-callable] loaded 6/6 nonzero channels ('zeta_TTT', 'zeta_TTP', 'zeta_TPP', 'zeta_PPP', 'zeta_Bmod', 'zeta_Dmod') (U=391, N_lam=16) from table_tree_cut1000_r1.npz
[etl-callable] loaded 6/6 nonzero channels ('zeta_TTT', 'zeta_TTP', 'zeta_TPP', 'zeta_PPP', 'zeta_Bmod', 'zeta_Dmod') (U=391, N_lam=16) from table_tree_cut1000_r1.npz
[etl-callable] loaded 6/6 nonzero channels ('zeta_TTT', 'zeta_TTP', 'zeta_TPP', 'zeta_PPP', 'zeta_Bmod', 'zeta_Dmod') (U=391, N_lam=16) from table_tree_cut1000_r1.npz
[etl-callable] loaded 6/6 nonzero channels ('zeta_TTT', 'zeta_TTP', 'zeta_TPP', 'zeta_PPP', 'zeta_Bmod', 'zeta_Dmod') (U=391, N_lam=16) from table_tree_cut1000_r1.npz
[etl-callable] loaded 6/6 nonzero channels ('zeta_TTT', 'zeta_TTP', 'zeta_TPP', 'zeta_PPP', 'zeta_Bmod', 'zeta_Dmod') (U=391, N_lam=16) from table_tree_cut1000_r1.npz
[etl-callable] loaded 6/6 nonzero channels ('zeta_TTT', 'zeta_TTP', 'zeta_TPP', 'zeta_PPP', 'zeta_Bmod', 'zeta_Dmod') (U=391, N_lam=16) from table_tree_cut1000_r1.npz
[etl-callable] loaded 6/6 nonzero channels ('zeta_TTT', 'zeta_TTP', 'zeta_TPP', 'zeta_PPP', 'zeta_Bmod', 'zeta_Dmod') (U=391, N_lam=16) from table_tree_cut1000_r1.npz
[etl-callable] loaded 6/6 nonzero channels ('zeta_TTT', 'zeta_TTP', 'zeta_TPP', 'zeta_PPP', 'zeta_Bmod', 'zeta_Dmod') (U=391, N_lam=16) from table_tree_cut1000_r1.npz
[etl-callable] loaded 6/6 nonzero channels ('zeta_TTT', 'zeta_TTP', 'zeta_TPP', 'zeta_PPP', 'zeta_Bmod', 'zeta_Dmod') (U=391, N_lam=16) from table_tree_cut1000_r1.npz
[etl-callable] loaded 6/6 nonzero channels ('zeta_TTT', 'zeta_TTP', 'zeta_TPP', 'zeta_PPP', 'zeta_Bmod', 'zeta_Dmod') (U=391, N_lam=16) from table_tree_cut1000_r1.npz
[etl-callable] loaded 6/6 nonzero channels ('zeta_TTT', 'zeta_TTP', 'zeta_TPP', 'zeta_PPP', 'zeta_Bmod', 'zeta_Dmod') (U=391, N_lam=16) from table_tree_cut1000_r1.npz
[etl-callable] loaded 6/6 nonzero channels ('zeta_TTT', 'zeta_TTP', 'zeta_TPP', 'zeta_PPP', 'zeta_Bmod', 'zeta_Dmod') (U=391, N_lam=16) from table_tree_cut1000_r1.npz
[etl-callable] loaded 6/6 nonzero channels ('zeta_TTT', 'zeta_TTP', 'zeta_TPP', 'zeta_PPP', 'zeta_Bmod', 'zeta_Dmod') (U=391, N_lam=16) from table_tree_cut1000_r1.npz
[etl-callable] loaded 6/6 nonzero channels ('zeta_TTT', 'zeta_TTP', 'zeta_TPP', 'zeta_PPP', 'zeta_Bmod', 'zeta_Dmod') (U=391, N_lam=16) from table_tree_cut1000_r1.npz
[etl-callable] loaded 6/6 nonzero channels ('zeta_TTT', 'zeta_TTP', 'zeta_TPP', 'zeta_PPP', 'zeta_Bmod', 'zeta_Dmod') (U=391, N_lam=16) from table_tree_cut1000_r1.npz
[etl-callable] loaded 6/6 nonzero channels ('zeta_TTT', 'zeta_TTP', 'zeta_TPP', 'zeta_PPP', 'zeta_Bmod', 'zeta_Dmod') (U=391, N_lam=16) from table_tree_cut1000_r1.npz
[etl-callable] loaded 6/6 nonzero channels ('zeta_TTT', 'zeta_TTP', 'zeta_TPP', 'zeta_PPP', 'zeta_Bmod', 'zeta_Dmod') (U=391, N_lam=16) from table_tree_cut1000_r1.npz
[etl-callable] loaded 6/6 nonzero channels ('zeta_TTT', 'zeta_TTP', 'zeta_TPP', 'zeta_PPP', 'zeta_Bmod', 'zeta_Dmod') (U=391, N_lam=16) from table_tree_cut1000_r1.npz
[etl-callable] loaded 6/6 nonzero channels ('zeta_TTT', 'zeta_TTP', 'zeta_TPP', 'zeta_PPP', 'zeta_Bmod', 'zeta_Dmod') (U=391, N_lam=16) from table_tree_cut1000_r1.npz
[etl-callable] loaded 6/6 nonzero channels ('zeta_TTT', 'zeta_TTP', 'zeta_TPP', 'zeta_PPP', 'zeta_Bmod', 'zeta_Dmod') (U=391, N_lam=16) from table_tree_cut1000_r1.npz
[etl-callable] loaded 6/6 nonzero channels ('zeta_TTT', 'zeta_TTP', 'zeta_TPP', 'zeta_PPP', 'zeta_Bmod', 'zeta_Dmod') (U=391, N_lam=16) from table_tree_cut1000_r1.npz
[etl-callable] loaded 6/6 nonzero channels ('zeta_TTT', 'zeta_TTP', 'zeta_TPP', 'zeta_PPP', 'zeta_Bmod', 'zeta_Dmod') (U=391, N_lam=16) from table_tree_cut1000_r1.npz
[etl-callable] loaded 6/6 nonzero channels ('zeta_TTT', 'zeta_TTP', 'zeta_TPP', 'zeta_PPP', 'zeta_Bmod', 'zeta_Dmod') (U=391, N_lam=16) from table_tree_cut1000_r1.npz
[etl-callable] loaded 6/6 nonzero channels ('zeta_TTT', 'zeta_TTP', 'zeta_TPP', 'zeta_PPP', 'zeta_Bmod', 'zeta_Dmod') (U=391, N_lam=16) from table_tree_cut1000_r1.npz
[etl-callable] loaded 6/6 nonzero channels ('zeta_TTT', 'zeta_TTP', 'zeta_TPP', 'zeta_PPP', 'zeta_Bmod', 'zeta_Dmod') (U=391, N_lam=16) from table_tree_cut1000_r1.npz
[etl-callable] loaded 6/6 nonzero channels ('zeta_TTT', 'zeta_TTP', 'zeta_TPP', 'zeta_PPP', 'zeta_Bmod', 'zeta_Dmod') (U=391, N_lam=16) from table_tree_cut1000_r1.npz
[etl-callable] loaded 6/6 nonzero channels ('zeta_TTT', 'zeta_TTP', 'zeta_TPP', 'zeta_PPP', 'zeta_Bmod', 'zeta_Dmod') (U=391, N_lam=16) from table_tree_cut1000_r1.npz
[etl-callable] loaded 6/6 nonzero channels ('zeta_TTT', 'zeta_TTP', 'zeta_TPP', 'zeta_PPP', 'zeta_Bmod', 'zeta_Dmod') (U=391, N_lam=16) from table_tree_cut1000_r1.npz
[etl-callable] loaded 6/6 nonzero channels ('zeta_TTT', 'zeta_TTP', 'zeta_TPP', 'zeta_PPP', 'zeta_Bmod', 'zeta_Dmod') (U=391, N_lam=16) from table_tree_cut1000_r1.npz
[etl-callable] loaded 6/6 nonzero channels ('zeta_TTT', 'zeta_TTP', 'zeta_TPP', 'zeta_PPP', 'zeta_Bmod', 'zeta_Dmod') (U=391, N_lam=16) from table_tree_cut1000_r1.npz
[etl-callable] loaded 6/6 nonzero channels ('zeta_TTT', 'zeta_TTP', 'zeta_TPP', 'zeta_PPP', 'zeta_Bmod', 'zeta_Dmod') (U=391, N_lam=16) from table_tree_cut1000_r1.npz
[etl-callable] loaded 6/6 nonzero channels ('zeta_TTT', 'zeta_TTP', 'zeta_TPP', 'zeta_PPP', 'zeta_Bmod', 'zeta_Dmod') (U=391, N_lam=16) from table_tree_cut1000_r1.npz
[etl-callable] loaded 6/6 nonzero channels ('zeta_TTT', 'zeta_TTP', 'zeta_TPP', 'zeta_PPP', 'zeta_Bmod', 'zeta_Dmod') (U=391, N_lam=16) from table_tree_cut1000_r1.npz
[etl-callable] loaded 6/6 nonzero channels ('zeta_TTT', 'zeta_TTP', 'zeta_TPP', 'zeta_PPP', 'zeta_Bmod', 'zeta_Dmod') (U=391, N_lam=16) from table_tree_cut1000_r1.npz
[etl-callable] loaded 6/6 nonzero channels ('zeta_TTT', 'zeta_TTP', 'zeta_TPP', 'zeta_PPP', 'zeta_Bmod', 'zeta_Dmod') (U=391, N_lam=16) from table_tree_cut1000_r1.npz
[etl-callable] loaded 6/6 nonzero channels ('zeta_TTT', 'zeta_TTP', 'zeta_TPP', 'zeta_PPP', 'zeta_Bmod', 'zeta_Dmod') (U=391, N_lam=16) from table_tree_cut1000_r1.npz
[etl-callable] loaded 6/6 nonzero channels ('zeta_TTT', 'zeta_TTP', 'zeta_TPP', 'zeta_PPP', 'zeta_Bmod', 'zeta_Dmod') (U=391, N_lam=16) from table_tree_cut1000_r1.npz
[etl-callable] loaded 6/6 nonzero channels ('zeta_TTT', 'zeta_TTP', 'zeta_TPP', 'zeta_PPP', 'zeta_Bmod', 'zeta_Dmod') (U=391, N_lam=16) from table_tree_cut1000_r1.npz
[etl-callable] loaded 6/6 nonzero channels ('zeta_TTT', 'zeta_TTP', 'zeta_TPP', 'zeta_PPP', 'zeta_Bmod', 'zeta_Dmod') (U=391, N_lam=16) from table_tree_cut1000_r1.npz
[etl-callable] loaded 6/6 nonzero channels ('zeta_TTT', 'zeta_TTP', 'zeta_TPP', 'zeta_PPP', 'zeta_Bmod', 'zeta_Dmod') (U=391, N_lam=16) from table_tree_cut1000_r1.npz
[etl-callable] loaded 6/6 nonzero channels ('zeta_TTT', 'zeta_TTP', 'zeta_TPP', 'zeta_PPP', 'zeta_Bmod', 'zeta_Dmod') (U=391, N_lam=16) from table_tree_cut1000_r1.npz
[etl-callable] loaded 6/6 nonzero channels ('zeta_TTT', 'zeta_TTP', 'zeta_TPP', 'zeta_PPP', 'zeta_Bmod', 'zeta_Dmod') (U=391, N_lam=16) from table_tree_cut1000_r1.npz
[etl-callable] loaded 6/6 nonzero channels ('zeta_TTT', 'zeta_TTP', 'zeta_TPP', 'zeta_PPP', 'zeta_Bmod', 'zeta_Dmod') (U=391, N_lam=16) from table_tree_cut1000_r1.npz
[etl-callable] loaded 6/6 nonzero channels ('zeta_TTT', 'zeta_TTP', 'zeta_TPP', 'zeta_PPP', 'zeta_Bmod', 'zeta_Dmod') (U=391, N_lam=16) from table_tree_cut1000_r1.npz
[etl-callable] loaded 6/6 nonzero channels ('zeta_TTT', 'zeta_TTP', 'zeta_TPP', 'zeta_PPP', 'zeta_Bmod', 'zeta_Dmod') (U=391, N_lam=16) from table_tree_cut1000_r1.npz
[etl-callable] loaded 6/6 nonzero channels ('zeta_TTT', 'zeta_TTP', 'zeta_TPP', 'zeta_PPP', 'zeta_Bmod', 'zeta_Dmod') (U=391, N_lam=16) from table_tree_cut1000_r1.npz
[etl-callable] loaded 6/6 nonzero channels ('zeta_TTT', 'zeta_TTP', 'zeta_TPP', 'zeta_PPP', 'zeta_Bmod', 'zeta_Dmod') (U=391, N_lam=16) from table_tree_cut1000_r1.npz
[etl-callable] loaded 6/6 nonzero channels ('zeta_TTT', 'zeta_TTP', 'zeta_TPP', 'zeta_PPP', 'zeta_Bmod', 'zeta_Dmod') (U=391, N_lam=16) from table_tree_cut1000_r1.npz
[etl-callable] loaded 6/6 nonzero channels ('zeta_TTT', 'zeta_TTP', 'zeta_TPP', 'zeta_PPP', 'zeta_Bmod', 'zeta_Dmod') (U=391, N_lam=16) from table_tree_cut1000_r1.npz
[etl-callable] loaded 6/6 nonzero channels ('zeta_TTT', 'zeta_TTP', 'zeta_TPP', 'zeta_PPP', 'zeta_Bmod', 'zeta_Dmod') (U=391, N_lam=16) from table_tree_cut1000_r1.npz
[etl-callable] loaded 6/6 nonzero channels ('zeta_TTT', 'zeta_TTP', 'zeta_TPP', 'zeta_PPP', 'zeta_Bmod', 'zeta_Dmod') (U=391, N_lam=16) from table_tree_cut1000_r1.npz
[etl-callable] loaded 6/6 nonzero channels ('zeta_TTT', 'zeta_TTP', 'zeta_TPP', 'zeta_PPP', 'zeta_Bmod', 'zeta_Dmod') (U=391, N_lam=16) from table_tree_cut1000_r1.npz
[etl-callable] loaded 6/6 nonzero channels ('zeta_TTT', 'zeta_TTP', 'zeta_TPP', 'zeta_PPP', 'zeta_Bmod', 'zeta_Dmod') (U=391, N_lam=16) from table_tree_cut1000_r1.npz
[etl-callable] loaded 6/6 nonzero channels ('zeta_TTT', 'zeta_TTP', 'zeta_TPP', 'zeta_PPP', 'zeta_Bmod', 'zeta_Dmod') (U=391, N_lam=16) from table_tree_cut1000_r1.npz
[etl-callable] loaded 6/6 nonzero channels ('zeta_TTT', 'zeta_TTP', 'zeta_TPP', 'zeta_PPP', 'zeta_Bmod', 'zeta_Dmod') (U=391, N_lam=16) from table_tree_cut1000_r1.npz
[etl-callable] loaded 6/6 nonzero channels ('zeta_TTT', 'zeta_TTP', 'zeta_TPP', 'zeta_PPP', 'zeta_Bmod', 'zeta_Dmod') (U=391, N_lam=16) from table_tree_cut1000_r1.npz
[etl-callable] loaded 6/6 nonzero channels ('zeta_TTT', 'zeta_TTP', 'zeta_TPP', 'zeta_PPP', 'zeta_Bmod', 'zeta_Dmod') (U=391, N_lam=16) from table_tree_cut1000_r1.npz
[etl-callable] loaded 6/6 nonzero channels ('zeta_TTT', 'zeta_TTP', 'zeta_TPP', 'zeta_PPP', 'zeta_Bmod', 'zeta_Dmod') (U=391, N_lam=16) from table_tree_cut1000_r1.npz
[etl-callable] loaded 6/6 nonzero channels ('zeta_TTT', 'zeta_TTP', 'zeta_TPP', 'zeta_PPP', 'zeta_Bmod', 'zeta_Dmod') (U=391, N_lam=16) from table_tree_cut1000_r1.npz
[etl-callable] loaded 6/6 nonzero channels ('zeta_TTT', 'zeta_TTP', 'zeta_TPP', 'zeta_PPP', 'zeta_Bmod', 'zeta_Dmod') (U=391, N_lam=16) from table_tree_cut1000_r1.npz
[etl-callable] loaded 6/6 nonzero channels ('zeta_TTT', 'zeta_TTP', 'zeta_TPP', 'zeta_PPP', 'zeta_Bmod', 'zeta_Dmod') (U=391, N_lam=16) from table_tree_cut1000_r1.npz
[etl-callable] loaded 6/6 nonzero channels ('zeta_TTT', 'zeta_TTP', 'zeta_TPP', 'zeta_PPP', 'zeta_Bmod', 'zeta_Dmod') (U=391, N_lam=16) from table_tree_cut1000_r1.npz
[etl-callable] loaded 6/6 nonzero channels ('zeta_TTT', 'zeta_TTP', 'zeta_TPP', 'zeta_PPP', 'zeta_Bmod', 'zeta_Dmod') (U=391, N_lam=16) from table_tree_cut1000_r1.npz
[etl-callable] loaded 6/6 nonzero channels ('zeta_TTT', 'zeta_TTP', 'zeta_TPP', 'zeta_PPP', 'zeta_Bmod', 'zeta_Dmod') (U=391, N_lam=16) from table_tree_cut1000_r1.npz
[etl-callable] loaded 6/6 nonzero channels ('zeta_TTT', 'zeta_TTP', 'zeta_TPP', 'zeta_PPP', 'zeta_Bmod', 'zeta_Dmod') (U=391, N_lam=16) from table_tree_cut1000_r1.npz
[etl-callable] loaded 6/6 nonzero channels ('zeta_TTT', 'zeta_TTP', 'zeta_TPP', 'zeta_PPP', 'zeta_Bmod', 'zeta_Dmod') (U=391, N_lam=16) from table_tree_cut1000_r1.npz
[etl-callable] loaded 6/6 nonzero channels ('zeta_TTT', 'zeta_TTP', 'zeta_TPP', 'zeta_PPP', 'zeta_Bmod', 'zeta_Dmod') (U=391, N_lam=16) from table_tree_cut1000_r1.npz
[etl-callable] loaded 6/6 nonzero channels ('zeta_TTT', 'zeta_TTP', 'zeta_TPP', 'zeta_PPP', 'zeta_Bmod', 'zeta_Dmod') (U=391, N_lam=16) from table_tree_cut1000_r1.npz
[etl-callable] loaded 6/6 nonzero channels ('zeta_TTT', 'zeta_TTP', 'zeta_TPP', 'zeta_PPP', 'zeta_Bmod', 'zeta_Dmod') (U=391, N_lam=16) from table_tree_cut1000_r1.npz
[etl-callable] loaded 6/6 nonzero channels ('zeta_TTT', 'zeta_TTP', 'zeta_TPP', 'zeta_PPP', 'zeta_Bmod', 'zeta_Dmod') (U=391, N_lam=16) from table_tree_cut1000_r1.npz
[etl-callable] loaded 6/6 nonzero channels ('zeta_TTT', 'zeta_TTP', 'zeta_TPP', 'zeta_PPP', 'zeta_Bmod', 'zeta_Dmod') (U=391, N_lam=16) from table_tree_cut1000_r1.npz
[etl-callable] loaded 6/6 nonzero channels ('zeta_TTT', 'zeta_TTP', 'zeta_TPP', 'zeta_PPP', 'zeta_Bmod', 'zeta_Dmod') (U=391, N_lam=16) from table_tree_cut1000_r1.npz
[etl-callable] loaded 6/6 nonzero channels ('zeta_TTT', 'zeta_TTP', 'zeta_TPP', 'zeta_PPP', 'zeta_Bmod', 'zeta_Dmod') (U=391, N_lam=16) from table_tree_cut1000_r1.npz
[etl-callable] loaded 6/6 nonzero channels ('zeta_TTT', 'zeta_TTP', 'zeta_TPP', 'zeta_PPP', 'zeta_Bmod', 'zeta_Dmod') (U=391, N_lam=16) from table_tree_cut1000_r1.npz
[etl-callable] loaded 6/6 nonzero channels ('zeta_TTT', 'zeta_TTP', 'zeta_TPP', 'zeta_PPP', 'zeta_Bmod', 'zeta_Dmod') (U=391, N_lam=16) from table_tree_cut1000_r1.npz
[etl-callable] loaded 6/6 nonzero channels ('zeta_TTT', 'zeta_TTP', 'zeta_TPP', 'zeta_PPP', 'zeta_Bmod', 'zeta_Dmod') (U=391, N_lam=16) from table_tree_cut1000_r1.npz
[etl-callable] loaded 6/6 nonzero channels ('zeta_TTT', 'zeta_TTP', 'zeta_TPP', 'zeta_PPP', 'zeta_Bmod', 'zeta_Dmod') (U=391, N_lam=16) from table_tree_cut1000_r1.npz
[etl-callable] loaded 6/6 nonzero channels ('zeta_TTT', 'zeta_TTP', 'zeta_TPP', 'zeta_PPP', 'zeta_Bmod', 'zeta_Dmod') (U=391, N_lam=16) from table_tree_cut1000_r1.npz
[etl-callable] loaded 6/6 nonzero channels ('zeta_TTT', 'zeta_TTP', 'zeta_TPP', 'zeta_PPP', 'zeta_Bmod', 'zeta_Dmod') (U=391, N_lam=16) from table_tree_cut1000_r1.npz
[etl-callable] loaded 6/6 nonzero channels ('zeta_TTT', 'zeta_TTP', 'zeta_TPP', 'zeta_PPP', 'zeta_Bmod', 'zeta_Dmod') (U=391, N_lam=16) from table_tree_cut1000_r1.npz
[etl-callable] loaded 6/6 nonzero channels ('zeta_TTT', 'zeta_TTP', 'zeta_TPP', 'zeta_PPP', 'zeta_Bmod', 'zeta_Dmod') (U=391, N_lam=16) from table_tree_cut1000_r1.npz
[etl-callable] loaded 6/6 nonzero channels ('zeta_TTT', 'zeta_TTP', 'zeta_TPP', 'zeta_PPP', 'zeta_Bmod', 'zeta_Dmod') (U=391, N_lam=16) from table_tree_cut1000_r1.npz
[etl-callable] loaded 6/6 nonzero channels ('zeta_TTT', 'zeta_TTP', 'zeta_TPP', 'zeta_PPP', 'zeta_Bmod', 'zeta_Dmod') (U=391, N_lam=16) from table_tree_cut1000_r1.npz
[etl-callable] loaded 6/6 nonzero channels ('zeta_TTT', 'zeta_TTP', 'zeta_TPP', 'zeta_PPP', 'zeta_Bmod', 'zeta_Dmod') (U=391, N_lam=16) from table_tree_cut1000_r1.npz
[etl-callable] loaded 6/6 nonzero channels ('zeta_TTT', 'zeta_TTP', 'zeta_TPP', 'zeta_PPP', 'zeta_Bmod', 'zeta_Dmod') (U=391, N_lam=16) from table_tree_cut1000_r1.npz
[etl-callable] loaded 6/6 nonzero channels ('zeta_TTT', 'zeta_TTP', 'zeta_TPP', 'zeta_PPP', 'zeta_Bmod', 'zeta_Dmod') (U=391, N_lam=16) from table_tree_cut1000_r1.npz
[etl-callable] loaded 6/6 nonzero channels ('zeta_TTT', 'zeta_TTP', 'zeta_TPP', 'zeta_PPP', 'zeta_Bmod', 'zeta_Dmod') (U=391, N_lam=16) from table_tree_cut1000_r1.npz
[etl-callable] loaded 6/6 nonzero channels ('zeta_TTT', 'zeta_TTP', 'zeta_TPP', 'zeta_PPP', 'zeta_Bmod', 'zeta_Dmod') (U=391, N_lam=16) from table_tree_cut1000_r1.npz
[etl-callable] loaded 6/6 nonzero channels ('zeta_TTT', 'zeta_TTP', 'zeta_TPP', 'zeta_PPP', 'zeta_Bmod', 'zeta_Dmod') (U=391, N_lam=16) from table_tree_cut1000_r1.npz
[etl-callable] loaded 6/6 nonzero channels ('zeta_TTT', 'zeta_TTP', 'zeta_TPP', 'zeta_PPP', 'zeta_Bmod', 'zeta_Dmod') (U=391, N_lam=16) from table_tree_cut1000_r1.npz
[etl-callable] loaded 6/6 nonzero channels ('zeta_TTT', 'zeta_TTP', 'zeta_TPP', 'zeta_PPP', 'zeta_Bmod', 'zeta_Dmod') (U=391, N_lam=16) from table_tree_cut1000_r1.npz
[etl-callable] loaded 6/6 nonzero channels ('zeta_TTT', 'zeta_TTP', 'zeta_TPP', 'zeta_PPP', 'zeta_Bmod', 'zeta_Dmod') (U=391, N_lam=16) from table_tree_cut1000_r1.npz
[etl-callable] loaded 6/6 nonzero channels ('zeta_TTT', 'zeta_TTP', 'zeta_TPP', 'zeta_PPP', 'zeta_Bmod', 'zeta_Dmod') (U=391, N_lam=16) from table_tree_cut1000_r1.npz
[etl-callable] loaded 6/6 nonzero channels ('zeta_TTT', 'zeta_TTP', 'zeta_TPP', 'zeta_PPP', 'zeta_Bmod', 'zeta_Dmod') (U=391, N_lam=16) from table_tree_cut1000_r1.npz
[etl-callable] loaded 6/6 nonzero channels ('zeta_TTT', 'zeta_TTP', 'zeta_TPP', 'zeta_PPP', 'zeta_Bmod', 'zeta_Dmod') (U=391, N_lam=16) from table_tree_cut1000_r1.npz
[etl-callable] loaded 6/6 nonzero channels ('zeta_TTT', 'zeta_TTP', 'zeta_TPP', 'zeta_PPP', 'zeta_Bmod', 'zeta_Dmod') (U=391, N_lam=16) from table_tree_cut1000_r1.npz
[etl-callable] loaded 6/6 nonzero channels ('zeta_TTT', 'zeta_TTP', 'zeta_TPP', 'zeta_PPP', 'zeta_Bmod', 'zeta_Dmod') (U=391, N_lam=16) from table_tree_cut1000_r1.npz
[etl-callable] loaded 6/6 nonzero channels ('zeta_TTT', 'zeta_TTP', 'zeta_TPP', 'zeta_PPP', 'zeta_Bmod', 'zeta_Dmod') (U=391, N_lam=16) from table_tree_cut1000_r1.npz
[etl-callable] loaded 6/6 nonzero channels ('zeta_TTT', 'zeta_TTP', 'zeta_TPP', 'zeta_PPP', 'zeta_Bmod', 'zeta_Dmod') (U=391, N_lam=16) from table_tree_cut1000_r1.npz
[etl-callable] loaded 6/6 nonzero channels ('zeta_TTT', 'zeta_TTP', 'zeta_TPP', 'zeta_PPP', 'zeta_Bmod', 'zeta_Dmod') (U=391, N_lam=16) from table_tree_cut1000_r1.npz
[etl-callable] loaded 6/6 nonzero channels ('zeta_TTT', 'zeta_TTP', 'zeta_TPP', 'zeta_PPP', 'zeta_Bmod', 'zeta_Dmod') (U=391, N_lam=16) from table_tree_cut1000_r1.npz
[etl-callable] loaded 6/6 nonzero channels ('zeta_TTT', 'zeta_TTP', 'zeta_TPP', 'zeta_PPP', 'zeta_Bmod', 'zeta_Dmod') (U=391, N_lam=16) from table_tree_cut1000_r1.npz
[etl-callable] loaded 6/6 nonzero channels ('zeta_TTT', 'zeta_TTP', 'zeta_TPP', 'zeta_PPP', 'zeta_Bmod', 'zeta_Dmod') (U=391, N_lam=16) from table_tree_cut1000_r1.npz
[etl-callable] loaded 6/6 nonzero channels ('zeta_TTT', 'zeta_TTP', 'zeta_TPP', 'zeta_PPP', 'zeta_Bmod', 'zeta_Dmod') (U=391, N_lam=16) from table_tree_cut1000_r1.npz
[etl-callable] loaded 6/6 nonzero channels ('zeta_TTT', 'zeta_TTP', 'zeta_TPP', 'zeta_PPP', 'zeta_Bmod', 'zeta_Dmod') (U=391, N_lam=16) from table_tree_cut1000_r1.npz
[etl-callable] loaded 6/6 nonzero channels ('zeta_TTT', 'zeta_TTP', 'zeta_TPP', 'zeta_PPP', 'zeta_Bmod', 'zeta_Dmod') (U=391, N_lam=16) from table_tree_cut1000_r1.npz
[etl-callable] loaded 6/6 nonzero channels ('zeta_TTT', 'zeta_TTP', 'zeta_TPP', 'zeta_PPP', 'zeta_Bmod', 'zeta_Dmod') (U=391, N_lam=16) from table_tree_cut1000_r1.npz
[etl-callable] loaded 6/6 nonzero channels ('zeta_TTT', 'zeta_TTP', 'zeta_TPP', 'zeta_PPP', 'zeta_Bmod', 'zeta_Dmod') (U=391, N_lam=16) from table_tree_cut1000_r1.npz
[etl-callable] loaded 6/6 nonzero channels ('zeta_TTT', 'zeta_TTP', 'zeta_TPP', 'zeta_PPP', 'zeta_Bmod', 'zeta_Dmod') (U=391, N_lam=16) from table_tree_cut1000_r1.npz
[etl-callable] loaded 6/6 nonzero channels ('zeta_TTT', 'zeta_TTP', 'zeta_TPP', 'zeta_PPP', 'zeta_Bmod', 'zeta_Dmod') (U=391, N_lam=16) from table_tree_cut1000_r1.npz
[etl-callable] loaded 6/6 nonzero channels ('zeta_TTT', 'zeta_TTP', 'zeta_TPP', 'zeta_PPP', 'zeta_Bmod', 'zeta_Dmod') (U=391, N_lam=16) from table_tree_cut1000_r1.npz
[etl-callable] loaded 6/6 nonzero channels ('zeta_TTT', 'zeta_TTP', 'zeta_TPP', 'zeta_PPP', 'zeta_Bmod', 'zeta_Dmod') (U=391, N_lam=16) from table_tree_cut1000_r1.npz
[etl-callable] loaded 6/6 nonzero channels ('zeta_TTT', 'zeta_TTP', 'zeta_TPP', 'zeta_PPP', 'zeta_Bmod', 'zeta_Dmod') (U=391, N_lam=16) from table_tree_cut1000_r1.npz
[etl-callable] loaded 6/6 nonzero channels ('zeta_TTT', 'zeta_TTP', 'zeta_TPP', 'zeta_PPP', 'zeta_Bmod', 'zeta_Dmod') (U=391, N_lam=16) from table_tree_cut1000_r1.npz
[etl-callable] loaded 6/6 nonzero channels ('zeta_TTT', 'zeta_TTP', 'zeta_TPP', 'zeta_PPP', 'zeta_Bmod', 'zeta_Dmod') (U=391, N_lam=16) from table_tree_cut1000_r1.npz
[etl-callable] loaded 6/6 nonzero channels ('zeta_TTT', 'zeta_TTP', 'zeta_TPP', 'zeta_PPP', 'zeta_Bmod', 'zeta_Dmod') (U=391, N_lam=16) from table_tree_cut1000_r1.npz
[etl-callable] loaded 6/6 nonzero channels ('zeta_TTT', 'zeta_TTP', 'zeta_TPP', 'zeta_PPP', 'zeta_Bmod', 'zeta_Dmod') (U=391, N_lam=16) from table_tree_cut1000_r1.npz
[etl-callable] loaded 6/6 nonzero channels ('zeta_TTT', 'zeta_TTP', 'zeta_TPP', 'zeta_PPP', 'zeta_Bmod', 'zeta_Dmod') (U=391, N_lam=16) from table_tree_cut1000_r1.npz
[etl-callable] loaded 6/6 nonzero channels ('zeta_TTT', 'zeta_TTP', 'zeta_TPP', 'zeta_PPP', 'zeta_Bmod', 'zeta_Dmod') (U=391, N_lam=16) from table_tree_cut1000_r1.npz
[etl-callable] loaded 6/6 nonzero channels ('zeta_TTT', 'zeta_TTP', 'zeta_TPP', 'zeta_PPP', 'zeta_Bmod', 'zeta_Dmod') (U=391, N_lam=16) from table_tree_cut1000_r1.npz
[etl-callable] loaded 6/6 nonzero channels ('zeta_TTT', 'zeta_TTP', 'zeta_TPP', 'zeta_PPP', 'zeta_Bmod', 'zeta_Dmod') (U=391, N_lam=16) from table_tree_cut1000_r1.npz
[etl-callable] loaded 6/6 nonzero channels ('zeta_TTT', 'zeta_TTP', 'zeta_TPP', 'zeta_PPP', 'zeta_Bmod', 'zeta_Dmod') (U=391, N_lam=16) from table_tree_cut1000_r1.npz
[etl-callable] loaded 6/6 nonzero channels ('zeta_TTT', 'zeta_TTP', 'zeta_TPP', 'zeta_PPP', 'zeta_Bmod', 'zeta_Dmod') (U=391, N_lam=16) from table_tree_cut1000_r1.npz
[etl-callable] loaded 6/6 nonzero channels ('zeta_TTT', 'zeta_TTP', 'zeta_TPP', 'zeta_PPP', 'zeta_Bmod', 'zeta_Dmod') (U=391, N_lam=16) from table_tree_cut1000_r1.npz
[etl-callable] loaded 6/6 nonzero channels ('zeta_TTT', 'zeta_TTP', 'zeta_TPP', 'zeta_PPP', 'zeta_Bmod', 'zeta_Dmod') (U=391, N_lam=16) from table_tree_cut1000_r1.npz
[etl-callable] loaded 6/6 nonzero channels ('zeta_TTT', 'zeta_TTP', 'zeta_TPP', 'zeta_PPP', 'zeta_Bmod', 'zeta_Dmod') (U=391, N_lam=16) from table_tree_cut1000_r1.npz
[etl-callable] loaded 6/6 nonzero channels ('zeta_TTT', 'zeta_TTP', 'zeta_TPP', 'zeta_PPP', 'zeta_Bmod', 'zeta_Dmod') (U=391, N_lam=16) from table_tree_cut1000_r1.npz
[etl-callable] loaded 6/6 nonzero channels ('zeta_TTT', 'zeta_TTP', 'zeta_TPP', 'zeta_PPP', 'zeta_Bmod', 'zeta_Dmod') (U=391, N_lam=16) from table_tree_cut1000_r1.npz
[etl-callable] loaded 6/6 nonzero channels ('zeta_TTT', 'zeta_TTP', 'zeta_TPP', 'zeta_PPP', 'zeta_Bmod', 'zeta_Dmod') (U=391, N_lam=16) from table_tree_cut1000_r1.npz
[etl-callable] loaded 6/6 nonzero channels ('zeta_TTT', 'zeta_TTP', 'zeta_TPP', 'zeta_PPP', 'zeta_Bmod', 'zeta_Dmod') (U=391, N_lam=16) from table_tree_cut1000_r1.npz
[etl-callable] loaded 6/6 nonzero channels ('zeta_TTT', 'zeta_TTP', 'zeta_TPP', 'zeta_PPP', 'zeta_Bmod', 'zeta_Dmod') (U=391, N_lam=16) from table_tree_cut1000_r1.npz
[etl-callable] loaded 6/6 nonzero channels ('zeta_TTT', 'zeta_TTP', 'zeta_TPP', 'zeta_PPP', 'zeta_Bmod', 'zeta_Dmod') (U=391, N_lam=16) from table_tree_cut1000_r1.npz
[etl-callable] loaded 6/6 nonzero channels ('zeta_TTT', 'zeta_TTP', 'zeta_TPP', 'zeta_PPP', 'zeta_Bmod', 'zeta_Dmod') (U=391, N_lam=16) from table_tree_cut1000_r1.npz
[etl-callable] loaded 6/6 nonzero channels ('zeta_TTT', 'zeta_TTP', 'zeta_TPP', 'zeta_PPP', 'zeta_Bmod', 'zeta_Dmod') (U=391, N_lam=16) from table_tree_cut1000_r1.npz
[etl-callable] loaded 6/6 nonzero channels ('zeta_TTT', 'zeta_TTP', 'zeta_TPP', 'zeta_PPP', 'zeta_Bmod', 'zeta_Dmod') (U=391, N_lam=16) from table_tree_cut1000_r1.npz
[etl-callable] loaded 6/6 nonzero channels ('zeta_TTT', 'zeta_TTP', 'zeta_TPP', 'zeta_PPP', 'zeta_Bmod', 'zeta_Dmod') (U=391, N_lam=16) from table_tree_cut1000_r1.npz
[etl-callable] loaded 6/6 nonzero channels ('zeta_TTT', 'zeta_TTP', 'zeta_TPP', 'zeta_PPP', 'zeta_Bmod', 'zeta_Dmod') (U=391, N_lam=16) from table_tree_cut1000_r1.npz
[etl-callable] loaded 6/6 nonzero channels ('zeta_TTT', 'zeta_TTP', 'zeta_TPP', 'zeta_PPP', 'zeta_Bmod', 'zeta_Dmod') (U=391, N_lam=16) from table_tree_cut1000_r1.npz
[etl-callable] loaded 6/6 nonzero channels ('zeta_TTT', 'zeta_TTP', 'zeta_TPP', 'zeta_PPP', 'zeta_Bmod', 'zeta_Dmod') (U=391, N_lam=16) from table_tree_cut1000_r1.npz
[etl-callable] loaded 6/6 nonzero channels ('zeta_TTT', 'zeta_TTP', 'zeta_TPP', 'zeta_PPP', 'zeta_Bmod', 'zeta_Dmod') (U=391, N_lam=16) from table_tree_cut1000_r1.npz
[etl-callable] loaded 6/6 nonzero channels ('zeta_TTT', 'zeta_TTP', 'zeta_TPP', 'zeta_PPP', 'zeta_Bmod', 'zeta_Dmod') (U=391, N_lam=16) from table_tree_cut1000_r1.npz
[etl-callable] loaded 6/6 nonzero channels ('zeta_TTT', 'zeta_TTP', 'zeta_TPP', 'zeta_PPP', 'zeta_Bmod', 'zeta_Dmod') (U=391, N_lam=16) from table_tree_cut1000_r1.npz
[etl-callable] loaded 6/6 nonzero channels ('zeta_TTT', 'zeta_TTP', 'zeta_TPP', 'zeta_PPP', 'zeta_Bmod', 'zeta_Dmod') (U=391, N_lam=16) from table_tree_cut1000_r1.npz
[etl-callable] loaded 6/6 nonzero channels ('zeta_TTT', 'zeta_TTP', 'zeta_TPP', 'zeta_PPP', 'zeta_Bmod', 'zeta_Dmod') (U=391, N_lam=16) from table_tree_cut1000_r1.npz
[etl-callable] loaded 6/6 nonzero channels ('zeta_TTT', 'zeta_TTP', 'zeta_TPP', 'zeta_PPP', 'zeta_Bmod', 'zeta_Dmod') (U=391, N_lam=16) from table_tree_cut1000_r1.npz
[etl-callable] loaded 6/6 nonzero channels ('zeta_TTT', 'zeta_TTP', 'zeta_TPP', 'zeta_PPP', 'zeta_Bmod', 'zeta_Dmod') (U=391, N_lam=16) from table_tree_cut1000_r1.npz
[etl-callable] loaded 6/6 nonzero channels ('zeta_TTT', 'zeta_TTP', 'zeta_TPP', 'zeta_PPP', 'zeta_Bmod', 'zeta_Dmod') (U=391, N_lam=16) from table_tree_cut1000_r1.npz
[etl-callable] loaded 6/6 nonzero channels ('zeta_TTT', 'zeta_TTP', 'zeta_TPP', 'zeta_PPP', 'zeta_Bmod', 'zeta_Dmod') (U=391, N_lam=16) from table_tree_cut1000_r1.npz
[etl-callable] loaded 6/6 nonzero channels ('zeta_TTT', 'zeta_TTP', 'zeta_TPP', 'zeta_PPP', 'zeta_Bmod', 'zeta_Dmod') (U=391, N_lam=16) from table_tree_cut1000_r1.npz
[etl-callable] loaded 6/6 nonzero channels ('zeta_TTT', 'zeta_TTP', 'zeta_TPP', 'zeta_PPP', 'zeta_Bmod', 'zeta_Dmod') (U=391, N_lam=16) from table_tree_cut1000_r1.npz
[etl-callable] loaded 6/6 nonzero channels ('zeta_TTT', 'zeta_TTP', 'zeta_TPP', 'zeta_PPP', 'zeta_Bmod', 'zeta_Dmod') (U=391, N_lam=16) from table_tree_cut1000_r1.npz
[etl-callable] loaded 6/6 nonzero channels ('zeta_TTT', 'zeta_TTP', 'zeta_TPP', 'zeta_PPP', 'zeta_Bmod', 'zeta_Dmod') (U=391, N_lam=16) from table_tree_cut1000_r1.npz
[etl-callable] loaded 6/6 nonzero channels ('zeta_TTT', 'zeta_TTP', 'zeta_TPP', 'zeta_PPP', 'zeta_Bmod', 'zeta_Dmod') (U=391, N_lam=16) from table_tree_cut1000_r1.npz
[etl-callable] loaded 6/6 nonzero channels ('zeta_TTT', 'zeta_TTP', 'zeta_TPP', 'zeta_PPP', 'zeta_Bmod', 'zeta_Dmod') (U=391, N_lam=16) from table_tree_cut1000_r1.npz
[etl-callable] loaded 6/6 nonzero channels ('zeta_TTT', 'zeta_TTP', 'zeta_TPP', 'zeta_PPP', 'zeta_Bmod', 'zeta_Dmod') (U=391, N_lam=16) from table_tree_cut1000_r1.npz
[etl-callable] loaded 6/6 nonzero channels ('zeta_TTT', 'zeta_TTP', 'zeta_TPP', 'zeta_PPP', 'zeta_Bmod', 'zeta_Dmod') (U=391, N_lam=16) from table_tree_cut1000_r1.npz
[etl-callable] loaded 6/6 nonzero channels ('zeta_TTT', 'zeta_TTP', 'zeta_TPP', 'zeta_PPP', 'zeta_Bmod', 'zeta_Dmod') (U=391, N_lam=16) from table_tree_cut1000_r1.npz
[etl-callable] loaded 6/6 nonzero channels ('zeta_TTT', 'zeta_TTP', 'zeta_TPP', 'zeta_PPP', 'zeta_Bmod', 'zeta_Dmod') (U=391, N_lam=16) from table_tree_cut1000_r1.npz
[etl-callable] loaded 6/6 nonzero channels ('zeta_TTT', 'zeta_TTP', 'zeta_TPP', 'zeta_PPP', 'zeta_Bmod', 'zeta_Dmod') (U=391, N_lam=16) from table_tree_cut1000_r1.npz
[etl-callable] loaded 6/6 nonzero channels ('zeta_TTT', 'zeta_TTP', 'zeta_TPP', 'zeta_PPP', 'zeta_Bmod', 'zeta_Dmod') (U=391, N_lam=16) from table_tree_cut1000_r1.npz
[etl-callable] loaded 6/6 nonzero channels ('zeta_TTT', 'zeta_TTP', 'zeta_TPP', 'zeta_PPP', 'zeta_Bmod', 'zeta_Dmod') (U=391, N_lam=16) from table_tree_cut1000_r1.npz
[etl-callable] loaded 6/6 nonzero channels ('zeta_TTT', 'zeta_TTP', 'zeta_TPP', 'zeta_PPP', 'zeta_Bmod', 'zeta_Dmod') (U=391, N_lam=16) from table_tree_cut1000_r1.npz
[etl-callable] loaded 6/6 nonzero channels ('zeta_TTT', 'zeta_TTP', 'zeta_TPP', 'zeta_PPP', 'zeta_Bmod', 'zeta_Dmod') (U=391, N_lam=16) from table_tree_cut1000_r1.npz
[etl-callable] loaded 6/6 nonzero channels ('zeta_TTT', 'zeta_TTP', 'zeta_TPP', 'zeta_PPP', 'zeta_Bmod', 'zeta_Dmod') (U=391, N_lam=16) from table_tree_cut1000_r1.npz
[etl-callable] loaded 6/6 nonzero channels ('zeta_TTT', 'zeta_TTP', 'zeta_TPP', 'zeta_PPP', 'zeta_Bmod', 'zeta_Dmod') (U=391, N_lam=16) from table_tree_cut1000_r1.npz
[etl-callable] loaded 6/6 nonzero channels ('zeta_TTT', 'zeta_TTP', 'zeta_TPP', 'zeta_PPP', 'zeta_Bmod', 'zeta_Dmod') (U=391, N_lam=16) from table_tree_cut1000_r1.npz
[etl-callable] loaded 6/6 nonzero channels ('zeta_TTT', 'zeta_TTP', 'zeta_TPP', 'zeta_PPP', 'zeta_Bmod', 'zeta_Dmod') (U=391, N_lam=16) from table_tree_cut1000_r1.npz
[etl-callable] loaded 6/6 nonzero channels ('zeta_TTT', 'zeta_TTP', 'zeta_TPP', 'zeta_PPP', 'zeta_Bmod', 'zeta_Dmod') (U=391, N_lam=16) from table_tree_cut1000_r1.npz
[etl-callable] loaded 6/6 nonzero channels ('zeta_TTT', 'zeta_TTP', 'zeta_TPP', 'zeta_PPP', 'zeta_Bmod', 'zeta_Dmod') (U=391, N_lam=16) from table_tree_cut1000_r1.npz
[etl-callable] loaded 6/6 nonzero channels ('zeta_TTT', 'zeta_TTP', 'zeta_TPP', 'zeta_PPP', 'zeta_Bmod', 'zeta_Dmod') (U=391, N_lam=16) from table_tree_cut1000_r1.npz
[etl-callable] loaded 6/6 nonzero channels ('zeta_TTT', 'zeta_TTP', 'zeta_TPP', 'zeta_PPP', 'zeta_Bmod', 'zeta_Dmod') (U=391, N_lam=16) from table_tree_cut1000_r1.npz
[etl-callable] loaded 6/6 nonzero channels ('zeta_TTT', 'zeta_TTP', 'zeta_TPP', 'zeta_PPP', 'zeta_Bmod', 'zeta_Dmod') (U=391, N_lam=16) from table_tree_cut1000_r1.npz
[etl-callable] loaded 6/6 nonzero channels ('zeta_TTT', 'zeta_TTP', 'zeta_TPP', 'zeta_PPP', 'zeta_Bmod', 'zeta_Dmod') (U=391, N_lam=16) from table_tree_cut1000_r1.npz
[etl-callable] loaded 6/6 nonzero channels ('zeta_TTT', 'zeta_TTP', 'zeta_TPP', 'zeta_PPP', 'zeta_Bmod', 'zeta_Dmod') (U=391, N_lam=16) from table_tree_cut1000_r1.npz
[etl-callable] loaded 6/6 nonzero channels ('zeta_TTT', 'zeta_TTP', 'zeta_TPP', 'zeta_PPP', 'zeta_Bmod', 'zeta_Dmod') (U=391, N_lam=16) from table_tree_cut1000_r1.npz
[etl-callable] loaded 6/6 nonzero channels ('zeta_TTT', 'zeta_TTP', 'zeta_TPP', 'zeta_PPP', 'zeta_Bmod', 'zeta_Dmod') (U=391, N_lam=16) from table_tree_cut1000_r1.npz
[etl-callable] loaded 6/6 nonzero channels ('zeta_TTT', 'zeta_TTP', 'zeta_TPP', 'zeta_PPP', 'zeta_Bmod', 'zeta_Dmod') (U=391, N_lam=16) from table_tree_cut1000_r1.npz
[etl-callable] loaded 6/6 nonzero channels ('zeta_TTT', 'zeta_TTP', 'zeta_TPP', 'zeta_PPP', 'zeta_Bmod', 'zeta_Dmod') (U=391, N_lam=16) from table_tree_cut1000_r1.npz
[etl-callable] loaded 6/6 nonzero channels ('zeta_TTT', 'zeta_TTP', 'zeta_TPP', 'zeta_PPP', 'zeta_Bmod', 'zeta_Dmod') (U=391, N_lam=16) from table_tree_cut1000_r1.npz
[etl-callable] loaded 6/6 nonzero channels ('zeta_TTT', 'zeta_TTP', 'zeta_TPP', 'zeta_PPP', 'zeta_Bmod', 'zeta_Dmod') (U=391, N_lam=16) from table_tree_cut1000_r1.npz
[etl-callable] loaded 6/6 nonzero channels ('zeta_TTT', 'zeta_TTP', 'zeta_TPP', 'zeta_PPP', 'zeta_Bmod', 'zeta_Dmod') (U=391, N_lam=16) from table_tree_cut1000_r1.npz
[etl-callable] loaded 6/6 nonzero channels ('zeta_TTT', 'zeta_TTP', 'zeta_TPP', 'zeta_PPP', 'zeta_Bmod', 'zeta_Dmod') (U=391, N_lam=16) from table_tree_cut1000_r1.npz
[etl-callable] loaded 6/6 nonzero channels ('zeta_TTT', 'zeta_TTP', 'zeta_TPP', 'zeta_PPP', 'zeta_Bmod', 'zeta_Dmod') (U=391, N_lam=16) from table_tree_cut1000_r1.npz
[etl-callable] loaded 6/6 nonzero channels ('zeta_TTT', 'zeta_TTP', 'zeta_TPP', 'zeta_PPP', 'zeta_Bmod', 'zeta_Dmod') (U=391, N_lam=16) from table_tree_cut1000_r1.npz
[etl-callable] loaded 6/6 nonzero channels ('zeta_TTT', 'zeta_TTP', 'zeta_TPP', 'zeta_PPP', 'zeta_Bmod', 'zeta_Dmod') (U=391, N_lam=16) from table_tree_cut1000_r1.npz
[etl-callable] loaded 6/6 nonzero channels ('zeta_TTT', 'zeta_TTP', 'zeta_TPP', 'zeta_PPP', 'zeta_Bmod', 'zeta_Dmod') (U=391, N_lam=16) from table_tree_cut1000_r1.npz
[etl-callable] loaded 6/6 nonzero channels ('zeta_TTT', 'zeta_TTP', 'zeta_TPP', 'zeta_PPP', 'zeta_Bmod', 'zeta_Dmod') (U=391, N_lam=16) from table_tree_cut1000_r1.npz
[etl-callable] loaded 6/6 nonzero channels ('zeta_TTT', 'zeta_TTP', 'zeta_TPP', 'zeta_PPP', 'zeta_Bmod', 'zeta_Dmod') (U=391, N_lam=16) from table_tree_cut1000_r1.npz
[etl-callable] loaded 6/6 nonzero channels ('zeta_TTT', 'zeta_TTP', 'zeta_TPP', 'zeta_PPP', 'zeta_Bmod', 'zeta_Dmod') (U=391, N_lam=16) from table_tree_cut1000_r1.npz
[etl-callable] loaded 6/6 nonzero channels ('zeta_TTT', 'zeta_TTP', 'zeta_TPP', 'zeta_PPP', 'zeta_Bmod', 'zeta_Dmod') (U=391, N_lam=16) from table_tree_cut1000_r1.npz
[etl-callable] loaded 6/6 nonzero channels ('zeta_TTT', 'zeta_TTP', 'zeta_TPP', 'zeta_PPP', 'zeta_Bmod', 'zeta_Dmod') (U=391, N_lam=16) from table_tree_cut1000_r1.npz
[etl-callable] loaded 6/6 nonzero channels ('zeta_TTT', 'zeta_TTP', 'zeta_TPP', 'zeta_PPP', 'zeta_Bmod', 'zeta_Dmod') (U=391, N_lam=16) from table_tree_cut1000_r1.npz
[etl-callable] loaded 6/6 nonzero channels ('zeta_TTT', 'zeta_TTP', 'zeta_TPP', 'zeta_PPP', 'zeta_Bmod', 'zeta_Dmod') (U=391, N_lam=16) from table_tree_cut1000_r1.npz
[etl-callable] loaded 6/6 nonzero channels ('zeta_TTT', 'zeta_TTP', 'zeta_TPP', 'zeta_PPP', 'zeta_Bmod', 'zeta_Dmod') (U=391, N_lam=16) from table_tree_cut1000_r1.npz
[etl-callable] loaded 6/6 nonzero channels ('zeta_TTT', 'zeta_TTP', 'zeta_TPP', 'zeta_PPP', 'zeta_Bmod', 'zeta_Dmod') (U=391, N_lam=16) from table_tree_cut1000_r1.npz
[etl-callable] loaded 6/6 nonzero channels ('zeta_TTT', 'zeta_TTP', 'zeta_TPP', 'zeta_PPP', 'zeta_Bmod', 'zeta_Dmod') (U=391, N_lam=16) from table_tree_cut1000_r1.npz
[etl-callable] loaded 6/6 nonzero channels ('zeta_TTT', 'zeta_TTP', 'zeta_TPP', 'zeta_PPP', 'zeta_Bmod', 'zeta_Dmod') (U=391, N_lam=16) from table_tree_cut1000_r1.npz
[etl-callable] loaded 6/6 nonzero channels ('zeta_TTT', 'zeta_TTP', 'zeta_TPP', 'zeta_PPP', 'zeta_Bmod', 'zeta_Dmod') (U=391, N_lam=16) from table_tree_cut1000_r1.npz
[etl-callable] loaded 6/6 nonzero channels ('zeta_TTT', 'zeta_TTP', 'zeta_TPP', 'zeta_PPP', 'zeta_Bmod', 'zeta_Dmod') (U=391, N_lam=16) from table_tree_cut1000_r1.npz
[etl-callable] loaded 6/6 nonzero channels ('zeta_TTT', 'zeta_TTP', 'zeta_TPP', 'zeta_PPP', 'zeta_Bmod', 'zeta_Dmod') (U=391, N_lam=16) from table_tree_cut1000_r1.npz
[etl-callable] loaded 6/6 nonzero channels ('zeta_TTT', 'zeta_TTP', 'zeta_TPP', 'zeta_PPP', 'zeta_Bmod', 'zeta_Dmod') (U=391, N_lam=16) from table_tree_cut1000_r1.npz
[etl-callable] loaded 6/6 nonzero channels ('zeta_TTT', 'zeta_TTP', 'zeta_TPP', 'zeta_PPP', 'zeta_Bmod', 'zeta_Dmod') (U=391, N_lam=16) from table_tree_cut1000_r1.npz
[etl-callable] loaded 6/6 nonzero channels ('zeta_TTT', 'zeta_TTP', 'zeta_TPP', 'zeta_PPP', 'zeta_Bmod', 'zeta_Dmod') (U=391, N_lam=16) from table_tree_cut1000_r1.npz
[etl-callable] loaded 6/6 nonzero channels ('zeta_TTT', 'zeta_TTP', 'zeta_TPP', 'zeta_PPP', 'zeta_Bmod', 'zeta_Dmod') (U=391, N_lam=16) from table_tree_cut1000_r1.npz
[etl-callable] loaded 6/6 nonzero channels ('zeta_TTT', 'zeta_TTP', 'zeta_TPP', 'zeta_PPP', 'zeta_Bmod', 'zeta_Dmod') (U=391, N_lam=16) from table_tree_cut1000_r1.npz
[etl-callable] loaded 6/6 nonzero channels ('zeta_TTT', 'zeta_TTP', 'zeta_TPP', 'zeta_PPP', 'zeta_Bmod', 'zeta_Dmod') (U=391, N_lam=16) from table_tree_cut1000_r1.npz
[etl-callable] loaded 6/6 nonzero channels ('zeta_TTT', 'zeta_TTP', 'zeta_TPP', 'zeta_PPP', 'zeta_Bmod', 'zeta_Dmod') (U=391, N_lam=16) from table_tree_cut1000_r1.npz
[etl-callable] loaded 6/6 nonzero channels ('zeta_TTT', 'zeta_TTP', 'zeta_TPP', 'zeta_PPP', 'zeta_Bmod', 'zeta_Dmod') (U=391, N_lam=16) from table_tree_cut1000_r1.npz
[etl-callable] loaded 6/6 nonzero channels ('zeta_TTT', 'zeta_TTP', 'zeta_TPP', 'zeta_PPP', 'zeta_Bmod', 'zeta_Dmod') (U=391, N_lam=16) from table_tree_cut1000_r1.npz
[etl-callable] loaded 6/6 nonzero channels ('zeta_TTT', 'zeta_TTP', 'zeta_TPP', 'zeta_PPP', 'zeta_Bmod', 'zeta_Dmod') (U=391, N_lam=16) from table_tree_cut1000_r1.npz
[etl-callable] loaded 6/6 nonzero channels ('zeta_TTT', 'zeta_TTP', 'zeta_TPP', 'zeta_PPP', 'zeta_Bmod', 'zeta_Dmod') (U=391, N_lam=16) from table_tree_cut1000_r1.npz
[etl-callable] loaded 6/6 nonzero channels ('zeta_TTT', 'zeta_TTP', 'zeta_TPP', 'zeta_PPP', 'zeta_Bmod', 'zeta_Dmod') (U=391, N_lam=16) from table_tree_cut1000_r1.npz
[run_FF_single] done in 134.6 s
[etl-callable] loaded 6/6 nonzero channels ('zeta_TTT', 'zeta_TTP', 'zeta_TPP', 'zeta_PPP', 'zeta_Bmod', 'zeta_Dmod') (U=391, N_lam=16) from table_tree_cut1000_r1.npz
[etl-callable] loaded 6/6 nonzero channels ('zeta_TTT', 'zeta_TTP', 'zeta_TPP', 'zeta_PPP', 'zeta_Bmod', 'zeta_Dmod') (U=391, N_lam=16) from table_tree_cut1000_r1.npz
[etl-callable] loaded 6/6 nonzero channels ('zeta_TTT', 'zeta_TTP', 'zeta_TPP', 'zeta_PPP', 'zeta_Bmod', 'zeta_Dmod') (U=391, N_lam=16) from table_tree_cut1000_r1.npz
[fk] /opt/homebrew/Caskroom/miniconda/base/envs/sft-wick/bin/python /Users/zzhang/Documents/MyDrafts/STF_lensing/SFT-lensing-paper-analyses/sachs_sft/scripts/run_FF_single.py /Users/zzhang/Documents/MyDrafts/STF_lensing/SFT-lensing-paper-analyses/sachs_sft/scripts/inputs/kappa2_grid_lcut0_low_empty.npz /Users/zzhang/Documents/MyDrafts/STF_lensing/driver_field_emulators/products/table_tree_cut1000_r1_xi.npz
[fk] wrote /Users/zzhang/Documents/MyDrafts/STF_lensing/driver_field_emulators/products/table_tree_cut1000_r1_xi.npz
[run_FF_single] kappa2 = kappa2_grid_lcut0_low_empty.npz
[run_FF_single] sigma2 = disabled
[run_FF_single] sweep.n_gauss = 24
[run_FF_single] expand.orders = (0, 2)
[run_FF_single] -> /Users/zzhang/Documents/MyDrafts/STF_lensing/driver_field_emulators/products/table_tree_cut1000_r2_xi.npz
[etl-callable] loaded 6/6 nonzero channels ('zeta_TTT', 'zeta_TTP', 'zeta_TPP', 'zeta_PPP', 'zeta_Bmod', 'zeta_Dmod') (U=427, N_lam=16) from table_tree_cut1000_r2.npz
[etl-callable] loaded 6/6 nonzero channels ('zeta_TTT', 'zeta_TTP', 'zeta_TPP', 'zeta_PPP', 'zeta_Bmod', 'zeta_Dmod') (U=427, N_lam=16) from table_tree_cut1000_r2.npz
/opt/homebrew/Caskroom/miniconda/base/envs/sft-wick/lib/python3.14/site-packages/joblib/externals/loky/process_executor.py:782: UserWarning: A worker stopped while some jobs were given to the executor. This can be caused by a too short worker timeout or by a memory leak.
  warnings.warn(
[etl-callable] loaded 6/6 nonzero channels ('zeta_TTT', 'zeta_TTP', 'zeta_TPP', 'zeta_PPP', 'zeta_Bmod', 'zeta_Dmod') (U=427, N_lam=16) from table_tree_cut1000_r2.npz
[etl-callable] loaded 6/6 nonzero channels ('zeta_TTT', 'zeta_TTP', 'zeta_TPP', 'zeta_PPP', 'zeta_Bmod', 'zeta_Dmod') (U=427, N_lam=16) from table_tree_cut1000_r2.npz
[etl-callable] loaded 6/6 nonzero channels ('zeta_TTT', 'zeta_TTP', 'zeta_TPP', 'zeta_PPP', 'zeta_Bmod', 'zeta_Dmod') (U=427, N_lam=16) from table_tree_cut1000_r2.npz
[etl-callable] loaded 6/6 nonzero channels ('zeta_TTT', 'zeta_TTP', 'zeta_TPP', 'zeta_PPP', 'zeta_Bmod', 'zeta_Dmod') (U=427, N_lam=16) from table_tree_cut1000_r2.npz
[etl-callable] loaded 6/6 nonzero channels ('zeta_TTT', 'zeta_TTP', 'zeta_TPP', 'zeta_PPP', 'zeta_Bmod', 'zeta_Dmod') (U=427, N_lam=16) from table_tree_cut1000_r2.npz
[etl-callable] loaded 6/6 nonzero channels ('zeta_TTT', 'zeta_TTP', 'zeta_TPP', 'zeta_PPP', 'zeta_Bmod', 'zeta_Dmod') (U=427, N_lam=16) from table_tree_cut1000_r2.npz
[etl-callable] loaded 6/6 nonzero channels ('zeta_TTT', 'zeta_TTP', 'zeta_TPP', 'zeta_PPP', 'zeta_Bmod', 'zeta_Dmod') (U=427, N_lam=16) from table_tree_cut1000_r2.npz
[etl-callable] loaded 6/6 nonzero channels ('zeta_TTT', 'zeta_TTP', 'zeta_TPP', 'zeta_PPP', 'zeta_Bmod', 'zeta_Dmod') (U=427, N_lam=16) from table_tree_cut1000_r2.npz
[etl-callable] loaded 6/6 nonzero channels ('zeta_TTT', 'zeta_TTP', 'zeta_TPP', 'zeta_PPP', 'zeta_Bmod', 'zeta_Dmod') (U=427, N_lam=16) from table_tree_cut1000_r2.npz
[etl-callable] loaded 6/6 nonzero channels ('zeta_TTT', 'zeta_TTP', 'zeta_TPP', 'zeta_PPP', 'zeta_Bmod', 'zeta_Dmod') (U=427, N_lam=16) from table_tree_cut1000_r2.npz
[etl-callable] loaded 6/6 nonzero channels ('zeta_TTT', 'zeta_TTP', 'zeta_TPP', 'zeta_PPP', 'zeta_Bmod', 'zeta_Dmod') (U=427, N_lam=16) from table_tree_cut1000_r2.npz
[etl-callable] loaded 6/6 nonzero channels ('zeta_TTT', 'zeta_TTP', 'zeta_TPP', 'zeta_PPP', 'zeta_Bmod', 'zeta_Dmod') (U=427, N_lam=16) from table_tree_cut1000_r2.npz
[etl-callable] loaded 6/6 nonzero channels ('zeta_TTT', 'zeta_TTP', 'zeta_TPP', 'zeta_PPP', 'zeta_Bmod', 'zeta_Dmod') (U=427, N_lam=16) from table_tree_cut1000_r2.npz
[etl-callable] loaded 6/6 nonzero channels ('zeta_TTT', 'zeta_TTP', 'zeta_TPP', 'zeta_PPP', 'zeta_Bmod', 'zeta_Dmod') (U=427, N_lam=16) from table_tree_cut1000_r2.npz
[etl-callable] loaded 6/6 nonzero channels ('zeta_TTT', 'zeta_TTP', 'zeta_TPP', 'zeta_PPP', 'zeta_Bmod', 'zeta_Dmod') (U=427, N_lam=16) from table_tree_cut1000_r2.npz
[etl-callable] loaded 6/6 nonzero channels ('zeta_TTT', 'zeta_TTP', 'zeta_TPP', 'zeta_PPP', 'zeta_Bmod', 'zeta_Dmod') (U=427, N_lam=16) from table_tree_cut1000_r2.npz
[etl-callable] loaded 6/6 nonzero channels ('zeta_TTT', 'zeta_TTP', 'zeta_TPP', 'zeta_PPP', 'zeta_Bmod', 'zeta_Dmod') (U=427, N_lam=16) from table_tree_cut1000_r2.npz
[etl-callable] loaded 6/6 nonzero channels ('zeta_TTT', 'zeta_TTP', 'zeta_TPP', 'zeta_PPP', 'zeta_Bmod', 'zeta_Dmod') (U=427, N_lam=16) from table_tree_cut1000_r2.npz
[etl-callable] loaded 6/6 nonzero channels ('zeta_TTT', 'zeta_TTP', 'zeta_TPP', 'zeta_PPP', 'zeta_Bmod', 'zeta_Dmod') (U=427, N_lam=16) from table_tree_cut1000_r2.npz
[etl-callable] loaded 6/6 nonzero channels ('zeta_TTT', 'zeta_TTP', 'zeta_TPP', 'zeta_PPP', 'zeta_Bmod', 'zeta_Dmod') (U=427, N_lam=16) from table_tree_cut1000_r2.npz
[etl-callable] loaded 6/6 nonzero channels ('zeta_TTT', 'zeta_TTP', 'zeta_TPP', 'zeta_PPP', 'zeta_Bmod', 'zeta_Dmod') (U=427, N_lam=16) from table_tree_cut1000_r2.npz
[etl-callable] loaded 6/6 nonzero channels ('zeta_TTT', 'zeta_TTP', 'zeta_TPP', 'zeta_PPP', 'zeta_Bmod', 'zeta_Dmod') (U=427, N_lam=16) from table_tree_cut1000_r2.npz
[etl-callable] loaded 6/6 nonzero channels ('zeta_TTT', 'zeta_TTP', 'zeta_TPP', 'zeta_PPP', 'zeta_Bmod', 'zeta_Dmod') (U=427, N_lam=16) from table_tree_cut1000_r2.npz
[etl-callable] loaded 6/6 nonzero channels ('zeta_TTT', 'zeta_TTP', 'zeta_TPP', 'zeta_PPP', 'zeta_Bmod', 'zeta_Dmod') (U=427, N_lam=16) from table_tree_cut1000_r2.npz
[etl-callable] loaded 6/6 nonzero channels ('zeta_TTT', 'zeta_TTP', 'zeta_TPP', 'zeta_PPP', 'zeta_Bmod', 'zeta_Dmod') (U=427, N_lam=16) from table_tree_cut1000_r2.npz
[etl-callable] loaded 6/6 nonzero channels ('zeta_TTT', 'zeta_TTP', 'zeta_TPP', 'zeta_PPP', 'zeta_Bmod', 'zeta_Dmod') (U=427, N_lam=16) from table_tree_cut1000_r2.npz
[etl-callable] loaded 6/6 nonzero channels ('zeta_TTT', 'zeta_TTP', 'zeta_TPP', 'zeta_PPP', 'zeta_Bmod', 'zeta_Dmod') (U=427, N_lam=16) from table_tree_cut1000_r2.npz
[etl-callable] loaded 6/6 nonzero channels ('zeta_TTT', 'zeta_TTP', 'zeta_TPP', 'zeta_PPP', 'zeta_Bmod', 'zeta_Dmod') (U=427, N_lam=16) from table_tree_cut1000_r2.npz
[etl-callable] loaded 6/6 nonzero channels ('zeta_TTT', 'zeta_TTP', 'zeta_TPP', 'zeta_PPP', 'zeta_Bmod', 'zeta_Dmod') (U=427, N_lam=16) from table_tree_cut1000_r2.npz
[etl-callable] loaded 6/6 nonzero channels ('zeta_TTT', 'zeta_TTP', 'zeta_TPP', 'zeta_PPP', 'zeta_Bmod', 'zeta_Dmod') (U=427, N_lam=16) from table_tree_cut1000_r2.npz
[etl-callable] loaded 6/6 nonzero channels ('zeta_TTT', 'zeta_TTP', 'zeta_TPP', 'zeta_PPP', 'zeta_Bmod', 'zeta_Dmod') (U=427, N_lam=16) from table_tree_cut1000_r2.npz
[etl-callable] loaded 6/6 nonzero channels ('zeta_TTT', 'zeta_TTP', 'zeta_TPP', 'zeta_PPP', 'zeta_Bmod', 'zeta_Dmod') (U=427, N_lam=16) from table_tree_cut1000_r2.npz
[etl-callable] loaded 6/6 nonzero channels ('zeta_TTT', 'zeta_TTP', 'zeta_TPP', 'zeta_PPP', 'zeta_Bmod', 'zeta_Dmod') (U=427, N_lam=16) from table_tree_cut1000_r2.npz
[etl-callable] loaded 6/6 nonzero channels ('zeta_TTT', 'zeta_TTP', 'zeta_TPP', 'zeta_PPP', 'zeta_Bmod', 'zeta_Dmod') (U=427, N_lam=16) from table_tree_cut1000_r2.npz
[etl-callable] loaded 6/6 nonzero channels ('zeta_TTT', 'zeta_TTP', 'zeta_TPP', 'zeta_PPP', 'zeta_Bmod', 'zeta_Dmod') (U=427, N_lam=16) from table_tree_cut1000_r2.npz
[etl-callable] loaded 6/6 nonzero channels ('zeta_TTT', 'zeta_TTP', 'zeta_TPP', 'zeta_PPP', 'zeta_Bmod', 'zeta_Dmod') (U=427, N_lam=16) from table_tree_cut1000_r2.npz
[etl-callable] loaded 6/6 nonzero channels ('zeta_TTT', 'zeta_TTP', 'zeta_TPP', 'zeta_PPP', 'zeta_Bmod', 'zeta_Dmod') (U=427, N_lam=16) from table_tree_cut1000_r2.npz
[etl-callable] loaded 6/6 nonzero channels ('zeta_TTT', 'zeta_TTP', 'zeta_TPP', 'zeta_PPP', 'zeta_Bmod', 'zeta_Dmod') (U=427, N_lam=16) from table_tree_cut1000_r2.npz
[etl-callable] loaded 6/6 nonzero channels ('zeta_TTT', 'zeta_TTP', 'zeta_TPP', 'zeta_PPP', 'zeta_Bmod', 'zeta_Dmod') (U=427, N_lam=16) from table_tree_cut1000_r2.npz
[etl-callable] loaded 6/6 nonzero channels ('zeta_TTT', 'zeta_TTP', 'zeta_TPP', 'zeta_PPP', 'zeta_Bmod', 'zeta_Dmod') (U=427, N_lam=16) from table_tree_cut1000_r2.npz
[etl-callable] loaded 6/6 nonzero channels ('zeta_TTT', 'zeta_TTP', 'zeta_TPP', 'zeta_PPP', 'zeta_Bmod', 'zeta_Dmod') (U=427, N_lam=16) from table_tree_cut1000_r2.npz
[etl-callable] loaded 6/6 nonzero channels ('zeta_TTT', 'zeta_TTP', 'zeta_TPP', 'zeta_PPP', 'zeta_Bmod', 'zeta_Dmod') (U=427, N_lam=16) from table_tree_cut1000_r2.npz
[etl-callable] loaded 6/6 nonzero channels ('zeta_TTT', 'zeta_TTP', 'zeta_TPP', 'zeta_PPP', 'zeta_Bmod', 'zeta_Dmod') (U=427, N_lam=16) from table_tree_cut1000_r2.npz
[etl-callable] loaded 6/6 nonzero channels ('zeta_TTT', 'zeta_TTP', 'zeta_TPP', 'zeta_PPP', 'zeta_Bmod', 'zeta_Dmod') (U=427, N_lam=16) from table_tree_cut1000_r2.npz
[etl-callable] loaded 6/6 nonzero channels ('zeta_TTT', 'zeta_TTP', 'zeta_TPP', 'zeta_PPP', 'zeta_Bmod', 'zeta_Dmod') (U=427, N_lam=16) from table_tree_cut1000_r2.npz
[etl-callable] loaded 6/6 nonzero channels ('zeta_TTT', 'zeta_TTP', 'zeta_TPP', 'zeta_PPP', 'zeta_Bmod', 'zeta_Dmod') (U=427, N_lam=16) from table_tree_cut1000_r2.npz
[etl-callable] loaded 6/6 nonzero channels ('zeta_TTT', 'zeta_TTP', 'zeta_TPP', 'zeta_PPP', 'zeta_Bmod', 'zeta_Dmod') (U=427, N_lam=16) from table_tree_cut1000_r2.npz
[etl-callable] loaded 6/6 nonzero channels ('zeta_TTT', 'zeta_TTP', 'zeta_TPP', 'zeta_PPP', 'zeta_Bmod', 'zeta_Dmod') (U=427, N_lam=16) from table_tree_cut1000_r2.npz
[etl-callable] loaded 6/6 nonzero channels ('zeta_TTT', 'zeta_TTP', 'zeta_TPP', 'zeta_PPP', 'zeta_Bmod', 'zeta_Dmod') (U=427, N_lam=16) from table_tree_cut1000_r2.npz
[etl-callable] loaded 6/6 nonzero channels ('zeta_TTT', 'zeta_TTP', 'zeta_TPP', 'zeta_PPP', 'zeta_Bmod', 'zeta_Dmod') (U=427, N_lam=16) from table_tree_cut1000_r2.npz
[etl-callable] loaded 6/6 nonzero channels ('zeta_TTT', 'zeta_TTP', 'zeta_TPP', 'zeta_PPP', 'zeta_Bmod', 'zeta_Dmod') (U=427, N_lam=16) from table_tree_cut1000_r2.npz
[etl-callable] loaded 6/6 nonzero channels ('zeta_TTT', 'zeta_TTP', 'zeta_TPP', 'zeta_PPP', 'zeta_Bmod', 'zeta_Dmod') (U=427, N_lam=16) from table_tree_cut1000_r2.npz
[etl-callable] loaded 6/6 nonzero channels ('zeta_TTT', 'zeta_TTP', 'zeta_TPP', 'zeta_PPP', 'zeta_Bmod', 'zeta_Dmod') (U=427, N_lam=16) from table_tree_cut1000_r2.npz
[etl-callable] loaded 6/6 nonzero channels ('zeta_TTT', 'zeta_TTP', 'zeta_TPP', 'zeta_PPP', 'zeta_Bmod', 'zeta_Dmod') (U=427, N_lam=16) from table_tree_cut1000_r2.npz
[etl-callable] loaded 6/6 nonzero channels ('zeta_TTT', 'zeta_TTP', 'zeta_TPP', 'zeta_PPP', 'zeta_Bmod', 'zeta_Dmod') (U=427, N_lam=16) from table_tree_cut1000_r2.npz
[etl-callable] loaded 6/6 nonzero channels ('zeta_TTT', 'zeta_TTP', 'zeta_TPP', 'zeta_PPP', 'zeta_Bmod', 'zeta_Dmod') (U=427, N_lam=16) from table_tree_cut1000_r2.npz
[etl-callable] loaded 6/6 nonzero channels ('zeta_TTT', 'zeta_TTP', 'zeta_TPP', 'zeta_PPP', 'zeta_Bmod', 'zeta_Dmod') (U=427, N_lam=16) from table_tree_cut1000_r2.npz
[etl-callable] loaded 6/6 nonzero channels ('zeta_TTT', 'zeta_TTP', 'zeta_TPP', 'zeta_PPP', 'zeta_Bmod', 'zeta_Dmod') (U=427, N_lam=16) from table_tree_cut1000_r2.npz
[etl-callable] loaded 6/6 nonzero channels ('zeta_TTT', 'zeta_TTP', 'zeta_TPP', 'zeta_PPP', 'zeta_Bmod', 'zeta_Dmod') (U=427, N_lam=16) from table_tree_cut1000_r2.npz
[etl-callable] loaded 6/6 nonzero channels ('zeta_TTT', 'zeta_TTP', 'zeta_TPP', 'zeta_PPP', 'zeta_Bmod', 'zeta_Dmod') (U=427, N_lam=16) from table_tree_cut1000_r2.npz
[etl-callable] loaded 6/6 nonzero channels ('zeta_TTT', 'zeta_TTP', 'zeta_TPP', 'zeta_PPP', 'zeta_Bmod', 'zeta_Dmod') (U=427, N_lam=16) from table_tree_cut1000_r2.npz
[etl-callable] loaded 6/6 nonzero channels ('zeta_TTT', 'zeta_TTP', 'zeta_TPP', 'zeta_PPP', 'zeta_Bmod', 'zeta_Dmod') (U=427, N_lam=16) from table_tree_cut1000_r2.npz
[etl-callable] loaded 6/6 nonzero channels ('zeta_TTT', 'zeta_TTP', 'zeta_TPP', 'zeta_PPP', 'zeta_Bmod', 'zeta_Dmod') (U=427, N_lam=16) from table_tree_cut1000_r2.npz
[etl-callable] loaded 6/6 nonzero channels ('zeta_TTT', 'zeta_TTP', 'zeta_TPP', 'zeta_PPP', 'zeta_Bmod', 'zeta_Dmod') (U=427, N_lam=16) from table_tree_cut1000_r2.npz
[etl-callable] loaded 6/6 nonzero channels ('zeta_TTT', 'zeta_TTP', 'zeta_TPP', 'zeta_PPP', 'zeta_Bmod', 'zeta_Dmod') (U=427, N_lam=16) from table_tree_cut1000_r2.npz
[etl-callable] loaded 6/6 nonzero channels ('zeta_TTT', 'zeta_TTP', 'zeta_TPP', 'zeta_PPP', 'zeta_Bmod', 'zeta_Dmod') (U=427, N_lam=16) from table_tree_cut1000_r2.npz
[etl-callable] loaded 6/6 nonzero channels ('zeta_TTT', 'zeta_TTP', 'zeta_TPP', 'zeta_PPP', 'zeta_Bmod', 'zeta_Dmod') (U=427, N_lam=16) from table_tree_cut1000_r2.npz
[etl-callable] loaded 6/6 nonzero channels ('zeta_TTT', 'zeta_TTP', 'zeta_TPP', 'zeta_PPP', 'zeta_Bmod', 'zeta_Dmod') (U=427, N_lam=16) from table_tree_cut1000_r2.npz
[etl-callable] loaded 6/6 nonzero channels ('zeta_TTT', 'zeta_TTP', 'zeta_TPP', 'zeta_PPP', 'zeta_Bmod', 'zeta_Dmod') (U=427, N_lam=16) from table_tree_cut1000_r2.npz
[etl-callable] loaded 6/6 nonzero channels ('zeta_TTT', 'zeta_TTP', 'zeta_TPP', 'zeta_PPP', 'zeta_Bmod', 'zeta_Dmod') (U=427, N_lam=16) from table_tree_cut1000_r2.npz
[etl-callable] loaded 6/6 nonzero channels ('zeta_TTT', 'zeta_TTP', 'zeta_TPP', 'zeta_PPP', 'zeta_Bmod', 'zeta_Dmod') (U=427, N_lam=16) from table_tree_cut1000_r2.npz
[etl-callable] loaded 6/6 nonzero channels ('zeta_TTT', 'zeta_TTP', 'zeta_TPP', 'zeta_PPP', 'zeta_Bmod', 'zeta_Dmod') (U=427, N_lam=16) from table_tree_cut1000_r2.npz
[etl-callable] loaded 6/6 nonzero channels ('zeta_TTT', 'zeta_TTP', 'zeta_TPP', 'zeta_PPP', 'zeta_Bmod', 'zeta_Dmod') (U=427, N_lam=16) from table_tree_cut1000_r2.npz
[etl-callable] loaded 6/6 nonzero channels ('zeta_TTT', 'zeta_TTP', 'zeta_TPP', 'zeta_PPP', 'zeta_Bmod', 'zeta_Dmod') (U=427, N_lam=16) from table_tree_cut1000_r2.npz
[etl-callable] loaded 6/6 nonzero channels ('zeta_TTT', 'zeta_TTP', 'zeta_TPP', 'zeta_PPP', 'zeta_Bmod', 'zeta_Dmod') (U=427, N_lam=16) from table_tree_cut1000_r2.npz
[etl-callable] loaded 6/6 nonzero channels ('zeta_TTT', 'zeta_TTP', 'zeta_TPP', 'zeta_PPP', 'zeta_Bmod', 'zeta_Dmod') (U=427, N_lam=16) from table_tree_cut1000_r2.npz
[etl-callable] loaded 6/6 nonzero channels ('zeta_TTT', 'zeta_TTP', 'zeta_TPP', 'zeta_PPP', 'zeta_Bmod', 'zeta_Dmod') (U=427, N_lam=16) from table_tree_cut1000_r2.npz
[etl-callable] loaded 6/6 nonzero channels ('zeta_TTT', 'zeta_TTP', 'zeta_TPP', 'zeta_PPP', 'zeta_Bmod', 'zeta_Dmod') (U=427, N_lam=16) from table_tree_cut1000_r2.npz
[etl-callable] loaded 6/6 nonzero channels ('zeta_TTT', 'zeta_TTP', 'zeta_TPP', 'zeta_PPP', 'zeta_Bmod', 'zeta_Dmod') (U=427, N_lam=16) from table_tree_cut1000_r2.npz
[etl-callable] loaded 6/6 nonzero channels ('zeta_TTT', 'zeta_TTP', 'zeta_TPP', 'zeta_PPP', 'zeta_Bmod', 'zeta_Dmod') (U=427, N_lam=16) from table_tree_cut1000_r2.npz
[etl-callable] loaded 6/6 nonzero channels ('zeta_TTT', 'zeta_TTP', 'zeta_TPP', 'zeta_PPP', 'zeta_Bmod', 'zeta_Dmod') (U=427, N_lam=16) from table_tree_cut1000_r2.npz
[etl-callable] loaded 6/6 nonzero channels ('zeta_TTT', 'zeta_TTP', 'zeta_TPP', 'zeta_PPP', 'zeta_Bmod', 'zeta_Dmod') (U=427, N_lam=16) from table_tree_cut1000_r2.npz
[etl-callable] loaded 6/6 nonzero channels ('zeta_TTT', 'zeta_TTP', 'zeta_TPP', 'zeta_PPP', 'zeta_Bmod', 'zeta_Dmod') (U=427, N_lam=16) from table_tree_cut1000_r2.npz
[etl-callable] loaded 6/6 nonzero channels ('zeta_TTT', 'zeta_TTP', 'zeta_TPP', 'zeta_PPP', 'zeta_Bmod', 'zeta_Dmod') (U=427, N_lam=16) from table_tree_cut1000_r2.npz
[etl-callable] loaded 6/6 nonzero channels ('zeta_TTT', 'zeta_TTP', 'zeta_TPP', 'zeta_PPP', 'zeta_Bmod', 'zeta_Dmod') (U=427, N_lam=16) from table_tree_cut1000_r2.npz
[etl-callable] loaded 6/6 nonzero channels ('zeta_TTT', 'zeta_TTP', 'zeta_TPP', 'zeta_PPP', 'zeta_Bmod', 'zeta_Dmod') (U=427, N_lam=16) from table_tree_cut1000_r2.npz
[etl-callable] loaded 6/6 nonzero channels ('zeta_TTT', 'zeta_TTP', 'zeta_TPP', 'zeta_PPP', 'zeta_Bmod', 'zeta_Dmod') (U=427, N_lam=16) from table_tree_cut1000_r2.npz
[etl-callable] loaded 6/6 nonzero channels ('zeta_TTT', 'zeta_TTP', 'zeta_TPP', 'zeta_PPP', 'zeta_Bmod', 'zeta_Dmod') (U=427, N_lam=16) from table_tree_cut1000_r2.npz
[etl-callable] loaded 6/6 nonzero channels ('zeta_TTT', 'zeta_TTP', 'zeta_TPP', 'zeta_PPP', 'zeta_Bmod', 'zeta_Dmod') (U=427, N_lam=16) from table_tree_cut1000_r2.npz
[etl-callable] loaded 6/6 nonzero channels ('zeta_TTT', 'zeta_TTP', 'zeta_TPP', 'zeta_PPP', 'zeta_Bmod', 'zeta_Dmod') (U=427, N_lam=16) from table_tree_cut1000_r2.npz
[etl-callable] loaded 6/6 nonzero channels ('zeta_TTT', 'zeta_TTP', 'zeta_TPP', 'zeta_PPP', 'zeta_Bmod', 'zeta_Dmod') (U=427, N_lam=16) from table_tree_cut1000_r2.npz
[etl-callable] loaded 6/6 nonzero channels ('zeta_TTT', 'zeta_TTP', 'zeta_TPP', 'zeta_PPP', 'zeta_Bmod', 'zeta_Dmod') (U=427, N_lam=16) from table_tree_cut1000_r2.npz
[etl-callable] loaded 6/6 nonzero channels ('zeta_TTT', 'zeta_TTP', 'zeta_TPP', 'zeta_PPP', 'zeta_Bmod', 'zeta_Dmod') (U=427, N_lam=16) from table_tree_cut1000_r2.npz
[etl-callable] loaded 6/6 nonzero channels ('zeta_TTT', 'zeta_TTP', 'zeta_TPP', 'zeta_PPP', 'zeta_Bmod', 'zeta_Dmod') (U=427, N_lam=16) from table_tree_cut1000_r2.npz
[etl-callable] loaded 6/6 nonzero channels ('zeta_TTT', 'zeta_TTP', 'zeta_TPP', 'zeta_PPP', 'zeta_Bmod', 'zeta_Dmod') (U=427, N_lam=16) from table_tree_cut1000_r2.npz
[etl-callable] loaded 6/6 nonzero channels ('zeta_TTT', 'zeta_TTP', 'zeta_TPP', 'zeta_PPP', 'zeta_Bmod', 'zeta_Dmod') (U=427, N_lam=16) from table_tree_cut1000_r2.npz
[etl-callable] loaded 6/6 nonzero channels ('zeta_TTT', 'zeta_TTP', 'zeta_TPP', 'zeta_PPP', 'zeta_Bmod', 'zeta_Dmod') (U=427, N_lam=16) from table_tree_cut1000_r2.npz
[etl-callable] loaded 6/6 nonzero channels ('zeta_TTT', 'zeta_TTP', 'zeta_TPP', 'zeta_PPP', 'zeta_Bmod', 'zeta_Dmod') (U=427, N_lam=16) from table_tree_cut1000_r2.npz
[etl-callable] loaded 6/6 nonzero channels ('zeta_TTT', 'zeta_TTP', 'zeta_TPP', 'zeta_PPP', 'zeta_Bmod', 'zeta_Dmod') (U=427, N_lam=16) from table_tree_cut1000_r2.npz
[etl-callable] loaded 6/6 nonzero channels ('zeta_TTT', 'zeta_TTP', 'zeta_TPP', 'zeta_PPP', 'zeta_Bmod', 'zeta_Dmod') (U=427, N_lam=16) from table_tree_cut1000_r2.npz
[etl-callable] loaded 6/6 nonzero channels ('zeta_TTT', 'zeta_TTP', 'zeta_TPP', 'zeta_PPP', 'zeta_Bmod', 'zeta_Dmod') (U=427, N_lam=16) from table_tree_cut1000_r2.npz
[etl-callable] loaded 6/6 nonzero channels ('zeta_TTT', 'zeta_TTP', 'zeta_TPP', 'zeta_PPP', 'zeta_Bmod', 'zeta_Dmod') (U=427, N_lam=16) from table_tree_cut1000_r2.npz
[etl-callable] loaded 6/6 nonzero channels ('zeta_TTT', 'zeta_TTP', 'zeta_TPP', 'zeta_PPP', 'zeta_Bmod', 'zeta_Dmod') (U=427, N_lam=16) from table_tree_cut1000_r2.npz
[etl-callable] loaded 6/6 nonzero channels ('zeta_TTT', 'zeta_TTP', 'zeta_TPP', 'zeta_PPP', 'zeta_Bmod', 'zeta_Dmod') (U=427, N_lam=16) from table_tree_cut1000_r2.npz
[etl-callable] loaded 6/6 nonzero channels ('zeta_TTT', 'zeta_TTP', 'zeta_TPP', 'zeta_PPP', 'zeta_Bmod', 'zeta_Dmod') (U=427, N_lam=16) from table_tree_cut1000_r2.npz
[etl-callable] loaded 6/6 nonzero channels ('zeta_TTT', 'zeta_TTP', 'zeta_TPP', 'zeta_PPP', 'zeta_Bmod', 'zeta_Dmod') (U=427, N_lam=16) from table_tree_cut1000_r2.npz
[etl-callable] loaded 6/6 nonzero channels ('zeta_TTT', 'zeta_TTP', 'zeta_TPP', 'zeta_PPP', 'zeta_Bmod', 'zeta_Dmod') (U=427, N_lam=16) from table_tree_cut1000_r2.npz
[etl-callable] loaded 6/6 nonzero channels ('zeta_TTT', 'zeta_TTP', 'zeta_TPP', 'zeta_PPP', 'zeta_Bmod', 'zeta_Dmod') (U=427, N_lam=16) from table_tree_cut1000_r2.npz
[etl-callable] loaded 6/6 nonzero channels ('zeta_TTT', 'zeta_TTP', 'zeta_TPP', 'zeta_PPP', 'zeta_Bmod', 'zeta_Dmod') (U=427, N_lam=16) from table_tree_cut1000_r2.npz
[etl-callable] loaded 6/6 nonzero channels ('zeta_TTT', 'zeta_TTP', 'zeta_TPP', 'zeta_PPP', 'zeta_Bmod', 'zeta_Dmod') (U=427, N_lam=16) from table_tree_cut1000_r2.npz
[etl-callable] loaded 6/6 nonzero channels ('zeta_TTT', 'zeta_TTP', 'zeta_TPP', 'zeta_PPP', 'zeta_Bmod', 'zeta_Dmod') (U=427, N_lam=16) from table_tree_cut1000_r2.npz
[etl-callable] loaded 6/6 nonzero channels ('zeta_TTT', 'zeta_TTP', 'zeta_TPP', 'zeta_PPP', 'zeta_Bmod', 'zeta_Dmod') (U=427, N_lam=16) from table_tree_cut1000_r2.npz
[etl-callable] loaded 6/6 nonzero channels ('zeta_TTT', 'zeta_TTP', 'zeta_TPP', 'zeta_PPP', 'zeta_Bmod', 'zeta_Dmod') (U=427, N_lam=16) from table_tree_cut1000_r2.npz
[etl-callable] loaded 6/6 nonzero channels ('zeta_TTT', 'zeta_TTP', 'zeta_TPP', 'zeta_PPP', 'zeta_Bmod', 'zeta_Dmod') (U=427, N_lam=16) from table_tree_cut1000_r2.npz
[etl-callable] loaded 6/6 nonzero channels ('zeta_TTT', 'zeta_TTP', 'zeta_TPP', 'zeta_PPP', 'zeta_Bmod', 'zeta_Dmod') (U=427, N_lam=16) from table_tree_cut1000_r2.npz
[etl-callable] loaded 6/6 nonzero channels ('zeta_TTT', 'zeta_TTP', 'zeta_TPP', 'zeta_PPP', 'zeta_Bmod', 'zeta_Dmod') (U=427, N_lam=16) from table_tree_cut1000_r2.npz
[etl-callable] loaded 6/6 nonzero channels ('zeta_TTT', 'zeta_TTP', 'zeta_TPP', 'zeta_PPP', 'zeta_Bmod', 'zeta_Dmod') (U=427, N_lam=16) from table_tree_cut1000_r2.npz
[etl-callable] loaded 6/6 nonzero channels ('zeta_TTT', 'zeta_TTP', 'zeta_TPP', 'zeta_PPP', 'zeta_Bmod', 'zeta_Dmod') (U=427, N_lam=16) from table_tree_cut1000_r2.npz
[etl-callable] loaded 6/6 nonzero channels ('zeta_TTT', 'zeta_TTP', 'zeta_TPP', 'zeta_PPP', 'zeta_Bmod', 'zeta_Dmod') (U=427, N_lam=16) from table_tree_cut1000_r2.npz
[etl-callable] loaded 6/6 nonzero channels ('zeta_TTT', 'zeta_TTP', 'zeta_TPP', 'zeta_PPP', 'zeta_Bmod', 'zeta_Dmod') (U=427, N_lam=16) from table_tree_cut1000_r2.npz
[etl-callable] loaded 6/6 nonzero channels ('zeta_TTT', 'zeta_TTP', 'zeta_TPP', 'zeta_PPP', 'zeta_Bmod', 'zeta_Dmod') (U=427, N_lam=16) from table_tree_cut1000_r2.npz
[etl-callable] loaded 6/6 nonzero channels ('zeta_TTT', 'zeta_TTP', 'zeta_TPP', 'zeta_PPP', 'zeta_Bmod', 'zeta_Dmod') (U=427, N_lam=16) from table_tree_cut1000_r2.npz
[etl-callable] loaded 6/6 nonzero channels ('zeta_TTT', 'zeta_TTP', 'zeta_TPP', 'zeta_PPP', 'zeta_Bmod', 'zeta_Dmod') (U=427, N_lam=16) from table_tree_cut1000_r2.npz
[etl-callable] loaded 6/6 nonzero channels ('zeta_TTT', 'zeta_TTP', 'zeta_TPP', 'zeta_PPP', 'zeta_Bmod', 'zeta_Dmod') (U=427, N_lam=16) from table_tree_cut1000_r2.npz
[etl-callable] loaded 6/6 nonzero channels ('zeta_TTT', 'zeta_TTP', 'zeta_TPP', 'zeta_PPP', 'zeta_Bmod', 'zeta_Dmod') (U=427, N_lam=16) from table_tree_cut1000_r2.npz
[etl-callable] loaded 6/6 nonzero channels ('zeta_TTT', 'zeta_TTP', 'zeta_TPP', 'zeta_PPP', 'zeta_Bmod', 'zeta_Dmod') (U=427, N_lam=16) from table_tree_cut1000_r2.npz
[etl-callable] loaded 6/6 nonzero channels ('zeta_TTT', 'zeta_TTP', 'zeta_TPP', 'zeta_PPP', 'zeta_Bmod', 'zeta_Dmod') (U=427, N_lam=16) from table_tree_cut1000_r2.npz
[etl-callable] loaded 6/6 nonzero channels ('zeta_TTT', 'zeta_TTP', 'zeta_TPP', 'zeta_PPP', 'zeta_Bmod', 'zeta_Dmod') (U=427, N_lam=16) from table_tree_cut1000_r2.npz
[etl-callable] loaded 6/6 nonzero channels ('zeta_TTT', 'zeta_TTP', 'zeta_TPP', 'zeta_PPP', 'zeta_Bmod', 'zeta_Dmod') (U=427, N_lam=16) from table_tree_cut1000_r2.npz
[etl-callable] loaded 6/6 nonzero channels ('zeta_TTT', 'zeta_TTP', 'zeta_TPP', 'zeta_PPP', 'zeta_Bmod', 'zeta_Dmod') (U=427, N_lam=16) from table_tree_cut1000_r2.npz
[etl-callable] loaded 6/6 nonzero channels ('zeta_TTT', 'zeta_TTP', 'zeta_TPP', 'zeta_PPP', 'zeta_Bmod', 'zeta_Dmod') (U=427, N_lam=16) from table_tree_cut1000_r2.npz
[etl-callable] loaded 6/6 nonzero channels ('zeta_TTT', 'zeta_TTP', 'zeta_TPP', 'zeta_PPP', 'zeta_Bmod', 'zeta_Dmod') (U=427, N_lam=16) from table_tree_cut1000_r2.npz
[etl-callable] loaded 6/6 nonzero channels ('zeta_TTT', 'zeta_TTP', 'zeta_TPP', 'zeta_PPP', 'zeta_Bmod', 'zeta_Dmod') (U=427, N_lam=16) from table_tree_cut1000_r2.npz
[etl-callable] loaded 6/6 nonzero channels ('zeta_TTT', 'zeta_TTP', 'zeta_TPP', 'zeta_PPP', 'zeta_Bmod', 'zeta_Dmod') (U=427, N_lam=16) from table_tree_cut1000_r2.npz
[etl-callable] loaded 6/6 nonzero channels ('zeta_TTT', 'zeta_TTP', 'zeta_TPP', 'zeta_PPP', 'zeta_Bmod', 'zeta_Dmod') (U=427, N_lam=16) from table_tree_cut1000_r2.npz
[etl-callable] loaded 6/6 nonzero channels ('zeta_TTT', 'zeta_TTP', 'zeta_TPP', 'zeta_PPP', 'zeta_Bmod', 'zeta_Dmod') (U=427, N_lam=16) from table_tree_cut1000_r2.npz
[etl-callable] loaded 6/6 nonzero channels ('zeta_TTT', 'zeta_TTP', 'zeta_TPP', 'zeta_PPP', 'zeta_Bmod', 'zeta_Dmod') (U=427, N_lam=16) from table_tree_cut1000_r2.npz
[etl-callable] loaded 6/6 nonzero channels ('zeta_TTT', 'zeta_TTP', 'zeta_TPP', 'zeta_PPP', 'zeta_Bmod', 'zeta_Dmod') (U=427, N_lam=16) from table_tree_cut1000_r2.npz
[etl-callable] loaded 6/6 nonzero channels ('zeta_TTT', 'zeta_TTP', 'zeta_TPP', 'zeta_PPP', 'zeta_Bmod', 'zeta_Dmod') (U=427, N_lam=16) from table_tree_cut1000_r2.npz
[etl-callable] loaded 6/6 nonzero channels ('zeta_TTT', 'zeta_TTP', 'zeta_TPP', 'zeta_PPP', 'zeta_Bmod', 'zeta_Dmod') (U=427, N_lam=16) from table_tree_cut1000_r2.npz
[etl-callable] loaded 6/6 nonzero channels ('zeta_TTT', 'zeta_TTP', 'zeta_TPP', 'zeta_PPP', 'zeta_Bmod', 'zeta_Dmod') (U=427, N_lam=16) from table_tree_cut1000_r2.npz
[etl-callable] loaded 6/6 nonzero channels ('zeta_TTT', 'zeta_TTP', 'zeta_TPP', 'zeta_PPP', 'zeta_Bmod', 'zeta_Dmod') (U=427, N_lam=16) from table_tree_cut1000_r2.npz
[etl-callable] loaded 6/6 nonzero channels ('zeta_TTT', 'zeta_TTP', 'zeta_TPP', 'zeta_PPP', 'zeta_Bmod', 'zeta_Dmod') (U=427, N_lam=16) from table_tree_cut1000_r2.npz
[etl-callable] loaded 6/6 nonzero channels ('zeta_TTT', 'zeta_TTP', 'zeta_TPP', 'zeta_PPP', 'zeta_Bmod', 'zeta_Dmod') (U=427, N_lam=16) from table_tree_cut1000_r2.npz
[etl-callable] loaded 6/6 nonzero channels ('zeta_TTT', 'zeta_TTP', 'zeta_TPP', 'zeta_PPP', 'zeta_Bmod', 'zeta_Dmod') (U=427, N_lam=16) from table_tree_cut1000_r2.npz
[etl-callable] loaded 6/6 nonzero channels ('zeta_TTT', 'zeta_TTP', 'zeta_TPP', 'zeta_PPP', 'zeta_Bmod', 'zeta_Dmod') (U=427, N_lam=16) from table_tree_cut1000_r2.npz
[etl-callable] loaded 6/6 nonzero channels ('zeta_TTT', 'zeta_TTP', 'zeta_TPP', 'zeta_PPP', 'zeta_Bmod', 'zeta_Dmod') (U=427, N_lam=16) from table_tree_cut1000_r2.npz
[etl-callable] loaded 6/6 nonzero channels ('zeta_TTT', 'zeta_TTP', 'zeta_TPP', 'zeta_PPP', 'zeta_Bmod', 'zeta_Dmod') (U=427, N_lam=16) from table_tree_cut1000_r2.npz
[etl-callable] loaded 6/6 nonzero channels ('zeta_TTT', 'zeta_TTP', 'zeta_TPP', 'zeta_PPP', 'zeta_Bmod', 'zeta_Dmod') (U=427, N_lam=16) from table_tree_cut1000_r2.npz
[etl-callable] loaded 6/6 nonzero channels ('zeta_TTT', 'zeta_TTP', 'zeta_TPP', 'zeta_PPP', 'zeta_Bmod', 'zeta_Dmod') (U=427, N_lam=16) from table_tree_cut1000_r2.npz
[etl-callable] loaded 6/6 nonzero channels ('zeta_TTT', 'zeta_TTP', 'zeta_TPP', 'zeta_PPP', 'zeta_Bmod', 'zeta_Dmod') (U=427, N_lam=16) from table_tree_cut1000_r2.npz
[etl-callable] loaded 6/6 nonzero channels ('zeta_TTT', 'zeta_TTP', 'zeta_TPP', 'zeta_PPP', 'zeta_Bmod', 'zeta_Dmod') (U=427, N_lam=16) from table_tree_cut1000_r2.npz
[etl-callable] loaded 6/6 nonzero channels ('zeta_TTT', 'zeta_TTP', 'zeta_TPP', 'zeta_PPP', 'zeta_Bmod', 'zeta_Dmod') (U=427, N_lam=16) from table_tree_cut1000_r2.npz
[etl-callable] loaded 6/6 nonzero channels ('zeta_TTT', 'zeta_TTP', 'zeta_TPP', 'zeta_PPP', 'zeta_Bmod', 'zeta_Dmod') (U=427, N_lam=16) from table_tree_cut1000_r2.npz
[etl-callable] loaded 6/6 nonzero channels ('zeta_TTT', 'zeta_TTP', 'zeta_TPP', 'zeta_PPP', 'zeta_Bmod', 'zeta_Dmod') (U=427, N_lam=16) from table_tree_cut1000_r2.npz
[etl-callable] loaded 6/6 nonzero channels ('zeta_TTT', 'zeta_TTP', 'zeta_TPP', 'zeta_PPP', 'zeta_Bmod', 'zeta_Dmod') (U=427, N_lam=16) from table_tree_cut1000_r2.npz
[etl-callable] loaded 6/6 nonzero channels ('zeta_TTT', 'zeta_TTP', 'zeta_TPP', 'zeta_PPP', 'zeta_Bmod', 'zeta_Dmod') (U=427, N_lam=16) from table_tree_cut1000_r2.npz
[etl-callable] loaded 6/6 nonzero channels ('zeta_TTT', 'zeta_TTP', 'zeta_TPP', 'zeta_PPP', 'zeta_Bmod', 'zeta_Dmod') (U=427, N_lam=16) from table_tree_cut1000_r2.npz
[etl-callable] loaded 6/6 nonzero channels ('zeta_TTT', 'zeta_TTP', 'zeta_TPP', 'zeta_PPP', 'zeta_Bmod', 'zeta_Dmod') (U=427, N_lam=16) from table_tree_cut1000_r2.npz
[etl-callable] loaded 6/6 nonzero channels ('zeta_TTT', 'zeta_TTP', 'zeta_TPP', 'zeta_PPP', 'zeta_Bmod', 'zeta_Dmod') (U=427, N_lam=16) from table_tree_cut1000_r2.npz
[etl-callable] loaded 6/6 nonzero channels ('zeta_TTT', 'zeta_TTP', 'zeta_TPP', 'zeta_PPP', 'zeta_Bmod', 'zeta_Dmod') (U=427, N_lam=16) from table_tree_cut1000_r2.npz
[etl-callable] loaded 6/6 nonzero channels ('zeta_TTT', 'zeta_TTP', 'zeta_TPP', 'zeta_PPP', 'zeta_Bmod', 'zeta_Dmod') (U=427, N_lam=16) from table_tree_cut1000_r2.npz
[etl-callable] loaded 6/6 nonzero channels ('zeta_TTT', 'zeta_TTP', 'zeta_TPP', 'zeta_PPP', 'zeta_Bmod', 'zeta_Dmod') (U=427, N_lam=16) from table_tree_cut1000_r2.npz
[etl-callable] loaded 6/6 nonzero channels ('zeta_TTT', 'zeta_TTP', 'zeta_TPP', 'zeta_PPP', 'zeta_Bmod', 'zeta_Dmod') (U=427, N_lam=16) from table_tree_cut1000_r2.npz
[etl-callable] loaded 6/6 nonzero channels ('zeta_TTT', 'zeta_TTP', 'zeta_TPP', 'zeta_PPP', 'zeta_Bmod', 'zeta_Dmod') (U=427, N_lam=16) from table_tree_cut1000_r2.npz
[etl-callable] loaded 6/6 nonzero channels ('zeta_TTT', 'zeta_TTP', 'zeta_TPP', 'zeta_PPP', 'zeta_Bmod', 'zeta_Dmod') (U=427, N_lam=16) from table_tree_cut1000_r2.npz
[etl-callable] loaded 6/6 nonzero channels ('zeta_TTT', 'zeta_TTP', 'zeta_TPP', 'zeta_PPP', 'zeta_Bmod', 'zeta_Dmod') (U=427, N_lam=16) from table_tree_cut1000_r2.npz
[etl-callable] loaded 6/6 nonzero channels ('zeta_TTT', 'zeta_TTP', 'zeta_TPP', 'zeta_PPP', 'zeta_Bmod', 'zeta_Dmod') (U=427, N_lam=16) from table_tree_cut1000_r2.npz
[etl-callable] loaded 6/6 nonzero channels ('zeta_TTT', 'zeta_TTP', 'zeta_TPP', 'zeta_PPP', 'zeta_Bmod', 'zeta_Dmod') (U=427, N_lam=16) from table_tree_cut1000_r2.npz
[etl-callable] loaded 6/6 nonzero channels ('zeta_TTT', 'zeta_TTP', 'zeta_TPP', 'zeta_PPP', 'zeta_Bmod', 'zeta_Dmod') (U=427, N_lam=16) from table_tree_cut1000_r2.npz
[etl-callable] loaded 6/6 nonzero channels ('zeta_TTT', 'zeta_TTP', 'zeta_TPP', 'zeta_PPP', 'zeta_Bmod', 'zeta_Dmod') (U=427, N_lam=16) from table_tree_cut1000_r2.npz
[etl-callable] loaded 6/6 nonzero channels ('zeta_TTT', 'zeta_TTP', 'zeta_TPP', 'zeta_PPP', 'zeta_Bmod', 'zeta_Dmod') (U=427, N_lam=16) from table_tree_cut1000_r2.npz
[etl-callable] loaded 6/6 nonzero channels ('zeta_TTT', 'zeta_TTP', 'zeta_TPP', 'zeta_PPP', 'zeta_Bmod', 'zeta_Dmod') (U=427, N_lam=16) from table_tree_cut1000_r2.npz
[etl-callable] loaded 6/6 nonzero channels ('zeta_TTT', 'zeta_TTP', 'zeta_TPP', 'zeta_PPP', 'zeta_Bmod', 'zeta_Dmod') (U=427, N_lam=16) from table_tree_cut1000_r2.npz
[etl-callable] loaded 6/6 nonzero channels ('zeta_TTT', 'zeta_TTP', 'zeta_TPP', 'zeta_PPP', 'zeta_Bmod', 'zeta_Dmod') (U=427, N_lam=16) from table_tree_cut1000_r2.npz
[etl-callable] loaded 6/6 nonzero channels ('zeta_TTT', 'zeta_TTP', 'zeta_TPP', 'zeta_PPP', 'zeta_Bmod', 'zeta_Dmod') (U=427, N_lam=16) from table_tree_cut1000_r2.npz
[etl-callable] loaded 6/6 nonzero channels ('zeta_TTT', 'zeta_TTP', 'zeta_TPP', 'zeta_PPP', 'zeta_Bmod', 'zeta_Dmod') (U=427, N_lam=16) from table_tree_cut1000_r2.npz
[etl-callable] loaded 6/6 nonzero channels ('zeta_TTT', 'zeta_TTP', 'zeta_TPP', 'zeta_PPP', 'zeta_Bmod', 'zeta_Dmod') (U=427, N_lam=16) from table_tree_cut1000_r2.npz
[etl-callable] loaded 6/6 nonzero channels ('zeta_TTT', 'zeta_TTP', 'zeta_TPP', 'zeta_PPP', 'zeta_Bmod', 'zeta_Dmod') (U=427, N_lam=16) from table_tree_cut1000_r2.npz
[etl-callable] loaded 6/6 nonzero channels ('zeta_TTT', 'zeta_TTP', 'zeta_TPP', 'zeta_PPP', 'zeta_Bmod', 'zeta_Dmod') (U=427, N_lam=16) from table_tree_cut1000_r2.npz
[etl-callable] loaded 6/6 nonzero channels ('zeta_TTT', 'zeta_TTP', 'zeta_TPP', 'zeta_PPP', 'zeta_Bmod', 'zeta_Dmod') (U=427, N_lam=16) from table_tree_cut1000_r2.npz
[etl-callable] loaded 6/6 nonzero channels ('zeta_TTT', 'zeta_TTP', 'zeta_TPP', 'zeta_PPP', 'zeta_Bmod', 'zeta_Dmod') (U=427, N_lam=16) from table_tree_cut1000_r2.npz
[etl-callable] loaded 6/6 nonzero channels ('zeta_TTT', 'zeta_TTP', 'zeta_TPP', 'zeta_PPP', 'zeta_Bmod', 'zeta_Dmod') (U=427, N_lam=16) from table_tree_cut1000_r2.npz
[etl-callable] loaded 6/6 nonzero channels ('zeta_TTT', 'zeta_TTP', 'zeta_TPP', 'zeta_PPP', 'zeta_Bmod', 'zeta_Dmod') (U=427, N_lam=16) from table_tree_cut1000_r2.npz
[etl-callable] loaded 6/6 nonzero channels ('zeta_TTT', 'zeta_TTP', 'zeta_TPP', 'zeta_PPP', 'zeta_Bmod', 'zeta_Dmod') (U=427, N_lam=16) from table_tree_cut1000_r2.npz
[etl-callable] loaded 6/6 nonzero channels ('zeta_TTT', 'zeta_TTP', 'zeta_TPP', 'zeta_PPP', 'zeta_Bmod', 'zeta_Dmod') (U=427, N_lam=16) from table_tree_cut1000_r2.npz
[etl-callable] loaded 6/6 nonzero channels ('zeta_TTT', 'zeta_TTP', 'zeta_TPP', 'zeta_PPP', 'zeta_Bmod', 'zeta_Dmod') (U=427, N_lam=16) from table_tree_cut1000_r2.npz
[etl-callable] loaded 6/6 nonzero channels ('zeta_TTT', 'zeta_TTP', 'zeta_TPP', 'zeta_PPP', 'zeta_Bmod', 'zeta_Dmod') (U=427, N_lam=16) from table_tree_cut1000_r2.npz
[etl-callable] loaded 6/6 nonzero channels ('zeta_TTT', 'zeta_TTP', 'zeta_TPP', 'zeta_PPP', 'zeta_Bmod', 'zeta_Dmod') (U=427, N_lam=16) from table_tree_cut1000_r2.npz
[etl-callable] loaded 6/6 nonzero channels ('zeta_TTT', 'zeta_TTP', 'zeta_TPP', 'zeta_PPP', 'zeta_Bmod', 'zeta_Dmod') (U=427, N_lam=16) from table_tree_cut1000_r2.npz
[etl-callable] loaded 6/6 nonzero channels ('zeta_TTT', 'zeta_TTP', 'zeta_TPP', 'zeta_PPP', 'zeta_Bmod', 'zeta_Dmod') (U=427, N_lam=16) from table_tree_cut1000_r2.npz
[etl-callable] loaded 6/6 nonzero channels ('zeta_TTT', 'zeta_TTP', 'zeta_TPP', 'zeta_PPP', 'zeta_Bmod', 'zeta_Dmod') (U=427, N_lam=16) from table_tree_cut1000_r2.npz
[etl-callable] loaded 6/6 nonzero channels ('zeta_TTT', 'zeta_TTP', 'zeta_TPP', 'zeta_PPP', 'zeta_Bmod', 'zeta_Dmod') (U=427, N_lam=16) from table_tree_cut1000_r2.npz
[etl-callable] loaded 6/6 nonzero channels ('zeta_TTT', 'zeta_TTP', 'zeta_TPP', 'zeta_PPP', 'zeta_Bmod', 'zeta_Dmod') (U=427, N_lam=16) from table_tree_cut1000_r2.npz
[etl-callable] loaded 6/6 nonzero channels ('zeta_TTT', 'zeta_TTP', 'zeta_TPP', 'zeta_PPP', 'zeta_Bmod', 'zeta_Dmod') (U=427, N_lam=16) from table_tree_cut1000_r2.npz
[etl-callable] loaded 6/6 nonzero channels ('zeta_TTT', 'zeta_TTP', 'zeta_TPP', 'zeta_PPP', 'zeta_Bmod', 'zeta_Dmod') (U=427, N_lam=16) from table_tree_cut1000_r2.npz
[etl-callable] loaded 6/6 nonzero channels ('zeta_TTT', 'zeta_TTP', 'zeta_TPP', 'zeta_PPP', 'zeta_Bmod', 'zeta_Dmod') (U=427, N_lam=16) from table_tree_cut1000_r2.npz
[etl-callable] loaded 6/6 nonzero channels ('zeta_TTT', 'zeta_TTP', 'zeta_TPP', 'zeta_PPP', 'zeta_Bmod', 'zeta_Dmod') (U=427, N_lam=16) from table_tree_cut1000_r2.npz
[etl-callable] loaded 6/6 nonzero channels ('zeta_TTT', 'zeta_TTP', 'zeta_TPP', 'zeta_PPP', 'zeta_Bmod', 'zeta_Dmod') (U=427, N_lam=16) from table_tree_cut1000_r2.npz
[etl-callable] loaded 6/6 nonzero channels ('zeta_TTT', 'zeta_TTP', 'zeta_TPP', 'zeta_PPP', 'zeta_Bmod', 'zeta_Dmod') (U=427, N_lam=16) from table_tree_cut1000_r2.npz
[etl-callable] loaded 6/6 nonzero channels ('zeta_TTT', 'zeta_TTP', 'zeta_TPP', 'zeta_PPP', 'zeta_Bmod', 'zeta_Dmod') (U=427, N_lam=16) from table_tree_cut1000_r2.npz
[etl-callable] loaded 6/6 nonzero channels ('zeta_TTT', 'zeta_TTP', 'zeta_TPP', 'zeta_PPP', 'zeta_Bmod', 'zeta_Dmod') (U=427, N_lam=16) from table_tree_cut1000_r2.npz
[etl-callable] loaded 6/6 nonzero channels ('zeta_TTT', 'zeta_TTP', 'zeta_TPP', 'zeta_PPP', 'zeta_Bmod', 'zeta_Dmod') (U=427, N_lam=16) from table_tree_cut1000_r2.npz
[etl-callable] loaded 6/6 nonzero channels ('zeta_TTT', 'zeta_TTP', 'zeta_TPP', 'zeta_PPP', 'zeta_Bmod', 'zeta_Dmod') (U=427, N_lam=16) from table_tree_cut1000_r2.npz
[etl-callable] loaded 6/6 nonzero channels ('zeta_TTT', 'zeta_TTP', 'zeta_TPP', 'zeta_PPP', 'zeta_Bmod', 'zeta_Dmod') (U=427, N_lam=16) from table_tree_cut1000_r2.npz
[etl-callable] loaded 6/6 nonzero channels ('zeta_TTT', 'zeta_TTP', 'zeta_TPP', 'zeta_PPP', 'zeta_Bmod', 'zeta_Dmod') (U=427, N_lam=16) from table_tree_cut1000_r2.npz
[etl-callable] loaded 6/6 nonzero channels ('zeta_TTT', 'zeta_TTP', 'zeta_TPP', 'zeta_PPP', 'zeta_Bmod', 'zeta_Dmod') (U=427, N_lam=16) from table_tree_cut1000_r2.npz
[etl-callable] loaded 6/6 nonzero channels ('zeta_TTT', 'zeta_TTP', 'zeta_TPP', 'zeta_PPP', 'zeta_Bmod', 'zeta_Dmod') (U=427, N_lam=16) from table_tree_cut1000_r2.npz
[etl-callable] loaded 6/6 nonzero channels ('zeta_TTT', 'zeta_TTP', 'zeta_TPP', 'zeta_PPP', 'zeta_Bmod', 'zeta_Dmod') (U=427, N_lam=16) from table_tree_cut1000_r2.npz
[etl-callable] loaded 6/6 nonzero channels ('zeta_TTT', 'zeta_TTP', 'zeta_TPP', 'zeta_PPP', 'zeta_Bmod', 'zeta_Dmod') (U=427, N_lam=16) from table_tree_cut1000_r2.npz
[etl-callable] loaded 6/6 nonzero channels ('zeta_TTT', 'zeta_TTP', 'zeta_TPP', 'zeta_PPP', 'zeta_Bmod', 'zeta_Dmod') (U=427, N_lam=16) from table_tree_cut1000_r2.npz
[etl-callable] loaded 6/6 nonzero channels ('zeta_TTT', 'zeta_TTP', 'zeta_TPP', 'zeta_PPP', 'zeta_Bmod', 'zeta_Dmod') (U=427, N_lam=16) from table_tree_cut1000_r2.npz
[etl-callable] loaded 6/6 nonzero channels ('zeta_TTT', 'zeta_TTP', 'zeta_TPP', 'zeta_PPP', 'zeta_Bmod', 'zeta_Dmod') (U=427, N_lam=16) from table_tree_cut1000_r2.npz
[etl-callable] loaded 6/6 nonzero channels ('zeta_TTT', 'zeta_TTP', 'zeta_TPP', 'zeta_PPP', 'zeta_Bmod', 'zeta_Dmod') (U=427, N_lam=16) from table_tree_cut1000_r2.npz
[etl-callable] loaded 6/6 nonzero channels ('zeta_TTT', 'zeta_TTP', 'zeta_TPP', 'zeta_PPP', 'zeta_Bmod', 'zeta_Dmod') (U=427, N_lam=16) from table_tree_cut1000_r2.npz
[etl-callable] loaded 6/6 nonzero channels ('zeta_TTT', 'zeta_TTP', 'zeta_TPP', 'zeta_PPP', 'zeta_Bmod', 'zeta_Dmod') (U=427, N_lam=16) from table_tree_cut1000_r2.npz
[etl-callable] loaded 6/6 nonzero channels ('zeta_TTT', 'zeta_TTP', 'zeta_TPP', 'zeta_PPP', 'zeta_Bmod', 'zeta_Dmod') (U=427, N_lam=16) from table_tree_cut1000_r2.npz
[etl-callable] loaded 6/6 nonzero channels ('zeta_TTT', 'zeta_TTP', 'zeta_TPP', 'zeta_PPP', 'zeta_Bmod', 'zeta_Dmod') (U=427, N_lam=16) from table_tree_cut1000_r2.npz
[etl-callable] loaded 6/6 nonzero channels ('zeta_TTT', 'zeta_TTP', 'zeta_TPP', 'zeta_PPP', 'zeta_Bmod', 'zeta_Dmod') (U=427, N_lam=16) from table_tree_cut1000_r2.npz
[etl-callable] loaded 6/6 nonzero channels ('zeta_TTT', 'zeta_TTP', 'zeta_TPP', 'zeta_PPP', 'zeta_Bmod', 'zeta_Dmod') (U=427, N_lam=16) from table_tree_cut1000_r2.npz
[etl-callable] loaded 6/6 nonzero channels ('zeta_TTT', 'zeta_TTP', 'zeta_TPP', 'zeta_PPP', 'zeta_Bmod', 'zeta_Dmod') (U=427, N_lam=16) from table_tree_cut1000_r2.npz
[etl-callable] loaded 6/6 nonzero channels ('zeta_TTT', 'zeta_TTP', 'zeta_TPP', 'zeta_PPP', 'zeta_Bmod', 'zeta_Dmod') (U=427, N_lam=16) from table_tree_cut1000_r2.npz
[etl-callable] loaded 6/6 nonzero channels ('zeta_TTT', 'zeta_TTP', 'zeta_TPP', 'zeta_PPP', 'zeta_Bmod', 'zeta_Dmod') (U=427, N_lam=16) from table_tree_cut1000_r2.npz
[etl-callable] loaded 6/6 nonzero channels ('zeta_TTT', 'zeta_TTP', 'zeta_TPP', 'zeta_PPP', 'zeta_Bmod', 'zeta_Dmod') (U=427, N_lam=16) from table_tree_cut1000_r2.npz
[etl-callable] loaded 6/6 nonzero channels ('zeta_TTT', 'zeta_TTP', 'zeta_TPP', 'zeta_PPP', 'zeta_Bmod', 'zeta_Dmod') (U=427, N_lam=16) from table_tree_cut1000_r2.npz
[etl-callable] loaded 6/6 nonzero channels ('zeta_TTT', 'zeta_TTP', 'zeta_TPP', 'zeta_PPP', 'zeta_Bmod', 'zeta_Dmod') (U=427, N_lam=16) from table_tree_cut1000_r2.npz
[etl-callable] loaded 6/6 nonzero channels ('zeta_TTT', 'zeta_TTP', 'zeta_TPP', 'zeta_PPP', 'zeta_Bmod', 'zeta_Dmod') (U=427, N_lam=16) from table_tree_cut1000_r2.npz
[etl-callable] loaded 6/6 nonzero channels ('zeta_TTT', 'zeta_TTP', 'zeta_TPP', 'zeta_PPP', 'zeta_Bmod', 'zeta_Dmod') (U=427, N_lam=16) from table_tree_cut1000_r2.npz
[etl-callable] loaded 6/6 nonzero channels ('zeta_TTT', 'zeta_TTP', 'zeta_TPP', 'zeta_PPP', 'zeta_Bmod', 'zeta_Dmod') (U=427, N_lam=16) from table_tree_cut1000_r2.npz
[etl-callable] loaded 6/6 nonzero channels ('zeta_TTT', 'zeta_TTP', 'zeta_TPP', 'zeta_PPP', 'zeta_Bmod', 'zeta_Dmod') (U=427, N_lam=16) from table_tree_cut1000_r2.npz
[etl-callable] loaded 6/6 nonzero channels ('zeta_TTT', 'zeta_TTP', 'zeta_TPP', 'zeta_PPP', 'zeta_Bmod', 'zeta_Dmod') (U=427, N_lam=16) from table_tree_cut1000_r2.npz
[etl-callable] loaded 6/6 nonzero channels ('zeta_TTT', 'zeta_TTP', 'zeta_TPP', 'zeta_PPP', 'zeta_Bmod', 'zeta_Dmod') (U=427, N_lam=16) from table_tree_cut1000_r2.npz
[etl-callable] loaded 6/6 nonzero channels ('zeta_TTT', 'zeta_TTP', 'zeta_TPP', 'zeta_PPP', 'zeta_Bmod', 'zeta_Dmod') (U=427, N_lam=16) from table_tree_cut1000_r2.npz
[etl-callable] loaded 6/6 nonzero channels ('zeta_TTT', 'zeta_TTP', 'zeta_TPP', 'zeta_PPP', 'zeta_Bmod', 'zeta_Dmod') (U=427, N_lam=16) from table_tree_cut1000_r2.npz
[etl-callable] loaded 6/6 nonzero channels ('zeta_TTT', 'zeta_TTP', 'zeta_TPP', 'zeta_PPP', 'zeta_Bmod', 'zeta_Dmod') (U=427, N_lam=16) from table_tree_cut1000_r2.npz
[run_FF_single] done in 139.4 s
[etl-callable] loaded 6/6 nonzero channels ('zeta_TTT', 'zeta_TTP', 'zeta_TPP', 'zeta_PPP', 'zeta_Bmod', 'zeta_Dmod') (U=427, N_lam=16) from table_tree_cut1000_r2.npz
[etl-callable] loaded 6/6 nonzero channels ('zeta_TTT', 'zeta_TTP', 'zeta_TPP', 'zeta_PPP', 'zeta_Bmod', 'zeta_Dmod') (U=427, N_lam=16) from table_tree_cut1000_r2.npz
[etl-callable] loaded 6/6 nonzero channels ('zeta_TTT', 'zeta_TTP', 'zeta_TPP', 'zeta_PPP', 'zeta_Bmod', 'zeta_Dmod') (U=427, N_lam=16) from table_tree_cut1000_r2.npz
[fk] /opt/homebrew/Caskroom/miniconda/base/envs/sft-wick/bin/python /Users/zzhang/Documents/MyDrafts/STF_lensing/SFT-lensing-paper-analyses/sachs_sft/scripts/run_FF_single.py /Users/zzhang/Documents/MyDrafts/STF_lensing/SFT-lensing-paper-analyses/sachs_sft/scripts/inputs/kappa2_grid_lcut0_low_empty.npz /Users/zzhang/Documents/MyDrafts/STF_lensing/driver_field_emulators/products/table_tree_cut1000_r2_xi.npz
[fk] wrote /Users/zzhang/Documents/MyDrafts/STF_lensing/driver_field_emulators/products/table_tree_cut1000_r2_xi.npz
[run_FF_single] kappa2 = kappa2_grid_lcut0_low_empty.npz
[run_FF_single] sigma2 = disabled
[run_FF_single] sweep.n_gauss = 24
[run_FF_single] expand.orders = (0, 2)
[run_FF_single] -> /Users/zzhang/Documents/MyDrafts/STF_lensing/driver_field_emulators/products/table_reproduce_deployed_xi.npz
[etl-callable] loaded 6/6 nonzero channels ('zeta_TTT', 'zeta_TTP', 'zeta_TPP', 'zeta_PPP', 'zeta_Bmod', 'zeta_Dmod') (U=351, N_lam=16) from table_reproduce_deployed.npz
[etl-callable] loaded 6/6 nonzero channels ('zeta_TTT', 'zeta_TTP', 'zeta_TPP', 'zeta_PPP', 'zeta_Bmod', 'zeta_Dmod') (U=351, N_lam=16) from table_reproduce_deployed.npz
[etl-callable] loaded 6/6 nonzero channels ('zeta_TTT', 'zeta_TTP', 'zeta_TPP', 'zeta_PPP', 'zeta_Bmod', 'zeta_Dmod') (U=351, N_lam=16) from table_reproduce_deployed.npz
/opt/homebrew/Caskroom/miniconda/base/envs/sft-wick/lib/python3.14/site-packages/joblib/externals/loky/process_executor.py:782: UserWarning: A worker stopped while some jobs were given to the executor. This can be caused by a too short worker timeout or by a memory leak.
  warnings.warn(
[etl-callable] loaded 6/6 nonzero channels ('zeta_TTT', 'zeta_TTP', 'zeta_TPP', 'zeta_PPP', 'zeta_Bmod', 'zeta_Dmod') (U=351, N_lam=16) from table_reproduce_deployed.npz
[etl-callable] loaded 6/6 nonzero channels ('zeta_TTT', 'zeta_TTP', 'zeta_TPP', 'zeta_PPP', 'zeta_Bmod', 'zeta_Dmod') (U=351, N_lam=16) from table_reproduce_deployed.npz
[etl-callable] loaded 6/6 nonzero channels ('zeta_TTT', 'zeta_TTP', 'zeta_TPP', 'zeta_PPP', 'zeta_Bmod', 'zeta_Dmod') (U=351, N_lam=16) from table_reproduce_deployed.npz
[etl-callable] loaded 6/6 nonzero channels ('zeta_TTT', 'zeta_TTP', 'zeta_TPP', 'zeta_PPP', 'zeta_Bmod', 'zeta_Dmod') (U=351, N_lam=16) from table_reproduce_deployed.npz
[etl-callable] loaded 6/6 nonzero channels ('zeta_TTT', 'zeta_TTP', 'zeta_TPP', 'zeta_PPP', 'zeta_Bmod', 'zeta_Dmod') (U=351, N_lam=16) from table_reproduce_deployed.npz
[etl-callable] loaded 6/6 nonzero channels ('zeta_TTT', 'zeta_TTP', 'zeta_TPP', 'zeta_PPP', 'zeta_Bmod', 'zeta_Dmod') (U=351, N_lam=16) from table_reproduce_deployed.npz
[etl-callable] loaded 6/6 nonzero channels ('zeta_TTT', 'zeta_TTP', 'zeta_TPP', 'zeta_PPP', 'zeta_Bmod', 'zeta_Dmod') (U=351, N_lam=16) from table_reproduce_deployed.npz
[etl-callable] loaded 6/6 nonzero channels ('zeta_TTT', 'zeta_TTP', 'zeta_TPP', 'zeta_PPP', 'zeta_Bmod', 'zeta_Dmod') (U=351, N_lam=16) from table_reproduce_deployed.npz
[etl-callable] loaded 6/6 nonzero channels ('zeta_TTT', 'zeta_TTP', 'zeta_TPP', 'zeta_PPP', 'zeta_Bmod', 'zeta_Dmod') (U=351, N_lam=16) from table_reproduce_deployed.npz
[etl-callable] loaded 6/6 nonzero channels ('zeta_TTT', 'zeta_TTP', 'zeta_TPP', 'zeta_PPP', 'zeta_Bmod', 'zeta_Dmod') (U=351, N_lam=16) from table_reproduce_deployed.npz
[etl-callable] loaded 6/6 nonzero channels ('zeta_TTT', 'zeta_TTP', 'zeta_TPP', 'zeta_PPP', 'zeta_Bmod', 'zeta_Dmod') (U=351, N_lam=16) from table_reproduce_deployed.npz
[etl-callable] loaded 6/6 nonzero channels ('zeta_TTT', 'zeta_TTP', 'zeta_TPP', 'zeta_PPP', 'zeta_Bmod', 'zeta_Dmod') (U=351, N_lam=16) from table_reproduce_deployed.npz
[etl-callable] loaded 6/6 nonzero channels ('zeta_TTT', 'zeta_TTP', 'zeta_TPP', 'zeta_PPP', 'zeta_Bmod', 'zeta_Dmod') (U=351, N_lam=16) from table_reproduce_deployed.npz
[etl-callable] loaded 6/6 nonzero channels ('zeta_TTT', 'zeta_TTP', 'zeta_TPP', 'zeta_PPP', 'zeta_Bmod', 'zeta_Dmod') (U=351, N_lam=16) from table_reproduce_deployed.npz
[etl-callable] loaded 6/6 nonzero channels ('zeta_TTT', 'zeta_TTP', 'zeta_TPP', 'zeta_PPP', 'zeta_Bmod', 'zeta_Dmod') (U=351, N_lam=16) from table_reproduce_deployed.npz
[etl-callable] loaded 6/6 nonzero channels ('zeta_TTT', 'zeta_TTP', 'zeta_TPP', 'zeta_PPP', 'zeta_Bmod', 'zeta_Dmod') (U=351, N_lam=16) from table_reproduce_deployed.npz
[etl-callable] loaded 6/6 nonzero channels ('zeta_TTT', 'zeta_TTP', 'zeta_TPP', 'zeta_PPP', 'zeta_Bmod', 'zeta_Dmod') (U=351, N_lam=16) from table_reproduce_deployed.npz
[etl-callable] loaded 6/6 nonzero channels ('zeta_TTT', 'zeta_TTP', 'zeta_TPP', 'zeta_PPP', 'zeta_Bmod', 'zeta_Dmod') (U=351, N_lam=16) from table_reproduce_deployed.npz
[etl-callable] loaded 6/6 nonzero channels ('zeta_TTT', 'zeta_TTP', 'zeta_TPP', 'zeta_PPP', 'zeta_Bmod', 'zeta_Dmod') (U=351, N_lam=16) from table_reproduce_deployed.npz
[etl-callable] loaded 6/6 nonzero channels ('zeta_TTT', 'zeta_TTP', 'zeta_TPP', 'zeta_PPP', 'zeta_Bmod', 'zeta_Dmod') (U=351, N_lam=16) from table_reproduce_deployed.npz
[etl-callable] loaded 6/6 nonzero channels ('zeta_TTT', 'zeta_TTP', 'zeta_TPP', 'zeta_PPP', 'zeta_Bmod', 'zeta_Dmod') (U=351, N_lam=16) from table_reproduce_deployed.npz
[etl-callable] loaded 6/6 nonzero channels ('zeta_TTT', 'zeta_TTP', 'zeta_TPP', 'zeta_PPP', 'zeta_Bmod', 'zeta_Dmod') (U=351, N_lam=16) from table_reproduce_deployed.npz
[etl-callable] loaded 6/6 nonzero channels ('zeta_TTT', 'zeta_TTP', 'zeta_TPP', 'zeta_PPP', 'zeta_Bmod', 'zeta_Dmod') (U=351, N_lam=16) from table_reproduce_deployed.npz
[etl-callable] loaded 6/6 nonzero channels ('zeta_TTT', 'zeta_TTP', 'zeta_TPP', 'zeta_PPP', 'zeta_Bmod', 'zeta_Dmod') (U=351, N_lam=16) from table_reproduce_deployed.npz
[etl-callable] loaded 6/6 nonzero channels ('zeta_TTT', 'zeta_TTP', 'zeta_TPP', 'zeta_PPP', 'zeta_Bmod', 'zeta_Dmod') (U=351, N_lam=16) from table_reproduce_deployed.npz
[etl-callable] loaded 6/6 nonzero channels ('zeta_TTT', 'zeta_TTP', 'zeta_TPP', 'zeta_PPP', 'zeta_Bmod', 'zeta_Dmod') (U=351, N_lam=16) from table_reproduce_deployed.npz
[etl-callable] loaded 6/6 nonzero channels ('zeta_TTT', 'zeta_TTP', 'zeta_TPP', 'zeta_PPP', 'zeta_Bmod', 'zeta_Dmod') (U=351, N_lam=16) from table_reproduce_deployed.npz
[etl-callable] loaded 6/6 nonzero channels ('zeta_TTT', 'zeta_TTP', 'zeta_TPP', 'zeta_PPP', 'zeta_Bmod', 'zeta_Dmod') (U=351, N_lam=16) from table_reproduce_deployed.npz
[etl-callable] loaded 6/6 nonzero channels ('zeta_TTT', 'zeta_TTP', 'zeta_TPP', 'zeta_PPP', 'zeta_Bmod', 'zeta_Dmod') (U=351, N_lam=16) from table_reproduce_deployed.npz
[etl-callable] loaded 6/6 nonzero channels ('zeta_TTT', 'zeta_TTP', 'zeta_TPP', 'zeta_PPP', 'zeta_Bmod', 'zeta_Dmod') (U=351, N_lam=16) from table_reproduce_deployed.npz
[etl-callable] loaded 6/6 nonzero channels ('zeta_TTT', 'zeta_TTP', 'zeta_TPP', 'zeta_PPP', 'zeta_Bmod', 'zeta_Dmod') (U=351, N_lam=16) from table_reproduce_deployed.npz
[etl-callable] loaded 6/6 nonzero channels ('zeta_TTT', 'zeta_TTP', 'zeta_TPP', 'zeta_PPP', 'zeta_Bmod', 'zeta_Dmod') (U=351, N_lam=16) from table_reproduce_deployed.npz
[etl-callable] loaded 6/6 nonzero channels ('zeta_TTT', 'zeta_TTP', 'zeta_TPP', 'zeta_PPP', 'zeta_Bmod', 'zeta_Dmod') (U=351, N_lam=16) from table_reproduce_deployed.npz
[etl-callable] loaded 6/6 nonzero channels ('zeta_TTT', 'zeta_TTP', 'zeta_TPP', 'zeta_PPP', 'zeta_Bmod', 'zeta_Dmod') (U=351, N_lam=16) from table_reproduce_deployed.npz
[etl-callable] loaded 6/6 nonzero channels ('zeta_TTT', 'zeta_TTP', 'zeta_TPP', 'zeta_PPP', 'zeta_Bmod', 'zeta_Dmod') (U=351, N_lam=16) from table_reproduce_deployed.npz
[etl-callable] loaded 6/6 nonzero channels ('zeta_TTT', 'zeta_TTP', 'zeta_TPP', 'zeta_PPP', 'zeta_Bmod', 'zeta_Dmod') (U=351, N_lam=16) from table_reproduce_deployed.npz
[etl-callable] loaded 6/6 nonzero channels ('zeta_TTT', 'zeta_TTP', 'zeta_TPP', 'zeta_PPP', 'zeta_Bmod', 'zeta_Dmod') (U=351, N_lam=16) from table_reproduce_deployed.npz
[etl-callable] loaded 6/6 nonzero channels ('zeta_TTT', 'zeta_TTP', 'zeta_TPP', 'zeta_PPP', 'zeta_Bmod', 'zeta_Dmod') (U=351, N_lam=16) from table_reproduce_deployed.npz
[etl-callable] loaded 6/6 nonzero channels ('zeta_TTT', 'zeta_TTP', 'zeta_TPP', 'zeta_PPP', 'zeta_Bmod', 'zeta_Dmod') (U=351, N_lam=16) from table_reproduce_deployed.npz
[etl-callable] loaded 6/6 nonzero channels ('zeta_TTT', 'zeta_TTP', 'zeta_TPP', 'zeta_PPP', 'zeta_Bmod', 'zeta_Dmod') (U=351, N_lam=16) from table_reproduce_deployed.npz
[etl-callable] loaded 6/6 nonzero channels ('zeta_TTT', 'zeta_TTP', 'zeta_TPP', 'zeta_PPP', 'zeta_Bmod', 'zeta_Dmod') (U=351, N_lam=16) from table_reproduce_deployed.npz
[etl-callable] loaded 6/6 nonzero channels ('zeta_TTT', 'zeta_TTP', 'zeta_TPP', 'zeta_PPP', 'zeta_Bmod', 'zeta_Dmod') (U=351, N_lam=16) from table_reproduce_deployed.npz
[etl-callable] loaded 6/6 nonzero channels ('zeta_TTT', 'zeta_TTP', 'zeta_TPP', 'zeta_PPP', 'zeta_Bmod', 'zeta_Dmod') (U=351, N_lam=16) from table_reproduce_deployed.npz
[etl-callable] loaded 6/6 nonzero channels ('zeta_TTT', 'zeta_TTP', 'zeta_TPP', 'zeta_PPP', 'zeta_Bmod', 'zeta_Dmod') (U=351, N_lam=16) from table_reproduce_deployed.npz
[etl-callable] loaded 6/6 nonzero channels ('zeta_TTT', 'zeta_TTP', 'zeta_TPP', 'zeta_PPP', 'zeta_Bmod', 'zeta_Dmod') (U=351, N_lam=16) from table_reproduce_deployed.npz
[etl-callable] loaded 6/6 nonzero channels ('zeta_TTT', 'zeta_TTP', 'zeta_TPP', 'zeta_PPP', 'zeta_Bmod', 'zeta_Dmod') (U=351, N_lam=16) from table_reproduce_deployed.npz
[etl-callable] loaded 6/6 nonzero channels ('zeta_TTT', 'zeta_TTP', 'zeta_TPP', 'zeta_PPP', 'zeta_Bmod', 'zeta_Dmod') (U=351, N_lam=16) from table_reproduce_deployed.npz
[etl-callable] loaded 6/6 nonzero channels ('zeta_TTT', 'zeta_TTP', 'zeta_TPP', 'zeta_PPP', 'zeta_Bmod', 'zeta_Dmod') (U=351, N_lam=16) from table_reproduce_deployed.npz
[etl-callable] loaded 6/6 nonzero channels ('zeta_TTT', 'zeta_TTP', 'zeta_TPP', 'zeta_PPP', 'zeta_Bmod', 'zeta_Dmod') (U=351, N_lam=16) from table_reproduce_deployed.npz
[etl-callable] loaded 6/6 nonzero channels ('zeta_TTT', 'zeta_TTP', 'zeta_TPP', 'zeta_PPP', 'zeta_Bmod', 'zeta_Dmod') (U=351, N_lam=16) from table_reproduce_deployed.npz
[etl-callable] loaded 6/6 nonzero channels ('zeta_TTT', 'zeta_TTP', 'zeta_TPP', 'zeta_PPP', 'zeta_Bmod', 'zeta_Dmod') (U=351, N_lam=16) from table_reproduce_deployed.npz
[etl-callable] loaded 6/6 nonzero channels ('zeta_TTT', 'zeta_TTP', 'zeta_TPP', 'zeta_PPP', 'zeta_Bmod', 'zeta_Dmod') (U=351, N_lam=16) from table_reproduce_deployed.npz
[etl-callable] loaded 6/6 nonzero channels ('zeta_TTT', 'zeta_TTP', 'zeta_TPP', 'zeta_PPP', 'zeta_Bmod', 'zeta_Dmod') (U=351, N_lam=16) from table_reproduce_deployed.npz
[etl-callable] loaded 6/6 nonzero channels ('zeta_TTT', 'zeta_TTP', 'zeta_TPP', 'zeta_PPP', 'zeta_Bmod', 'zeta_Dmod') (U=351, N_lam=16) from table_reproduce_deployed.npz
[etl-callable] loaded 6/6 nonzero channels ('zeta_TTT', 'zeta_TTP', 'zeta_TPP', 'zeta_PPP', 'zeta_Bmod', 'zeta_Dmod') (U=351, N_lam=16) from table_reproduce_deployed.npz
[etl-callable] loaded 6/6 nonzero channels ('zeta_TTT', 'zeta_TTP', 'zeta_TPP', 'zeta_PPP', 'zeta_Bmod', 'zeta_Dmod') (U=351, N_lam=16) from table_reproduce_deployed.npz
[etl-callable] loaded 6/6 nonzero channels ('zeta_TTT', 'zeta_TTP', 'zeta_TPP', 'zeta_PPP', 'zeta_Bmod', 'zeta_Dmod') (U=351, N_lam=16) from table_reproduce_deployed.npz
[etl-callable] loaded 6/6 nonzero channels ('zeta_TTT', 'zeta_TTP', 'zeta_TPP', 'zeta_PPP', 'zeta_Bmod', 'zeta_Dmod') (U=351, N_lam=16) from table_reproduce_deployed.npz
[etl-callable] loaded 6/6 nonzero channels ('zeta_TTT', 'zeta_TTP', 'zeta_TPP', 'zeta_PPP', 'zeta_Bmod', 'zeta_Dmod') (U=351, N_lam=16) from table_reproduce_deployed.npz
[etl-callable] loaded 6/6 nonzero channels ('zeta_TTT', 'zeta_TTP', 'zeta_TPP', 'zeta_PPP', 'zeta_Bmod', 'zeta_Dmod') (U=351, N_lam=16) from table_reproduce_deployed.npz
[etl-callable] loaded 6/6 nonzero channels ('zeta_TTT', 'zeta_TTP', 'zeta_TPP', 'zeta_PPP', 'zeta_Bmod', 'zeta_Dmod') (U=351, N_lam=16) from table_reproduce_deployed.npz
[etl-callable] loaded 6/6 nonzero channels ('zeta_TTT', 'zeta_TTP', 'zeta_TPP', 'zeta_PPP', 'zeta_Bmod', 'zeta_Dmod') (U=351, N_lam=16) from table_reproduce_deployed.npz
[etl-callable] loaded 6/6 nonzero channels ('zeta_TTT', 'zeta_TTP', 'zeta_TPP', 'zeta_PPP', 'zeta_Bmod', 'zeta_Dmod') (U=351, N_lam=16) from table_reproduce_deployed.npz
[etl-callable] loaded 6/6 nonzero channels ('zeta_TTT', 'zeta_TTP', 'zeta_TPP', 'zeta_PPP', 'zeta_Bmod', 'zeta_Dmod') (U=351, N_lam=16) from table_reproduce_deployed.npz
[etl-callable] loaded 6/6 nonzero channels ('zeta_TTT', 'zeta_TTP', 'zeta_TPP', 'zeta_PPP', 'zeta_Bmod', 'zeta_Dmod') (U=351, N_lam=16) from table_reproduce_deployed.npz
[etl-callable] loaded 6/6 nonzero channels ('zeta_TTT', 'zeta_TTP', 'zeta_TPP', 'zeta_PPP', 'zeta_Bmod', 'zeta_Dmod') (U=351, N_lam=16) from table_reproduce_deployed.npz
[etl-callable] loaded 6/6 nonzero channels ('zeta_TTT', 'zeta_TTP', 'zeta_TPP', 'zeta_PPP', 'zeta_Bmod', 'zeta_Dmod') (U=351, N_lam=16) from table_reproduce_deployed.npz
[etl-callable] loaded 6/6 nonzero channels ('zeta_TTT', 'zeta_TTP', 'zeta_TPP', 'zeta_PPP', 'zeta_Bmod', 'zeta_Dmod') (U=351, N_lam=16) from table_reproduce_deployed.npz
[etl-callable] loaded 6/6 nonzero channels ('zeta_TTT', 'zeta_TTP', 'zeta_TPP', 'zeta_PPP', 'zeta_Bmod', 'zeta_Dmod') (U=351, N_lam=16) from table_reproduce_deployed.npz
[etl-callable] loaded 6/6 nonzero channels ('zeta_TTT', 'zeta_TTP', 'zeta_TPP', 'zeta_PPP', 'zeta_Bmod', 'zeta_Dmod') (U=351, N_lam=16) from table_reproduce_deployed.npz
[etl-callable] loaded 6/6 nonzero channels ('zeta_TTT', 'zeta_TTP', 'zeta_TPP', 'zeta_PPP', 'zeta_Bmod', 'zeta_Dmod') (U=351, N_lam=16) from table_reproduce_deployed.npz
[etl-callable] loaded 6/6 nonzero channels ('zeta_TTT', 'zeta_TTP', 'zeta_TPP', 'zeta_PPP', 'zeta_Bmod', 'zeta_Dmod') (U=351, N_lam=16) from table_reproduce_deployed.npz
[etl-callable] loaded 6/6 nonzero channels ('zeta_TTT', 'zeta_TTP', 'zeta_TPP', 'zeta_PPP', 'zeta_Bmod', 'zeta_Dmod') (U=351, N_lam=16) from table_reproduce_deployed.npz
[etl-callable] loaded 6/6 nonzero channels ('zeta_TTT', 'zeta_TTP', 'zeta_TPP', 'zeta_PPP', 'zeta_Bmod', 'zeta_Dmod') (U=351, N_lam=16) from table_reproduce_deployed.npz
[etl-callable] loaded 6/6 nonzero channels ('zeta_TTT', 'zeta_TTP', 'zeta_TPP', 'zeta_PPP', 'zeta_Bmod', 'zeta_Dmod') (U=351, N_lam=16) from table_reproduce_deployed.npz
[etl-callable] loaded 6/6 nonzero channels ('zeta_TTT', 'zeta_TTP', 'zeta_TPP', 'zeta_PPP', 'zeta_Bmod', 'zeta_Dmod') (U=351, N_lam=16) from table_reproduce_deployed.npz
[etl-callable] loaded 6/6 nonzero channels ('zeta_TTT', 'zeta_TTP', 'zeta_TPP', 'zeta_PPP', 'zeta_Bmod', 'zeta_Dmod') (U=351, N_lam=16) from table_reproduce_deployed.npz
[etl-callable] loaded 6/6 nonzero channels ('zeta_TTT', 'zeta_TTP', 'zeta_TPP', 'zeta_PPP', 'zeta_Bmod', 'zeta_Dmod') (U=351, N_lam=16) from table_reproduce_deployed.npz
[etl-callable] loaded 6/6 nonzero channels ('zeta_TTT', 'zeta_TTP', 'zeta_TPP', 'zeta_PPP', 'zeta_Bmod', 'zeta_Dmod') (U=351, N_lam=16) from table_reproduce_deployed.npz
[etl-callable] loaded 6/6 nonzero channels ('zeta_TTT', 'zeta_TTP', 'zeta_TPP', 'zeta_PPP', 'zeta_Bmod', 'zeta_Dmod') (U=351, N_lam=16) from table_reproduce_deployed.npz
[etl-callable] loaded 6/6 nonzero channels ('zeta_TTT', 'zeta_TTP', 'zeta_TPP', 'zeta_PPP', 'zeta_Bmod', 'zeta_Dmod') (U=351, N_lam=16) from table_reproduce_deployed.npz
[etl-callable] loaded 6/6 nonzero channels ('zeta_TTT', 'zeta_TTP', 'zeta_TPP', 'zeta_PPP', 'zeta_Bmod', 'zeta_Dmod') (U=351, N_lam=16) from table_reproduce_deployed.npz
[etl-callable] loaded 6/6 nonzero channels ('zeta_TTT', 'zeta_TTP', 'zeta_TPP', 'zeta_PPP', 'zeta_Bmod', 'zeta_Dmod') (U=351, N_lam=16) from table_reproduce_deployed.npz
[etl-callable] loaded 6/6 nonzero channels ('zeta_TTT', 'zeta_TTP', 'zeta_TPP', 'zeta_PPP', 'zeta_Bmod', 'zeta_Dmod') (U=351, N_lam=16) from table_reproduce_deployed.npz
[etl-callable] loaded 6/6 nonzero channels ('zeta_TTT', 'zeta_TTP', 'zeta_TPP', 'zeta_PPP', 'zeta_Bmod', 'zeta_Dmod') (U=351, N_lam=16) from table_reproduce_deployed.npz
[etl-callable] loaded 6/6 nonzero channels ('zeta_TTT', 'zeta_TTP', 'zeta_TPP', 'zeta_PPP', 'zeta_Bmod', 'zeta_Dmod') (U=351, N_lam=16) from table_reproduce_deployed.npz
[etl-callable] loaded 6/6 nonzero channels ('zeta_TTT', 'zeta_TTP', 'zeta_TPP', 'zeta_PPP', 'zeta_Bmod', 'zeta_Dmod') (U=351, N_lam=16) from table_reproduce_deployed.npz
[etl-callable] loaded 6/6 nonzero channels ('zeta_TTT', 'zeta_TTP', 'zeta_TPP', 'zeta_PPP', 'zeta_Bmod', 'zeta_Dmod') (U=351, N_lam=16) from table_reproduce_deployed.npz
[etl-callable] loaded 6/6 nonzero channels ('zeta_TTT', 'zeta_TTP', 'zeta_TPP', 'zeta_PPP', 'zeta_Bmod', 'zeta_Dmod') (U=351, N_lam=16) from table_reproduce_deployed.npz
[etl-callable] loaded 6/6 nonzero channels ('zeta_TTT', 'zeta_TTP', 'zeta_TPP', 'zeta_PPP', 'zeta_Bmod', 'zeta_Dmod') (U=351, N_lam=16) from table_reproduce_deployed.npz
[etl-callable] loaded 6/6 nonzero channels ('zeta_TTT', 'zeta_TTP', 'zeta_TPP', 'zeta_PPP', 'zeta_Bmod', 'zeta_Dmod') (U=351, N_lam=16) from table_reproduce_deployed.npz
[etl-callable] loaded 6/6 nonzero channels ('zeta_TTT', 'zeta_TTP', 'zeta_TPP', 'zeta_PPP', 'zeta_Bmod', 'zeta_Dmod') (U=351, N_lam=16) from table_reproduce_deployed.npz
[etl-callable] loaded 6/6 nonzero channels ('zeta_TTT', 'zeta_TTP', 'zeta_TPP', 'zeta_PPP', 'zeta_Bmod', 'zeta_Dmod') (U=351, N_lam=16) from table_reproduce_deployed.npz
[etl-callable] loaded 6/6 nonzero channels ('zeta_TTT', 'zeta_TTP', 'zeta_TPP', 'zeta_PPP', 'zeta_Bmod', 'zeta_Dmod') (U=351, N_lam=16) from table_reproduce_deployed.npz
[etl-callable] loaded 6/6 nonzero channels ('zeta_TTT', 'zeta_TTP', 'zeta_TPP', 'zeta_PPP', 'zeta_Bmod', 'zeta_Dmod') (U=351, N_lam=16) from table_reproduce_deployed.npz
[etl-callable] loaded 6/6 nonzero channels ('zeta_TTT', 'zeta_TTP', 'zeta_TPP', 'zeta_PPP', 'zeta_Bmod', 'zeta_Dmod') (U=351, N_lam=16) from table_reproduce_deployed.npz
[etl-callable] loaded 6/6 nonzero channels ('zeta_TTT', 'zeta_TTP', 'zeta_TPP', 'zeta_PPP', 'zeta_Bmod', 'zeta_Dmod') (U=351, N_lam=16) from table_reproduce_deployed.npz
[etl-callable] loaded 6/6 nonzero channels ('zeta_TTT', 'zeta_TTP', 'zeta_TPP', 'zeta_PPP', 'zeta_Bmod', 'zeta_Dmod') (U=351, N_lam=16) from table_reproduce_deployed.npz
[etl-callable] loaded 6/6 nonzero channels ('zeta_TTT', 'zeta_TTP', 'zeta_TPP', 'zeta_PPP', 'zeta_Bmod', 'zeta_Dmod') (U=351, N_lam=16) from table_reproduce_deployed.npz
[etl-callable] loaded 6/6 nonzero channels ('zeta_TTT', 'zeta_TTP', 'zeta_TPP', 'zeta_PPP', 'zeta_Bmod', 'zeta_Dmod') (U=351, N_lam=16) from table_reproduce_deployed.npz
[etl-callable] loaded 6/6 nonzero channels ('zeta_TTT', 'zeta_TTP', 'zeta_TPP', 'zeta_PPP', 'zeta_Bmod', 'zeta_Dmod') (U=351, N_lam=16) from table_reproduce_deployed.npz
[etl-callable] loaded 6/6 nonzero channels ('zeta_TTT', 'zeta_TTP', 'zeta_TPP', 'zeta_PPP', 'zeta_Bmod', 'zeta_Dmod') (U=351, N_lam=16) from table_reproduce_deployed.npz
[etl-callable] loaded 6/6 nonzero channels ('zeta_TTT', 'zeta_TTP', 'zeta_TPP', 'zeta_PPP', 'zeta_Bmod', 'zeta_Dmod') (U=351, N_lam=16) from table_reproduce_deployed.npz
[etl-callable] loaded 6/6 nonzero channels ('zeta_TTT', 'zeta_TTP', 'zeta_TPP', 'zeta_PPP', 'zeta_Bmod', 'zeta_Dmod') (U=351, N_lam=16) from table_reproduce_deployed.npz
[etl-callable] loaded 6/6 nonzero channels ('zeta_TTT', 'zeta_TTP', 'zeta_TPP', 'zeta_PPP', 'zeta_Bmod', 'zeta_Dmod') (U=351, N_lam=16) from table_reproduce_deployed.npz
[etl-callable] loaded 6/6 nonzero channels ('zeta_TTT', 'zeta_TTP', 'zeta_TPP', 'zeta_PPP', 'zeta_Bmod', 'zeta_Dmod') (U=351, N_lam=16) from table_reproduce_deployed.npz
[etl-callable] loaded 6/6 nonzero channels ('zeta_TTT', 'zeta_TTP', 'zeta_TPP', 'zeta_PPP', 'zeta_Bmod', 'zeta_Dmod') (U=351, N_lam=16) from table_reproduce_deployed.npz
[etl-callable] loaded 6/6 nonzero channels ('zeta_TTT', 'zeta_TTP', 'zeta_TPP', 'zeta_PPP', 'zeta_Bmod', 'zeta_Dmod') (U=351, N_lam=16) from table_reproduce_deployed.npz
[etl-callable] loaded 6/6 nonzero channels ('zeta_TTT', 'zeta_TTP', 'zeta_TPP', 'zeta_PPP', 'zeta_Bmod', 'zeta_Dmod') (U=351, N_lam=16) from table_reproduce_deployed.npz
[etl-callable] loaded 6/6 nonzero channels ('zeta_TTT', 'zeta_TTP', 'zeta_TPP', 'zeta_PPP', 'zeta_Bmod', 'zeta_Dmod') (U=351, N_lam=16) from table_reproduce_deployed.npz
[etl-callable] loaded 6/6 nonzero channels ('zeta_TTT', 'zeta_TTP', 'zeta_TPP', 'zeta_PPP', 'zeta_Bmod', 'zeta_Dmod') (U=351, N_lam=16) from table_reproduce_deployed.npz
[etl-callable] loaded 6/6 nonzero channels ('zeta_TTT', 'zeta_TTP', 'zeta_TPP', 'zeta_PPP', 'zeta_Bmod', 'zeta_Dmod') (U=351, N_lam=16) from table_reproduce_deployed.npz
[etl-callable] loaded 6/6 nonzero channels ('zeta_TTT', 'zeta_TTP', 'zeta_TPP', 'zeta_PPP', 'zeta_Bmod', 'zeta_Dmod') (U=351, N_lam=16) from table_reproduce_deployed.npz
[etl-callable] loaded 6/6 nonzero channels ('zeta_TTT', 'zeta_TTP', 'zeta_TPP', 'zeta_PPP', 'zeta_Bmod', 'zeta_Dmod') (U=351, N_lam=16) from table_reproduce_deployed.npz
[etl-callable] loaded 6/6 nonzero channels ('zeta_TTT', 'zeta_TTP', 'zeta_TPP', 'zeta_PPP', 'zeta_Bmod', 'zeta_Dmod') (U=351, N_lam=16) from table_reproduce_deployed.npz
[etl-callable] loaded 6/6 nonzero channels ('zeta_TTT', 'zeta_TTP', 'zeta_TPP', 'zeta_PPP', 'zeta_Bmod', 'zeta_Dmod') (U=351, N_lam=16) from table_reproduce_deployed.npz
[etl-callable] loaded 6/6 nonzero channels ('zeta_TTT', 'zeta_TTP', 'zeta_TPP', 'zeta_PPP', 'zeta_Bmod', 'zeta_Dmod') (U=351, N_lam=16) from table_reproduce_deployed.npz
[etl-callable] loaded 6/6 nonzero channels ('zeta_TTT', 'zeta_TTP', 'zeta_TPP', 'zeta_PPP', 'zeta_Bmod', 'zeta_Dmod') (U=351, N_lam=16) from table_reproduce_deployed.npz
[etl-callable] loaded 6/6 nonzero channels ('zeta_TTT', 'zeta_TTP', 'zeta_TPP', 'zeta_PPP', 'zeta_Bmod', 'zeta_Dmod') (U=351, N_lam=16) from table_reproduce_deployed.npz
[etl-callable] loaded 6/6 nonzero channels ('zeta_TTT', 'zeta_TTP', 'zeta_TPP', 'zeta_PPP', 'zeta_Bmod', 'zeta_Dmod') (U=351, N_lam=16) from table_reproduce_deployed.npz
[etl-callable] loaded 6/6 nonzero channels ('zeta_TTT', 'zeta_TTP', 'zeta_TPP', 'zeta_PPP', 'zeta_Bmod', 'zeta_Dmod') (U=351, N_lam=16) from table_reproduce_deployed.npz
[etl-callable] loaded 6/6 nonzero channels ('zeta_TTT', 'zeta_TTP', 'zeta_TPP', 'zeta_PPP', 'zeta_Bmod', 'zeta_Dmod') (U=351, N_lam=16) from table_reproduce_deployed.npz
[etl-callable] loaded 6/6 nonzero channels ('zeta_TTT', 'zeta_TTP', 'zeta_TPP', 'zeta_PPP', 'zeta_Bmod', 'zeta_Dmod') (U=351, N_lam=16) from table_reproduce_deployed.npz
[etl-callable] loaded 6/6 nonzero channels ('zeta_TTT', 'zeta_TTP', 'zeta_TPP', 'zeta_PPP', 'zeta_Bmod', 'zeta_Dmod') (U=351, N_lam=16) from table_reproduce_deployed.npz
[etl-callable] loaded 6/6 nonzero channels ('zeta_TTT', 'zeta_TTP', 'zeta_TPP', 'zeta_PPP', 'zeta_Bmod', 'zeta_Dmod') (U=351, N_lam=16) from table_reproduce_deployed.npz
[etl-callable] loaded 6/6 nonzero channels ('zeta_TTT', 'zeta_TTP', 'zeta_TPP', 'zeta_PPP', 'zeta_Bmod', 'zeta_Dmod') (U=351, N_lam=16) from table_reproduce_deployed.npz
[etl-callable] loaded 6/6 nonzero channels ('zeta_TTT', 'zeta_TTP', 'zeta_TPP', 'zeta_PPP', 'zeta_Bmod', 'zeta_Dmod') (U=351, N_lam=16) from table_reproduce_deployed.npz
[etl-callable] loaded 6/6 nonzero channels ('zeta_TTT', 'zeta_TTP', 'zeta_TPP', 'zeta_PPP', 'zeta_Bmod', 'zeta_Dmod') (U=351, N_lam=16) from table_reproduce_deployed.npz
[etl-callable] loaded 6/6 nonzero channels ('zeta_TTT', 'zeta_TTP', 'zeta_TPP', 'zeta_PPP', 'zeta_Bmod', 'zeta_Dmod') (U=351, N_lam=16) from table_reproduce_deployed.npz
[etl-callable] loaded 6/6 nonzero channels ('zeta_TTT', 'zeta_TTP', 'zeta_TPP', 'zeta_PPP', 'zeta_Bmod', 'zeta_Dmod') (U=351, N_lam=16) from table_reproduce_deployed.npz
[etl-callable] loaded 6/6 nonzero channels ('zeta_TTT', 'zeta_TTP', 'zeta_TPP', 'zeta_PPP', 'zeta_Bmod', 'zeta_Dmod') (U=351, N_lam=16) from table_reproduce_deployed.npz
[etl-callable] loaded 6/6 nonzero channels ('zeta_TTT', 'zeta_TTP', 'zeta_TPP', 'zeta_PPP', 'zeta_Bmod', 'zeta_Dmod') (U=351, N_lam=16) from table_reproduce_deployed.npz
[etl-callable] loaded 6/6 nonzero channels ('zeta_TTT', 'zeta_TTP', 'zeta_TPP', 'zeta_PPP', 'zeta_Bmod', 'zeta_Dmod') (U=351, N_lam=16) from table_reproduce_deployed.npz
[etl-callable] loaded 6/6 nonzero channels ('zeta_TTT', 'zeta_TTP', 'zeta_TPP', 'zeta_PPP', 'zeta_Bmod', 'zeta_Dmod') (U=351, N_lam=16) from table_reproduce_deployed.npz
[etl-callable] loaded 6/6 nonzero channels ('zeta_TTT', 'zeta_TTP', 'zeta_TPP', 'zeta_PPP', 'zeta_Bmod', 'zeta_Dmod') (U=351, N_lam=16) from table_reproduce_deployed.npz
[etl-callable] loaded 6/6 nonzero channels ('zeta_TTT', 'zeta_TTP', 'zeta_TPP', 'zeta_PPP', 'zeta_Bmod', 'zeta_Dmod') (U=351, N_lam=16) from table_reproduce_deployed.npz
[etl-callable] loaded 6/6 nonzero channels ('zeta_TTT', 'zeta_TTP', 'zeta_TPP', 'zeta_PPP', 'zeta_Bmod', 'zeta_Dmod') (U=351, N_lam=16) from table_reproduce_deployed.npz
[etl-callable] loaded 6/6 nonzero channels ('zeta_TTT', 'zeta_TTP', 'zeta_TPP', 'zeta_PPP', 'zeta_Bmod', 'zeta_Dmod') (U=351, N_lam=16) from table_reproduce_deployed.npz
[etl-callable] loaded 6/6 nonzero channels ('zeta_TTT', 'zeta_TTP', 'zeta_TPP', 'zeta_PPP', 'zeta_Bmod', 'zeta_Dmod') (U=351, N_lam=16) from table_reproduce_deployed.npz
[etl-callable] loaded 6/6 nonzero channels ('zeta_TTT', 'zeta_TTP', 'zeta_TPP', 'zeta_PPP', 'zeta_Bmod', 'zeta_Dmod') (U=351, N_lam=16) from table_reproduce_deployed.npz
[etl-callable] loaded 6/6 nonzero channels ('zeta_TTT', 'zeta_TTP', 'zeta_TPP', 'zeta_PPP', 'zeta_Bmod', 'zeta_Dmod') (U=351, N_lam=16) from table_reproduce_deployed.npz
[etl-callable] loaded 6/6 nonzero channels ('zeta_TTT', 'zeta_TTP', 'zeta_TPP', 'zeta_PPP', 'zeta_Bmod', 'zeta_Dmod') (U=351, N_lam=16) from table_reproduce_deployed.npz
[etl-callable] loaded 6/6 nonzero channels ('zeta_TTT', 'zeta_TTP', 'zeta_TPP', 'zeta_PPP', 'zeta_Bmod', 'zeta_Dmod') (U=351, N_lam=16) from table_reproduce_deployed.npz
[etl-callable] loaded 6/6 nonzero channels ('zeta_TTT', 'zeta_TTP', 'zeta_TPP', 'zeta_PPP', 'zeta_Bmod', 'zeta_Dmod') (U=351, N_lam=16) from table_reproduce_deployed.npz
[etl-callable] loaded 6/6 nonzero channels ('zeta_TTT', 'zeta_TTP', 'zeta_TPP', 'zeta_PPP', 'zeta_Bmod', 'zeta_Dmod') (U=351, N_lam=16) from table_reproduce_deployed.npz
[etl-callable] loaded 6/6 nonzero channels ('zeta_TTT', 'zeta_TTP', 'zeta_TPP', 'zeta_PPP', 'zeta_Bmod', 'zeta_Dmod') (U=351, N_lam=16) from table_reproduce_deployed.npz
[etl-callable] loaded 6/6 nonzero channels ('zeta_TTT', 'zeta_TTP', 'zeta_TPP', 'zeta_PPP', 'zeta_Bmod', 'zeta_Dmod') (U=351, N_lam=16) from table_reproduce_deployed.npz
[etl-callable] loaded 6/6 nonzero channels ('zeta_TTT', 'zeta_TTP', 'zeta_TPP', 'zeta_PPP', 'zeta_Bmod', 'zeta_Dmod') (U=351, N_lam=16) from table_reproduce_deployed.npz
[etl-callable] loaded 6/6 nonzero channels ('zeta_TTT', 'zeta_TTP', 'zeta_TPP', 'zeta_PPP', 'zeta_Bmod', 'zeta_Dmod') (U=351, N_lam=16) from table_reproduce_deployed.npz
[etl-callable] loaded 6/6 nonzero channels ('zeta_TTT', 'zeta_TTP', 'zeta_TPP', 'zeta_PPP', 'zeta_Bmod', 'zeta_Dmod') (U=351, N_lam=16) from table_reproduce_deployed.npz
[etl-callable] loaded 6/6 nonzero channels ('zeta_TTT', 'zeta_TTP', 'zeta_TPP', 'zeta_PPP', 'zeta_Bmod', 'zeta_Dmod') (U=351, N_lam=16) from table_reproduce_deployed.npz
[etl-callable] loaded 6/6 nonzero channels ('zeta_TTT', 'zeta_TTP', 'zeta_TPP', 'zeta_PPP', 'zeta_Bmod', 'zeta_Dmod') (U=351, N_lam=16) from table_reproduce_deployed.npz
[etl-callable] loaded 6/6 nonzero channels ('zeta_TTT', 'zeta_TTP', 'zeta_TPP', 'zeta_PPP', 'zeta_Bmod', 'zeta_Dmod') (U=351, N_lam=16) from table_reproduce_deployed.npz
[etl-callable] loaded 6/6 nonzero channels ('zeta_TTT', 'zeta_TTP', 'zeta_TPP', 'zeta_PPP', 'zeta_Bmod', 'zeta_Dmod') (U=351, N_lam=16) from table_reproduce_deployed.npz
[etl-callable] loaded 6/6 nonzero channels ('zeta_TTT', 'zeta_TTP', 'zeta_TPP', 'zeta_PPP', 'zeta_Bmod', 'zeta_Dmod') (U=351, N_lam=16) from table_reproduce_deployed.npz
[etl-callable] loaded 6/6 nonzero channels ('zeta_TTT', 'zeta_TTP', 'zeta_TPP', 'zeta_PPP', 'zeta_Bmod', 'zeta_Dmod') (U=351, N_lam=16) from table_reproduce_deployed.npz
[etl-callable] loaded 6/6 nonzero channels ('zeta_TTT', 'zeta_TTP', 'zeta_TPP', 'zeta_PPP', 'zeta_Bmod', 'zeta_Dmod') (U=351, N_lam=16) from table_reproduce_deployed.npz
[etl-callable] loaded 6/6 nonzero channels ('zeta_TTT', 'zeta_TTP', 'zeta_TPP', 'zeta_PPP', 'zeta_Bmod', 'zeta_Dmod') (U=351, N_lam=16) from table_reproduce_deployed.npz
[etl-callable] loaded 6/6 nonzero channels ('zeta_TTT', 'zeta_TTP', 'zeta_TPP', 'zeta_PPP', 'zeta_Bmod', 'zeta_Dmod') (U=351, N_lam=16) from table_reproduce_deployed.npz
[etl-callable] loaded 6/6 nonzero channels ('zeta_TTT', 'zeta_TTP', 'zeta_TPP', 'zeta_PPP', 'zeta_Bmod', 'zeta_Dmod') (U=351, N_lam=16) from table_reproduce_deployed.npz
[etl-callable] loaded 6/6 nonzero channels ('zeta_TTT', 'zeta_TTP', 'zeta_TPP', 'zeta_PPP', 'zeta_Bmod', 'zeta_Dmod') (U=351, N_lam=16) from table_reproduce_deployed.npz
[etl-callable] loaded 6/6 nonzero channels ('zeta_TTT', 'zeta_TTP', 'zeta_TPP', 'zeta_PPP', 'zeta_Bmod', 'zeta_Dmod') (U=351, N_lam=16) from table_reproduce_deployed.npz
[etl-callable] loaded 6/6 nonzero channels ('zeta_TTT', 'zeta_TTP', 'zeta_TPP', 'zeta_PPP', 'zeta_Bmod', 'zeta_Dmod') (U=351, N_lam=16) from table_reproduce_deployed.npz
[etl-callable] loaded 6/6 nonzero channels ('zeta_TTT', 'zeta_TTP', 'zeta_TPP', 'zeta_PPP', 'zeta_Bmod', 'zeta_Dmod') (U=351, N_lam=16) from table_reproduce_deployed.npz
[etl-callable] loaded 6/6 nonzero channels ('zeta_TTT', 'zeta_TTP', 'zeta_TPP', 'zeta_PPP', 'zeta_Bmod', 'zeta_Dmod') (U=351, N_lam=16) from table_reproduce_deployed.npz
[etl-callable] loaded 6/6 nonzero channels ('zeta_TTT', 'zeta_TTP', 'zeta_TPP', 'zeta_PPP', 'zeta_Bmod', 'zeta_Dmod') (U=351, N_lam=16) from table_reproduce_deployed.npz
[etl-callable] loaded 6/6 nonzero channels ('zeta_TTT', 'zeta_TTP', 'zeta_TPP', 'zeta_PPP', 'zeta_Bmod', 'zeta_Dmod') (U=351, N_lam=16) from table_reproduce_deployed.npz
[etl-callable] loaded 6/6 nonzero channels ('zeta_TTT', 'zeta_TTP', 'zeta_TPP', 'zeta_PPP', 'zeta_Bmod', 'zeta_Dmod') (U=351, N_lam=16) from table_reproduce_deployed.npz
[etl-callable] loaded 6/6 nonzero channels ('zeta_TTT', 'zeta_TTP', 'zeta_TPP', 'zeta_PPP', 'zeta_Bmod', 'zeta_Dmod') (U=351, N_lam=16) from table_reproduce_deployed.npz
[etl-callable] loaded 6/6 nonzero channels ('zeta_TTT', 'zeta_TTP', 'zeta_TPP', 'zeta_PPP', 'zeta_Bmod', 'zeta_Dmod') (U=351, N_lam=16) from table_reproduce_deployed.npz
[etl-callable] loaded 6/6 nonzero channels ('zeta_TTT', 'zeta_TTP', 'zeta_TPP', 'zeta_PPP', 'zeta_Bmod', 'zeta_Dmod') (U=351, N_lam=16) from table_reproduce_deployed.npz
[etl-callable] loaded 6/6 nonzero channels ('zeta_TTT', 'zeta_TTP', 'zeta_TPP', 'zeta_PPP', 'zeta_Bmod', 'zeta_Dmod') (U=351, N_lam=16) from table_reproduce_deployed.npz
[etl-callable] loaded 6/6 nonzero channels ('zeta_TTT', 'zeta_TTP', 'zeta_TPP', 'zeta_PPP', 'zeta_Bmod', 'zeta_Dmod') (U=351, N_lam=16) from table_reproduce_deployed.npz
[etl-callable] loaded 6/6 nonzero channels ('zeta_TTT', 'zeta_TTP', 'zeta_TPP', 'zeta_PPP', 'zeta_Bmod', 'zeta_Dmod') (U=351, N_lam=16) from table_reproduce_deployed.npz
[etl-callable] loaded 6/6 nonzero channels ('zeta_TTT', 'zeta_TTP', 'zeta_TPP', 'zeta_PPP', 'zeta_Bmod', 'zeta_Dmod') (U=351, N_lam=16) from table_reproduce_deployed.npz
[etl-callable] loaded 6/6 nonzero channels ('zeta_TTT', 'zeta_TTP', 'zeta_TPP', 'zeta_PPP', 'zeta_Bmod', 'zeta_Dmod') (U=351, N_lam=16) from table_reproduce_deployed.npz
[etl-callable] loaded 6/6 nonzero channels ('zeta_TTT', 'zeta_TTP', 'zeta_TPP', 'zeta_PPP', 'zeta_Bmod', 'zeta_Dmod') (U=351, N_lam=16) from table_reproduce_deployed.npz
[etl-callable] loaded 6/6 nonzero channels ('zeta_TTT', 'zeta_TTP', 'zeta_TPP', 'zeta_PPP', 'zeta_Bmod', 'zeta_Dmod') (U=351, N_lam=16) from table_reproduce_deployed.npz
[etl-callable] loaded 6/6 nonzero channels ('zeta_TTT', 'zeta_TTP', 'zeta_TPP', 'zeta_PPP', 'zeta_Bmod', 'zeta_Dmod') (U=351, N_lam=16) from table_reproduce_deployed.npz
[etl-callable] loaded 6/6 nonzero channels ('zeta_TTT', 'zeta_TTP', 'zeta_TPP', 'zeta_PPP', 'zeta_Bmod', 'zeta_Dmod') (U=351, N_lam=16) from table_reproduce_deployed.npz
[etl-callable] loaded 6/6 nonzero channels ('zeta_TTT', 'zeta_TTP', 'zeta_TPP', 'zeta_PPP', 'zeta_Bmod', 'zeta_Dmod') (U=351, N_lam=16) from table_reproduce_deployed.npz
[etl-callable] loaded 6/6 nonzero channels ('zeta_TTT', 'zeta_TTP', 'zeta_TPP', 'zeta_PPP', 'zeta_Bmod', 'zeta_Dmod') (U=351, N_lam=16) from table_reproduce_deployed.npz
[etl-callable] loaded 6/6 nonzero channels ('zeta_TTT', 'zeta_TTP', 'zeta_TPP', 'zeta_PPP', 'zeta_Bmod', 'zeta_Dmod') (U=351, N_lam=16) from table_reproduce_deployed.npz
[etl-callable] loaded 6/6 nonzero channels ('zeta_TTT', 'zeta_TTP', 'zeta_TPP', 'zeta_PPP', 'zeta_Bmod', 'zeta_Dmod') (U=351, N_lam=16) from table_reproduce_deployed.npz
[etl-callable] loaded 6/6 nonzero channels ('zeta_TTT', 'zeta_TTP', 'zeta_TPP', 'zeta_PPP', 'zeta_Bmod', 'zeta_Dmod') (U=351, N_lam=16) from table_reproduce_deployed.npz
[etl-callable] loaded 6/6 nonzero channels ('zeta_TTT', 'zeta_TTP', 'zeta_TPP', 'zeta_PPP', 'zeta_Bmod', 'zeta_Dmod') (U=351, N_lam=16) from table_reproduce_deployed.npz
[etl-callable] loaded 6/6 nonzero channels ('zeta_TTT', 'zeta_TTP', 'zeta_TPP', 'zeta_PPP', 'zeta_Bmod', 'zeta_Dmod') (U=351, N_lam=16) from table_reproduce_deployed.npz
[etl-callable] loaded 6/6 nonzero channels ('zeta_TTT', 'zeta_TTP', 'zeta_TPP', 'zeta_PPP', 'zeta_Bmod', 'zeta_Dmod') (U=351, N_lam=16) from table_reproduce_deployed.npz
[etl-callable] loaded 6/6 nonzero channels ('zeta_TTT', 'zeta_TTP', 'zeta_TPP', 'zeta_PPP', 'zeta_Bmod', 'zeta_Dmod') (U=351, N_lam=16) from table_reproduce_deployed.npz
[etl-callable] loaded 6/6 nonzero channels ('zeta_TTT', 'zeta_TTP', 'zeta_TPP', 'zeta_PPP', 'zeta_Bmod', 'zeta_Dmod') (U=351, N_lam=16) from table_reproduce_deployed.npz
[etl-callable] loaded 6/6 nonzero channels ('zeta_TTT', 'zeta_TTP', 'zeta_TPP', 'zeta_PPP', 'zeta_Bmod', 'zeta_Dmod') (U=351, N_lam=16) from table_reproduce_deployed.npz
[etl-callable] loaded 6/6 nonzero channels ('zeta_TTT', 'zeta_TTP', 'zeta_TPP', 'zeta_PPP', 'zeta_Bmod', 'zeta_Dmod') (U=351, N_lam=16) from table_reproduce_deployed.npz
[etl-callable] loaded 6/6 nonzero channels ('zeta_TTT', 'zeta_TTP', 'zeta_TPP', 'zeta_PPP', 'zeta_Bmod', 'zeta_Dmod') (U=351, N_lam=16) from table_reproduce_deployed.npz
[etl-callable] loaded 6/6 nonzero channels ('zeta_TTT', 'zeta_TTP', 'zeta_TPP', 'zeta_PPP', 'zeta_Bmod', 'zeta_Dmod') (U=351, N_lam=16) from table_reproduce_deployed.npz
[etl-callable] loaded 6/6 nonzero channels ('zeta_TTT', 'zeta_TTP', 'zeta_TPP', 'zeta_PPP', 'zeta_Bmod', 'zeta_Dmod') (U=351, N_lam=16) from table_reproduce_deployed.npz
[etl-callable] loaded 6/6 nonzero channels ('zeta_TTT', 'zeta_TTP', 'zeta_TPP', 'zeta_PPP', 'zeta_Bmod', 'zeta_Dmod') (U=351, N_lam=16) from table_reproduce_deployed.npz
[etl-callable] loaded 6/6 nonzero channels ('zeta_TTT', 'zeta_TTP', 'zeta_TPP', 'zeta_PPP', 'zeta_Bmod', 'zeta_Dmod') (U=351, N_lam=16) from table_reproduce_deployed.npz
[etl-callable] loaded 6/6 nonzero channels ('zeta_TTT', 'zeta_TTP', 'zeta_TPP', 'zeta_PPP', 'zeta_Bmod', 'zeta_Dmod') (U=351, N_lam=16) from table_reproduce_deployed.npz
[etl-callable] loaded 6/6 nonzero channels ('zeta_TTT', 'zeta_TTP', 'zeta_TPP', 'zeta_PPP', 'zeta_Bmod', 'zeta_Dmod') (U=351, N_lam=16) from table_reproduce_deployed.npz
[etl-callable] loaded 6/6 nonzero channels ('zeta_TTT', 'zeta_TTP', 'zeta_TPP', 'zeta_PPP', 'zeta_Bmod', 'zeta_Dmod') (U=351, N_lam=16) from table_reproduce_deployed.npz
[etl-callable] loaded 6/6 nonzero channels ('zeta_TTT', 'zeta_TTP', 'zeta_TPP', 'zeta_PPP', 'zeta_Bmod', 'zeta_Dmod') (U=351, N_lam=16) from table_reproduce_deployed.npz
[etl-callable] loaded 6/6 nonzero channels ('zeta_TTT', 'zeta_TTP', 'zeta_TPP', 'zeta_PPP', 'zeta_Bmod', 'zeta_Dmod') (U=351, N_lam=16) from table_reproduce_deployed.npz
[etl-callable] loaded 6/6 nonzero channels ('zeta_TTT', 'zeta_TTP', 'zeta_TPP', 'zeta_PPP', 'zeta_Bmod', 'zeta_Dmod') (U=351, N_lam=16) from table_reproduce_deployed.npz
[etl-callable] loaded 6/6 nonzero channels ('zeta_TTT', 'zeta_TTP', 'zeta_TPP', 'zeta_PPP', 'zeta_Bmod', 'zeta_Dmod') (U=351, N_lam=16) from table_reproduce_deployed.npz
[etl-callable] loaded 6/6 nonzero channels ('zeta_TTT', 'zeta_TTP', 'zeta_TPP', 'zeta_PPP', 'zeta_Bmod', 'zeta_Dmod') (U=351, N_lam=16) from table_reproduce_deployed.npz
[etl-callable] loaded 6/6 nonzero channels ('zeta_TTT', 'zeta_TTP', 'zeta_TPP', 'zeta_PPP', 'zeta_Bmod', 'zeta_Dmod') (U=351, N_lam=16) from table_reproduce_deployed.npz
[etl-callable] loaded 6/6 nonzero channels ('zeta_TTT', 'zeta_TTP', 'zeta_TPP', 'zeta_PPP', 'zeta_Bmod', 'zeta_Dmod') (U=351, N_lam=16) from table_reproduce_deployed.npz
[etl-callable] loaded 6/6 nonzero channels ('zeta_TTT', 'zeta_TTP', 'zeta_TPP', 'zeta_PPP', 'zeta_Bmod', 'zeta_Dmod') (U=351, N_lam=16) from table_reproduce_deployed.npz
[etl-callable] loaded 6/6 nonzero channels ('zeta_TTT', 'zeta_TTP', 'zeta_TPP', 'zeta_PPP', 'zeta_Bmod', 'zeta_Dmod') (U=351, N_lam=16) from table_reproduce_deployed.npz
[etl-callable] loaded 6/6 nonzero channels ('zeta_TTT', 'zeta_TTP', 'zeta_TPP', 'zeta_PPP', 'zeta_Bmod', 'zeta_Dmod') (U=351, N_lam=16) from table_reproduce_deployed.npz
[etl-callable] loaded 6/6 nonzero channels ('zeta_TTT', 'zeta_TTP', 'zeta_TPP', 'zeta_PPP', 'zeta_Bmod', 'zeta_Dmod') (U=351, N_lam=16) from table_reproduce_deployed.npz
[etl-callable] loaded 6/6 nonzero channels ('zeta_TTT', 'zeta_TTP', 'zeta_TPP', 'zeta_PPP', 'zeta_Bmod', 'zeta_Dmod') (U=351, N_lam=16) from table_reproduce_deployed.npz
[etl-callable] loaded 6/6 nonzero channels ('zeta_TTT', 'zeta_TTP', 'zeta_TPP', 'zeta_PPP', 'zeta_Bmod', 'zeta_Dmod') (U=351, N_lam=16) from table_reproduce_deployed.npz
[etl-callable] loaded 6/6 nonzero channels ('zeta_TTT', 'zeta_TTP', 'zeta_TPP', 'zeta_PPP', 'zeta_Bmod', 'zeta_Dmod') (U=351, N_lam=16) from table_reproduce_deployed.npz
[etl-callable] loaded 6/6 nonzero channels ('zeta_TTT', 'zeta_TTP', 'zeta_TPP', 'zeta_PPP', 'zeta_Bmod', 'zeta_Dmod') (U=351, N_lam=16) from table_reproduce_deployed.npz
[etl-callable] loaded 6/6 nonzero channels ('zeta_TTT', 'zeta_TTP', 'zeta_TPP', 'zeta_PPP', 'zeta_Bmod', 'zeta_Dmod') (U=351, N_lam=16) from table_reproduce_deployed.npz
[etl-callable] loaded 6/6 nonzero channels ('zeta_TTT', 'zeta_TTP', 'zeta_TPP', 'zeta_PPP', 'zeta_Bmod', 'zeta_Dmod') (U=351, N_lam=16) from table_reproduce_deployed.npz
[etl-callable] loaded 6/6 nonzero channels ('zeta_TTT', 'zeta_TTP', 'zeta_TPP', 'zeta_PPP', 'zeta_Bmod', 'zeta_Dmod') (U=351, N_lam=16) from table_reproduce_deployed.npz
[etl-callable] loaded 6/6 nonzero channels ('zeta_TTT', 'zeta_TTP', 'zeta_TPP', 'zeta_PPP', 'zeta_Bmod', 'zeta_Dmod') (U=351, N_lam=16) from table_reproduce_deployed.npz
[etl-callable] loaded 6/6 nonzero channels ('zeta_TTT', 'zeta_TTP', 'zeta_TPP', 'zeta_PPP', 'zeta_Bmod', 'zeta_Dmod') (U=351, N_lam=16) from table_reproduce_deployed.npz
[etl-callable] loaded 6/6 nonzero channels ('zeta_TTT', 'zeta_TTP', 'zeta_TPP', 'zeta_PPP', 'zeta_Bmod', 'zeta_Dmod') (U=351, N_lam=16) from table_reproduce_deployed.npz
[etl-callable] loaded 6/6 nonzero channels ('zeta_TTT', 'zeta_TTP', 'zeta_TPP', 'zeta_PPP', 'zeta_Bmod', 'zeta_Dmod') (U=351, N_lam=16) from table_reproduce_deployed.npz
[etl-callable] loaded 6/6 nonzero channels ('zeta_TTT', 'zeta_TTP', 'zeta_TPP', 'zeta_PPP', 'zeta_Bmod', 'zeta_Dmod') (U=351, N_lam=16) from table_reproduce_deployed.npz
[etl-callable] loaded 6/6 nonzero channels ('zeta_TTT', 'zeta_TTP', 'zeta_TPP', 'zeta_PPP', 'zeta_Bmod', 'zeta_Dmod') (U=351, N_lam=16) from table_reproduce_deployed.npz
[etl-callable] loaded 6/6 nonzero channels ('zeta_TTT', 'zeta_TTP', 'zeta_TPP', 'zeta_PPP', 'zeta_Bmod', 'zeta_Dmod') (U=351, N_lam=16) from table_reproduce_deployed.npz
[etl-callable] loaded 6/6 nonzero channels ('zeta_TTT', 'zeta_TTP', 'zeta_TPP', 'zeta_PPP', 'zeta_Bmod', 'zeta_Dmod') (U=351, N_lam=16) from table_reproduce_deployed.npz
[etl-callable] loaded 6/6 nonzero channels ('zeta_TTT', 'zeta_TTP', 'zeta_TPP', 'zeta_PPP', 'zeta_Bmod', 'zeta_Dmod') (U=351, N_lam=16) from table_reproduce_deployed.npz
[etl-callable] loaded 6/6 nonzero channels ('zeta_TTT', 'zeta_TTP', 'zeta_TPP', 'zeta_PPP', 'zeta_Bmod', 'zeta_Dmod') (U=351, N_lam=16) from table_reproduce_deployed.npz
[etl-callable] loaded 6/6 nonzero channels ('zeta_TTT', 'zeta_TTP', 'zeta_TPP', 'zeta_PPP', 'zeta_Bmod', 'zeta_Dmod') (U=351, N_lam=16) from table_reproduce_deployed.npz
[etl-callable] loaded 6/6 nonzero channels ('zeta_TTT', 'zeta_TTP', 'zeta_TPP', 'zeta_PPP', 'zeta_Bmod', 'zeta_Dmod') (U=351, N_lam=16) from table_reproduce_deployed.npz
[etl-callable] loaded 6/6 nonzero channels ('zeta_TTT', 'zeta_TTP', 'zeta_TPP', 'zeta_PPP', 'zeta_Bmod', 'zeta_Dmod') (U=351, N_lam=16) from table_reproduce_deployed.npz
[etl-callable] loaded 6/6 nonzero channels ('zeta_TTT', 'zeta_TTP', 'zeta_TPP', 'zeta_PPP', 'zeta_Bmod', 'zeta_Dmod') (U=351, N_lam=16) from table_reproduce_deployed.npz
[etl-callable] loaded 6/6 nonzero channels ('zeta_TTT', 'zeta_TTP', 'zeta_TPP', 'zeta_PPP', 'zeta_Bmod', 'zeta_Dmod') (U=351, N_lam=16) from table_reproduce_deployed.npz
[etl-callable] loaded 6/6 nonzero channels ('zeta_TTT', 'zeta_TTP', 'zeta_TPP', 'zeta_PPP', 'zeta_Bmod', 'zeta_Dmod') (U=351, N_lam=16) from table_reproduce_deployed.npz
[etl-callable] loaded 6/6 nonzero channels ('zeta_TTT', 'zeta_TTP', 'zeta_TPP', 'zeta_PPP', 'zeta_Bmod', 'zeta_Dmod') (U=351, N_lam=16) from table_reproduce_deployed.npz
[run_FF_single] done in 154.5 s
[etl-callable] loaded 6/6 nonzero channels ('zeta_TTT', 'zeta_TTP', 'zeta_TPP', 'zeta_PPP', 'zeta_Bmod', 'zeta_Dmod') (U=351, N_lam=16) from table_reproduce_deployed.npz
[etl-callable] loaded 6/6 nonzero channels ('zeta_TTT', 'zeta_TTP', 'zeta_TPP', 'zeta_PPP', 'zeta_Bmod', 'zeta_Dmod') (U=351, N_lam=16) from table_reproduce_deployed.npz
[fk] /opt/homebrew/Caskroom/miniconda/base/envs/sft-wick/bin/python /Users/zzhang/Documents/MyDrafts/STF_lensing/SFT-lensing-paper-analyses/sachs_sft/scripts/run_FF_single.py /Users/zzhang/Documents/MyDrafts/STF_lensing/SFT-lensing-paper-analyses/sachs_sft/scripts/inputs/kappa2_grid_lcut0_low_empty.npz /Users/zzhang/Documents/MyDrafts/STF_lensing/driver_field_emulators/products/table_reproduce_deployed_xi.npz
[fk] wrote /Users/zzhang/Documents/MyDrafts/STF_lensing/driver_field_emulators/products/table_reproduce_deployed_xi.npz
